tweet_id,author_id,created_at,text,response_tweet_id,in_response_to_tweet_id
2283509,504930,Sat Nov 11 10:51:41 +0000 2017,@AmazonHelp Hi! I've just realised that I've been charged twice for an item that I pre-ordered and hasn't even been dispatched yet.,2283508,
1693696,220654,Mon Nov 06 21:30:33 +0000 2017,@AmazonHelp FYI I’ve sat in my house since 11am this morning waiting on a undelivered item. I expect to be compensated.,,1693695.0
2533205,720879,Mon Oct 30 12:11:18 +0000 2017,@115850 @AmazonHelp always disappointing. Never deliver order on time every after havng prime membrshp,2533203,
2321081,668970,Mon Nov 13 13:51:19 +0000 2017,@AmazonHelp こんな独り言にご回答してくださってありがとうございます笑 とてもお得なサービスだと思っているので解約はよく検討してからにしようと思います。,2321080,2305781.0
565801,252619,Sun Dec 03 01:55:54 +0000 2017,@AmazonHelp Thank you I will use the link to chat w/in Amazon. Appreciate it.,,565800.0
2740676,767787,Mon Nov 20 16:51:02 +0000 2017,"@AmazonHelp Hi gang, quick question. I want to buy a book in the Dutch Kindle store written in Dutch. I normally buy English books from the .com site in English. Will I still be able to buy English books from the US store if I switch my account to the .nl site?",2740675,
317452,191764,Sat Oct 07 16:49:56 +0000 2017,@AmazonHelp Es geht noch immer nicht. Was ist denn das Problem?,,317449.0
1223220,130878,Tue Nov 07 07:32:21 +0000 2017,@407008 @AmazonHelp @40624 @221482 @134046 @18775 @50291 @136912 @24147 @17961 @119737 @7147 @131187 @136083 @120330 @174713 @17961,,1223218.0
1181645,397889,Mon Oct 16 00:10:42 +0000 2017,"@AmazonHelp Took 25 minutes to get to Seller Support, then they try to tell me I have to set up a new account, which is clearly wrong.",,1181642.0
986215,307419,Mon Oct 16 14:05:33 +0000 2017,@AmazonHelp I have not received from u. Cust care has scheduled the pick-up tomorrow early in the morning. In any case please refund my money.,986216,986213.0
635642,270736,Wed Nov 22 16:55:01 +0000 2017,@AmazonHelp I gave you all details but no reply from you..,635641,635643.0
1101930,380009,Tue Oct 24 08:59:31 +0000 2017,"@AmazonHelp I dont think it was, i dont normally tick the box for gifts but i will in future",1101931,1101929.0
1137258,387900,Wed Oct 25 07:59:08 +0000 2017,@AmazonHelp @146956 @144775 when I'll get solution ?,1137257,1137259.0
456512,223408,Fri Dec 01 00:57:20 +0000 2017,"@AmazonHelp It’s far more than the actual product now, it’s about illegal goods being sold through your website. Again, I’ll fill out the forms but I have a problem with this illegal activity and would love to get a real response.",,456511.0
23037,121014,Sat Nov 25 11:48:26 +0000 2017,@AmazonHelp I sent an email to customer service and I got no answer,23042,23032.0
320629,192393,Sat Oct 07 12:42:54 +0000 2017,@AmazonHelp as the item in question is a phone that's a little tricky...,320630,320628.0
1250224,413306,Mon Oct 16 04:05:50 +0000 2017,@AmazonHelp I have NEVER left a chat session satisfied every time you make statements you cannot honour and then just offer more free prime,,1250220.0
395293,169172,Sun Aug 27 18:48:10 +0000 2017,@AmazonHelp @115830 @115851 371st day requesting any kind of response,395294,395292.0
1211146,404279,Wed Oct 25 12:26:48 +0000 2017,@AmazonHelp idem.,,1211145.0
1626636,498076,Sun Nov 05 18:36:57 +0000 2017,"@AmazonHelp I don't see Pime Reading in the list of shareable benefits. if this is not the complete list, then where is that? https://t.co/ZxbVn7zqCT",1626634,
861307,324511,Sat Oct 21 23:32:19 +0000 2017,@AmazonHelp Dm plz,,861306.0
18923,120227,Sun Nov 05 12:34:47 +0000 2017,@AmazonHelp Is there any update??,18924,18921.0
205068,164572,Wed Oct 04 23:49:25 +0000 2017,@AmazonHelp I admit a nice rep of yours just called me. She recommended I give up &amp; take the refund. That's NOT encouraging me to shop with you again,205067,205069.0
2538974,722085,Fri Nov 17 04:54:32 +0000 2017,@AmazonHelp @115851 pls read and act on the tweeter responses. Everything is highligted and i have already written the issues here. I am fed up and exhausted. @115821,2538975,2538973.0
2691720,756661,Sun Nov 19 18:03:00 +0000 2017,"@AmazonHelp Thanks, have done so. For some reason it’s hard to find ‘Contact us’ on your app/site. Would be great if that was easier to do!",,2691719.0
242910,161050,Sun Oct 08 09:12:19 +0000 2017,@AmazonHelp R u guys fooling us around,,242908.0
465085,134255,Mon Nov 20 02:25:36 +0000 2017,@AmazonHelp Oh man her tail is twitching with excitement!,,465084.0
319508,192180,Sat Oct 07 10:55:52 +0000 2017,"@AmazonHelp tried watching Practical Magic on Amazon Prime UK, but there's no vocal soundtrack when it's playing. Other movies/tv play fine",319506,
2752419,215760,Tue Oct 31 19:58:02 +0000 2017,@AmazonHelp Ho ricevuto per 2 volte una richiesta di addebito di cui la 2 nulla dello stesso addebito e il messaggio ricevuto è paga se lo vuoi è assurd,2752421,2752418.0
536562,244324,Sat Dec 02 13:17:41 +0000 2017,"Bonjour @AmazonHelp, Dites j'attends depuis le 19 novembre un remboursement dont vous avez reçu le produit. Chaque jour on me dit que cela sera fait aujourd'hui. La satisfaction client n'est plus votre priorité pour Noël ?",536561,
297406,186835,Fri Oct 06 19:03:59 +0000 2017,@AmazonHelp Samsung S8 64GB SIM-Free Smartphone - Midnight Black (SM-G950F) https://t.co/hmreD5QInj,,297404.0
959395,347622,Sat Oct 14 02:31:46 +0000 2017,"Well damn, first crappy experience moving to this neighborhood is AMZL_US. Pretty awful @AmazonHelp, bet @123967 could offer some advice.",959394,
253966,176370,Thu Oct 05 18:19:21 +0000 2017,@AmazonHelp Even done this ... What is next step ? How I will get my order..,253967,253965.0
1457245,217075,Thu Nov 02 20:33:09 +0000 2017,@AmazonHelp US perhaps? I live in Europe (Norway),1457247,1457244.0
234167,171760,Thu Oct 05 13:23:45 +0000 2017,"@AmazonHelp Ya, right. If you were so concerned about the order, it'd have been delivered already / refund processed",,234165.0
825866,316695,Fri Oct 13 00:52:21 +0000 2017,@AmazonHelp I have had an cc act with you and always pd my Bill on time. I spent a lot of money.would pay on the acct every week. Due to a rtn on pymt,,825864.0
2762745,772884,Tue Nov 28 04:03:44 +0000 2017,@AmazonHelp yes the fraud has happened thrice imagine without amazon help how it will get deduct from my account. I am not a prime member of Amazon. Beneficiary is amazon.  If you really catch the culprit  can check the account  address and email of the person making frauds from credit card,2762747,2762744.0
1379511,413434,Sat Oct 28 04:47:30 +0000 2017,@AmazonHelp I requested return option after some days but no one came to pick up then I called customer care and he said not able to c my return request,"1379517,1379518",1379509.0
126099,144294,Thu Nov 23 09:21:19 +0000 2017,@AmazonHelp Please update me with a realistic timeline,126098,126100.0
841252,320144,Tue Jul 04 16:42:40 +0000 2017,@AmazonHelp Are you? You give me explanation of lies on my order status.!!,841251,841253.0
1270311,417102,Mon Oct 16 09:05:40 +0000 2017,@AmazonHelp was just checking -what will happen if i order a new phone now  - Estimated delivery:  20 Oct 2017 - 23 Oct 2017 is what your website says!,1270321,1270309.0
1745610,526337,Tue Nov 07 15:03:56 +0000 2017,@AmazonHelp Just by the 9th which isn’t next day delivery. It’s a pain when all confirmed in stock &amp; is now delayed. Should’ve just gone to the shops !,,1745608.0
2571341,208425,Mon Oct 30 17:26:01 +0000 2017,"@AmazonHelp ich kann es beheben (bankeinzug wieder auswählen) dann ist es grün, wenn ich neu drauf gehe ist wieder zahlungsart falsch https://t.co/Vx8EujAEWW",2571338,
780306,182215,Thu Oct 12 09:44:57 +0000 2017,@AmazonHelp This case is already in your notification from last 20-25days.there is no use of your position.,780308,780305.0
1126675,208722,Sun Oct 15 15:34:49 +0000 2017,"@AmazonHelp @118919 @115850 @115821 @118919 @115850 @115821 @AmazonHelp #amazon #news ""then why did you allow a similar post on packaging? And why scared?"" (3/3) https://t.co/NcziVaIeiP",1126676,1126667.0
742379,297511,Wed Oct 11 16:10:55 +0000 2017,@AmazonHelp Bonne soirée,742380,742378.0
707854,289221,Tue Oct 10 22:05:40 +0000 2017,@AmazonHelp Como me temía os laváis las manos... Muchas gracias,,707853.0
490489,231843,Fri Dec 01 16:47:02 +0000 2017,"@AmazonHelp In account (amazon.ca), order tracking says expected delivery is Nov. 30th. Input tracking in Canada Post, all it says is ""Electronic information submitted by shipper"" on Nov. 29th. Where is my order? (702-8724264-3738610)",490488,
2488954,710769,Sun Nov 26 19:12:50 +0000 2017,@AmazonHelp No you've not but my understanding of prime was next day delivery not when you confirm it for 4 days later,2488953,2488955.0
350490,199383,Sun Oct 08 08:25:04 +0000 2017,@AmazonHelp Tying to order @951 Moto G5S plus with cost emi using axis bank credit card. But its adding the interest!! Help?,"350491,350489",
314015,123622,Sat Oct 07 05:51:11 +0000 2017,"Dear
Amazon team i call continue amazon hepline no but disconted call
Today now call me back
9773388355
7666616852
(1)@AmazonHelp @115850","314014,314016",
1311435,426447,Fri Nov 10 15:42:34 +0000 2017,"@AmazonHelp Sir, Few days back it was not required. You keep turning this feature off and on. GIve us the option to decide our security, dont force it on us",1311437,1311434.0
2536343,721542,Thu Nov 16 11:09:38 +0000 2017,@AmazonHelp Yes I did,2536344,2536342.0
2008252,593846,Wed Oct 18 19:20:22 +0000 2017,@AmazonHelp did you guys discover time travel and dind't tell? https://t.co/6YgONeMkxE,2008250,
322020,192720,Mon Oct 09 13:33:48 +0000 2017,"@AmazonHelp Ich denke, Amazon will einfach nicht. Trotz mehrfachen Telefonaten und schriftlichen Beweisen, wird man ignoriert und abgezockt!!!!",322022,322019.0
622528,267757,Wed Nov 22 17:25:37 +0000 2017,@AmazonHelp Hi. I still haven’t been contacted about this. Please help.,622527,622529.0
936675,342049,Sat Oct 21 19:22:31 +0000 2017,@AmazonHelp I'm not just giving you brief. Look me up: __email__. Look how many books I buy from you.,,936674.0
1492657,466633,Mon Oct 16 22:18:30 +0000 2017,@AmazonHelp why have a guarantee delivery date if all you do is change it to a new day once you're going to be late,1492655,
971029,294193,Sun Oct 22 15:53:11 +0000 2017,@AmazonHelp There is no patience left AMAZON with the way i am getting the response over the e-mails. You should have a look at them,971030,971028.0
619241,266941,Wed Nov 22 15:04:29 +0000 2017,@AmazonHelp yes. Time was today before 8:00 pm IST,619242,619240.0
723300,293193,Wed Oct 11 03:21:00 +0000 2017,"@AmazonHelp それとAmazonマーケットプレイスも一度だけ試してみましたが出品者側は全額返金ではなく一部返金ってことになりました。
返金されたお金はAmazonギフト券としてなってますが、こちらの方がよくわからなくて今はまだなにもやってません。",723301,723271.0
1206173,367798,Wed Oct 25 09:15:44 +0000 2017,@AmazonHelp I will send a DM now regarding this,,1206172.0
834406,318695,Fri Oct 13 17:48:00 +0000 2017,"@AmazonHelp Hi team, i have received the missing Product today evening 
Thanks for the quick response","834407,834408",834404.0
2728875,300356,Mon Nov 20 14:54:13 +0000 2017,@AmazonHelp Glad my order was sent in good packaging for the £6 you charged me! Not sure it was worth the money. What do you think? https://t.co/DDHdz98fQF,2728873,
109815,140384,Thu Nov 23 20:12:49 +0000 2017,@AmazonHelp Doesn't say who the carrier is...or at least I'm struggling to find it but I do have the tracking id which is Q22645230353,109817,109814.0
2601403,736319,Fri Nov 17 08:07:32 +0000 2017,@AmazonHelp And amazon initially returned $17 and charged me a restocking fee ... so you see why I am upset???,,2601402.0
1323274,428803,Mon Oct 16 12:41:42 +0000 2017,"@AmazonHelp Ok, obrigada.",1323275,1323273.0
2547067,723880,Thu Nov 16 15:11:04 +0000 2017,@AmazonHelp I don't know but your delivery team sucks! I have been given other branch numbers to know the status.,2547069,2547066.0
96724,137107,Thu Nov 30 16:30:17 +0000 2017,"@AmazonHelp  @115821 placed an order, paid for expedited shipping. Wasn't delivered by 9PM as promised. How do I request refund of paid shipping that didn't happen? Thanks.",96723,
605093,263833,Wed Nov 22 10:35:44 +0000 2017,"@AmazonHelp Submitted the form. Now can you ensure to deliver my order today?
@115821 @119356 https://t.co/W93J7zb8RR",605091,605106.0
964207,180868,Sat Oct 14 03:48:50 +0000 2017,@115821 @AmazonHelp,964206,964208.0
749699,299203,Wed Oct 11 18:05:41 +0000 2017,@AmazonHelp Únicamente dice Fecha estimada pendiente!!,749700,749698.0
173402,156593,Fri Nov 24 23:33:52 +0000 2017,"@AmazonHelp Cleared cache, restarted browser, logged in, same thing: wishlist shows low price, item page shows higher price. I'm in Toronto (Canada) but shopping on https://t.co/lZu0kIUQyd - is that making a difference?",173403,173401.0
282487,183298,Fri Oct 06 11:56:33 +0000 2017,Horrible service ! @AmazonHelp. Ordered for Cot 2weeks ago.Nobody came for installation yet in spite of 10-12 calls. HELP !!!,282486,
1241087,411112,Wed Oct 25 22:34:46 +0000 2017,"@AmazonHelp No, no email updates to be found",1241089,1241086.0
238915,147145,Sun Sep 24 07:19:29 +0000 2017,@AmazonHelp I am not sure what has happened as the account isn't showing me the same. But the bank statement showing two debits.,238914,238916.0
551980,248650,Sat Dec 02 19:22:22 +0000 2017,@AmazonHelp Chronopost,,551979.0
581863,257144,Sun Dec 03 13:41:52 +0000 2017,@AmazonHelp It's impossible. My partner is on your site but there is no help . I have given you the order number. Plse look it up and see the problem.,581865,581862.0
1578740,486188,Sat Oct 28 22:39:13 +0000 2017,@AmazonHelp This was after I was told had to wait until carrier had for them to upgrade to ensure arrived in time,1578743,1578739.0
254029,176383,Thu Oct 05 18:40:01 +0000 2017,"@AmazonHelp I thought it was same form by sign in screen, sorry.  I have done it now. Thanks",254031,254028.0
894257,332323,Fri Oct 20 21:44:50 +0000 2017,@AmazonHelp @332321 Wow this is awful :/ hopefully amazon can resolve this issue!!,,894254.0
531694,243170,Sat Dec 02 11:01:12 +0000 2017,@AmazonHelp ok thanks for the explanation glad to know it's not just me 😃,,531693.0
52942,127923,Wed Nov 01 18:07:38 +0000 2017,"@AmazonHelp ...but you sent the 1st one to me as soon as it was released, free of charge. Neat! But apparently it ended up in Austria (I am in Oslo)...",52941,52943.0
789731,183541,Thu Oct 12 11:29:37 +0000 2017,"@AmazonHelp @115850 @115851  
Phrase: Big RICH company, Good marketing, worst service.
One word: AMAZON.","789729,789733",
649698,274437,Wed Nov 22 21:11:16 +0000 2017,@AmazonHelp It is saying it has been delivered at my back door or porch which I have neither. I've asked neighbours and they've not taken it in either. I've spoke to customer services and they've processed a refund,,649697.0
2304212,219089,Sun Nov 12 20:16:28 +0000 2017,@AmazonHelp If we know there is a chance you can't deliver we'll buy from the high street,,2304211.0
426129,216357,Tue Oct 10 12:10:37 +0000 2017,@AmazonHelp Q68307858043,426131,426128.0
2369576,683839,Tue Nov 14 00:27:27 +0000 2017,"@AmazonHelp Cable para mi #Garmin 630 y heart rate también garmin, estoy por hacer otro pedido ya un descuento no? 😂😂😂😂 gracias por cumplir con el tiempo de entrega!!",2369578,2369575.0
784744,307265,Thu Oct 12 07:46:54 +0000 2017,@115850 @AmazonHelp @115821 EVEN aftr 3ice escalation 4 Order #404-0175926-6727564 through chat call the order was not delivered by 1pm,784742,
1868775,558209,Wed Oct 18 08:58:22 +0000 2017,@AmazonHelp Thanks but can't find it in the app. Customer service rep also denied of this feature. Pls help.,1868777,1868774.0
1545240,478414,Sat Nov 04 06:09:14 +0000 2017,@AmazonHelp I have done the needful.,1545241,1545239.0
179548,158292,Wed Oct 04 09:03:40 +0000 2017,Battlefront 2 Beta code: comes up with ‘You might need to redeem it on a different webpage’. I dont. Help?@XboxSupport @115830 @AmazonHelp,179546,
1041779,366369,Tue Nov 21 00:37:16 +0000 2017,@AmazonHelp It was USPS...was scheduled for weekend delivery,1041777,1041783.0
2124915,507017,Wed Nov 08 19:02:56 +0000 2017,"@AmazonHelp Hi, it's now been updated and is showing as coming tomorrow. What is the point in advertising it as 1 day delivery if it's not? https://t.co/yd8oRZBMgP",,2124913.0
1387325,442804,Sat Oct 28 15:21:51 +0000 2017,"@AmazonHelp Viel bringt mir das auch nicht, Spiel kommt ja zu spät",1387327,1387324.0
1178889,149041,Wed Oct 25 19:02:23 +0000 2017,@AmazonHelp Am Saswata Sekhar Sen alias Sekhar Sen!submitted up2date info 2 d page directed:Gv me contact details of d seller:jonyjony_tiny!,1178892,1178887.0
969895,170046,Sun Oct 22 06:58:25 +0000 2017,@AmazonHelp Noted,969894,969896.0
57460,128484,Wed Nov 01 19:11:42 +0000 2017,@AmazonHelp There is no option to hide Pantry products from Prime searches. This is annoying and scammy behavior.,57459,55064.0
69609,131776,Thu Nov 30 10:23:09 +0000 2017,@AmazonHelp In the last 30 mins? No.,69610,69608.0
64214,130736,Wed Nov 29 13:07:09 +0000 2017,"@AmazonHelp Been waiting for my order for over a week now, the first time it said it was “delivered” at 11:45pm 🤔 now the replacement said attempted delivery last night when I was sat in waiting all evening...customer service are useless.",64213,
179284,158252,Thu Sep 28 12:14:04 +0000 2017,@AmazonHelp A malformed URL in the signature /2 https://t.co/u7iPFshZY4,179283,179285.0
1072102,372991,Sun Oct 15 08:39:54 +0000 2017,"@AmazonHelp 繋がりにくいのですが…
ほかに方法はありませんか？",1072105,1072100.0
2403028,691292,Sun Oct 29 08:45:24 +0000 2017,@AmazonHelp Have explained the situation to 10 different people from amazon and everyday all I get is False commitments.,2403029,2403025.0
1569596,484129,Sat Nov 04 21:01:31 +0000 2017,@AmazonHelp Should have been release day: Nov 3rd. Pre-order w/ release day delivery. Others I know who bought it have already received it.,,1569595.0
812394,313581,Sat Nov 25 10:52:29 +0000 2017,@AmazonHelp But that doesn’t tell me about your Key Performance Indicators for sellers! At what level of negative feedback do you investigate poor sellers?,812395,812393.0
71857,132125,Thu Nov 30 11:41:27 +0000 2017,"@AmazonHelp this is heights of everything now. In emails your don't respond or send fake timelines, on social media you redirect to email and on customer care number you disconnect calls without any info. 

Please let me know what I do. Where I can get my hard earned money back.",71859,71856.0
226327,170030,Thu Oct 05 07:13:07 +0000 2017,@AmazonHelp I want to solution at the earliest and give my money and interest and all that has Been charged back,,226326.0
1730219,522879,Tue Nov 07 11:36:09 +0000 2017,@AmazonHelp Your  website says arriving today ... order detail says dispatching soon ...,1730222,1730217.0
1490368,122104,Mon Nov 27 01:40:04 +0000 2017,@AmazonHelp Is there an online way to do this? An email? Or a link to report missing items?,1490369,1490367.0
294718,186203,Fri Oct 06 18:04:28 +0000 2017,@AmazonHelp I already called your cc and there are like we are sorry but we can't do anything from our side.,"294721,294722",294717.0
392602,208979,Mon Oct 09 16:41:35 +0000 2017,@AmazonHelp @AmazonHelp I'm surprised how you manage to retain customers at this rate,392600,392615.0
483839,230095,Fri Dec 01 14:45:43 +0000 2017,"@AmazonHelp Please can you inform me when it will now arrive? Can I also ask for a refund as I ordered it on the basis it would arrive 30th November as I had the day off work to collect all my parcels, and it is now late &amp; not happy as haven't even had an email to inform me of the delay.",483841,483838.0
1618382,180358,Sun Nov 05 15:38:12 +0000 2017,@AmazonHelp @115851 pls change your @119625 search engine . It’s not at all useful.,,1618381.0
402219,211137,Mon Oct 09 20:04:47 +0000 2017,"@AmazonHelp No, that is precisely why I am so confused/frustrated.",402217,402220.0
2317661,273330,Mon Nov 13 09:15:05 +0000 2017,"@AmazonHelp hiya I have sent you a DM to help me with something, thanks x",2317660,
2526246,306845,Thu Nov 16 04:28:21 +0000 2017,@AmazonHelp can't customer service just do this for me? i can no longer cancel or contact from this device &amp; have no others.,2526248,2526245.0
2633015,743441,Fri Nov 17 19:45:48 +0000 2017,@AmazonHelp Thank you for understanding my pain,2633016,2633014.0
984069,353137,Sat Oct 14 13:49:54 +0000 2017,@AmazonHelp This is one of yours though? And Amazon took measures to protect my account before I changed my password? https://t.co/a6Ug2mb67B,"984071,984072",984068.0
1338573,432227,Mon Oct 16 13:17:08 +0000 2017,@AmazonHelp bonjour. Est-ce que c’est normal mon colis a été « livré » un samedi matin alors que personne n’était chez moi ?,"1338571,1338574",
801626,172598,Sat Oct 14 05:17:54 +0000 2017,"@AmazonHelp I don't care 😠 still no sms or email!!
#Disgusting #Worst_Service #Shitty_Customer_Care @115850 #Cheater",801627,801625.0
427807,216733,Tue Oct 10 13:23:23 +0000 2017,@AmazonHelp No delivery time hence this proves it was not delivered nor I didn't get any call from the delivery executive which normally happena https://t.co/Ki8HV8jDNb,,427804.0
328595,194353,Sat Nov 25 04:24:33 +0000 2017,"@AmazonHelp si no van a cumplir con fechas de entrega, no hagan promesas falsas..., ¿cuándo tengo mi paquete? https://t.co/2iMt4k4XLz",328593,
1076290,373968,Tue Oct 24 11:00:15 +0000 2017,"@373967 @AmazonHelp Hi,
Request you to kindly DM us your email id/ phone number registered with Servify to assist you further.",1076293,1076287.0
218132,168004,Thu Oct 05 04:03:40 +0000 2017,@AmazonHelp そいう返信とかどうでもいいですから、amazonレビューを投稿した際にamazonで購入したにも関わらず『amazonで購入』ラベルがレビューに付かない（もしくは消えている）現象が一部商品で起きる仕様をどうにかして下さい💢💢💢,218134,218131.0
1292085,422160,Thu Oct 26 21:11:56 +0000 2017,@AmazonHelp Thanks guys spoke to Rajesh in the chat seems to be all sorted now thank you for the assistance!,1292087,1292084.0
799712,310575,Tue Nov 21 10:01:27 +0000 2017,"@AmazonHelp Also, the website says there are 11 in stock. What's going on?!",799716,799710.0
15442,119403,Fri Dec 01 14:03:26 +0000 2017,@AmazonHelp Hey so my package has not arrived yet. Can I get this sorted please,15445,15441.0
394402,209454,Mon Oct 09 18:08:21 +0000 2017,@AmazonHelp CC - @115850,,394399.0
1376032,440329,Sat Oct 28 02:31:57 +0000 2017,@AmazonHelp Amazon,,1376031.0
601341,262657,Sun Dec 03 21:15:51 +0000 2017,@AmazonHelp It doesn't even say to wait for one. What's the point of pickup where you have to wait for shipping? Just ship it to my house then.,,601340.0
271568,180805,Fri Oct 06 02:23:59 +0000 2017,@AmazonHelp something's wrong. Turned on Prime Only in search but item in upper right is not prime and ships from China. Almost bought!! https://t.co/eqReSurwVz,271567,
544355,246483,Sat Dec 02 17:50:37 +0000 2017,@AmazonHelp I am watching it right now. And they are off. Why is it happening to me?,544356,544354.0
871085,326822,Fri Oct 20 20:36:07 +0000 2017,@AmazonHelp Done,,871084.0
2470218,706579,Wed Nov 15 10:23:14 +0000 2017,"@AmazonHelp @115821 amazing service, it's being 3 days order not received yet, first it gets delivered to wrong area, then he calls me saying we'll deliver it next day or you can come and collect, next 2 days I get 6 calls for we're delivering but still nothing in sight.",2470217,
1400591,445657,Sat Oct 28 17:04:53 +0000 2017,"@AmazonHelp Cont.

Amazon is great and all, but AMZL_US is really dragging you down, even if it does save money, it does not save face.",,1400590.0
320853,192442,Mon Oct 09 23:23:17 +0000 2017,"@AmazonHelp want 2 apologize for my frustration about time of shipment, just realized postal holiday, So Tuesday would be on time!",320854,320852.0
728461,294519,Sat Sep 23 10:38:40 +0000 2017,"@115821 @AmazonHelp @115850 @14862 @218245 @131027 @14863 @1560 There is no solutions provided by the service center, they have given me the estimate and asked to mail you so you give approval to pay",728459,728471.0
2454468,703119,Wed Nov 15 03:35:47 +0000 2017,@AmazonHelp lets hope,,2454467.0
564974,252362,Sun Dec 03 11:26:48 +0000 2017,"@AmazonHelp Buenas, como ya he dicho os he mandado un mensaje por MD y no me contestáis",564975,564973.0
2352201,667384,Mon Nov 13 18:17:32 +0000 2017,@AmazonHelp Hi I'm a prime member and ordered an item over 10 days ago for next day delivery and it still hasn't turned up. Can you help as app or website doesn't have a option for this problem thank you,2352199,
2146763,631064,Wed Nov 08 19:32:07 +0000 2017,"@AmazonHelp Guten Abend! Ich habe einen Helm gekauft in der Größe S, da die in der Produktbeschreibung angegebenen Maße für S für meinen Kopf passend waren. Leider passt der Helm überhaupt nicht und der Verkäufer will die Rücksendekosten nicht übernehmen. Was kann ich tun? Danke!",2146762,
1311439,426448,Tue Nov 21 19:11:11 +0000 2017,"@AmazonHelp j'ai recu une message vocale de la part d'amazon qui indique le colis est arrive au point de retrait. con que je suis j'ai cru que c'est vrai. chez point de retrait, aucun colis a mon nom. c'est vraiment honteux...",1311441,1311438.0
682546,282892,Sat Oct 21 13:39:32 +0000 2017,"@AmazonHelp I did sign up for it, I get the digital access but it says I have none, see https://t.co/NIRcjvpdAp",682547,682545.0
331331,194888,Sat Oct 07 18:32:22 +0000 2017,@AmazonHelp Sir apke executive ne jo answer diya he wo abhi tak mind me gum rha he agr esi problam ko public me show nhi krenge to unhe pta kese chalega,,331330.0
142131,148075,Fri Nov 24 12:38:15 +0000 2017,"@AmazonHelp Hi - It was an email saying we miss you and then ""We'd like to offer you this exclusive promotional code, giving you £10 off any qualifying order of £50 or above on items sold on https://t.co/2WIaSHztbH. Your coupon code is valid until 22 December 2017.""",142133,142130.0
120167,142678,Thu Nov 23 23:12:01 +0000 2017,"@AmazonHelp Si,y su respuesta fue varias veces que no habia disponible y a la quinta vez,me dejo a la espera y me dijo que ya estaba todo OK y que me enviaba un email,yo pregunté si se me enviaría y me confirmó...y no veo ningún cambio en el pedido",120169,120166.0
490587,141265,Mon Nov 27 16:10:58 +0000 2017,@AmazonHelp Promised phone call at 2 and no sign yet.. 2 hours later. Where is my product?,"490586,490588",490589.0
1736152,131779,Tue Nov 07 14:03:11 +0000 2017,Hi @AmazonHelp - is it possible to get help on an order I haven't placed yet? Your website doesn't seem to allow it.,1736150,
1357698,436539,Mon Oct 16 14:12:51 +0000 2017,@AmazonHelp starting to doubt prime is worth it. The eta of my orders lately all went later then told while ordering,1357696,
854325,322913,Fri Oct 20 16:08:35 +0000 2017,@AmazonHelp Thankyou. Done already. Will be refunding and buying from local bookshop.,,854324.0
643767,317123,Fri Oct 20 04:57:38 +0000 2017,"@272838 @AmazonHelp Al details shard 6 days ago. stil no solution/refund/sensible reply from @115850
https://t.co/zaG0GpFCGV  @115851 what the hell is this","827537,827538",643766.0
1243353,411688,Wed Oct 25 23:30:03 +0000 2017,@AmazonHelp https://t.co/LF9O1boQAq,1243355,1243352.0
1377712,324486,Sat Oct 28 03:46:58 +0000 2017,@AmazonHelp I want 25 October result for ........???????   #iPhone8AppQuiz,1377715,1377711.0
1089795,377110,Mon Oct 23 19:14:21 +0000 2017,"@AmazonHelp Solo quiero mi reembolso, pagué envío rápido y tengo 2 putas semanas esperando, no qué eran muy responsables? empresa chafa. 2/2",1089794,1089796.0
762431,157765,Wed Oct 11 20:59:14 +0000 2017,"@AmazonHelp Le indico por segunda vez , que la reclamación ya estaba hecha antes de enviar el Twitter...... y como no , callada por respuesta .",762433,762430.0
528216,242309,Sat Dec 02 15:39:16 +0000 2017,"@AmazonHelp @242290 Also amazon uk told people there is new law , and that is not correct !!!!!!?",,528212.0
2484055,709645,Wed Nov 15 15:30:45 +0000 2017,"@709647 @AmazonHelp @135806 Eso mismo voy a hacer esta misma tarde, Keco. ¿Dónde lo haces en la misma oficina de Correos?",,2484045.0
2355300,680450,Fri Nov 24 06:23:41 +0000 2017,@AmazonHelp When are you going to release this £1?! There was no need for you to hold it in the first place and it is the principle!!!,,2355298.0
1118563,383919,Tue Oct 24 06:04:34 +0000 2017,"@AmazonHelp How should i talk to customer care people ? 
Before i used to speak to them directly...",1118564,1118562.0
349412,199166,Sun Oct 08 06:18:20 +0000 2017,@AmazonHelp How many times do i need to complain??since aug my issue is unresolved.. https://t.co/96fiDbtrWY,349409,
1715309,519490,Tue Nov 07 05:09:07 +0000 2017,@AmazonHelp This clearly an automated response machine because it doesn’t seem like this conversation is going anywhere. Seriously disappointed @115821,,1715305.0
1609089,494043,Sun Nov 05 10:39:52 +0000 2017,@AmazonHelp 画像忘れてました🙏 https://t.co/WvZRNJVUod,,1609087.0
43639,125681,Sun Nov 26 02:43:06 +0000 2017,@AmazonHelp I shall do that. Thanks a bunch!,,43638.0
1157941,392392,Tue Oct 24 16:31:04 +0000 2017,"@AmazonHelp No. I had to log in &amp; check the status. Listed other items as late on the splash screen too, but listed them as delivered when I clicked. ?",1157943,1157940.0
1057969,369796,Sat Oct 14 21:24:50 +0000 2017,@AmazonHelp I figured it out with help from Justin. I must be getting old. lol Thanks!,,1057968.0
128732,144963,Fri Nov 24 05:00:50 +0000 2017,@AmazonHelp Yes. I called but I was told KDP is closed for the day. When can I call again?,128731,128733.0
2279045,662620,Sat Nov 11 20:00:07 +0000 2017,@AmazonHelp Still not here! 😡😳 what’s the point in playing for prime if you don’t get the items when promised,2279047,2279044.0
264441,179014,Wed Nov 08 09:14:03 +0000 2017,@AmazonHelp Yes. I have updated. The music is not the only issue.  I just confirmed with @82977 they are having IP6 issues UPC as an ISP is unreliable,264443,264440.0
529056,242503,Sun Dec 03 06:04:44 +0000 2017,@AmazonHelp #Amazonindia #cheaters #JEFFBEZOS one thing I will make sure that u get a negative publicity by taking away your customers money,529057,529054.0
1096615,231824,Sun Oct 15 12:51:59 +0000 2017,"@AmazonHelp The closest match is Invoice &gt; Ask for an invoice, which only works for a single part. That seems to be a bug in your interface.",1096618,1096612.0
1456356,458029,Thu Nov 02 19:55:57 +0000 2017,@AmazonHelp ok i will wait for your call..,1456354,1456357.0
2565547,499853,Thu Nov 16 19:22:55 +0000 2017,@AmazonHelp Thanks! I’m on my iPhone right now but can switch to a laptop or iPad if need be.,,2565546.0
650106,146750,Sat Nov 25 06:51:26 +0000 2017,@AmazonHelp are returns through Royal Mail free?,650104,
471502,142943,Fri Dec 01 08:49:51 +0000 2017,"@AmazonHelp Saturday, December 2 - 
Thursday, December 7 but it hasn’t started shipping yet that I can see on my order status",471501,471503.0
1599256,473447,Sun Nov 05 03:43:48 +0000 2017,@AmazonHelp annoyed that my NEW book arrived bent and creased today. https://t.co/cUHOfkqAg8,"1599257,1599255,1599258",
1343563,133888,Fri Oct 27 16:09:51 +0000 2017,Ich bin so verzückt über @AmazonHelp ... #MADEMYDAY Danke an S. für die Rückmeldung...,1343562,
1623923,497410,Sun Nov 05 17:46:27 +0000 2017,"Klarer Phishing-Versuch @AmazonHelp | Die Mail wurde an eine @80902 - Adresse geschickt, über die kein @116316 - Konto läuft. https://t.co/2BGYptLQCD",1623920,
1353466,435651,Mon Oct 16 18:24:51 +0000 2017,@435650 @AmazonHelp @4496 Pues #ojocuidado que con @73317 ocurre 3/4 de lo mismo. Lo de los servicios de mensajería es de traca,,1353463.0
134890,146405,Fri Nov 24 09:33:22 +0000 2017,@AmazonHelp It's still the same as the screenshot i posted in first message,134891,134889.0
1217528,405692,Wed Oct 25 15:57:48 +0000 2017,"@AmazonHelp Canada. Delivery is to Toronto, ON.",1217530,1217527.0
980737,352539,Sun Oct 22 06:30:44 +0000 2017,"@AmazonHelp Thank you for reaching out, it is just frustrating especially this close to Halloween",980739,980736.0
2279696,662762,Sat Nov 11 19:26:59 +0000 2017,"@AmazonHelp ""Premiumversand"" *seufz* https://t.co/aK6lsDM8Tc",2279695,
1234717,409602,Wed Oct 25 23:03:32 +0000 2017,@AmazonHelp It’s an SD card. How long can it take to process!! It’ll be 6 days by the time it’s scheduled to arrive. 6! Not even close to 2!,,1234716.0
1937381,576352,Thu Nov 16 16:24:22 +0000 2017,"@115817 @UPSHelp @115821 @AmazonHelp
Some real TLC with my package here, guys. Did you run it over with the truck before you loaded it?! https://t.co/w6dahMo91w","1937382,1937380",
1289725,122220,Thu Oct 26 20:15:59 +0000 2017,@AmazonHelp Der 3.11 zum Release Datum ! Habe noch nie vorbestellt deswegen Neuland,1289726,1289724.0
105008,139200,Thu Nov 30 18:36:51 +0000 2017,"@AmazonHelp It doesn't show a carrier, that's all I can see. I ordered it as a ""same day"" delivery. Would you like me to message you the order number?",105007,105009.0
1008476,358640,Mon Oct 23 07:33:21 +0000 2017,@AmazonHelp Please dont direct me to your customer service. I need writtn explaination here s 2 y dis fraud ws committed failing which I will file a FIR,"1008478,1008479",1008475.0
1307235,425472,Fri Oct 27 03:50:30 +0000 2017,@AmazonHelp Do have a look at it,1307236,1307233.0
2485648,710016,Wed Nov 15 15:36:13 +0000 2017,@AmazonHelp Order 114-0359413-4084248 is pending for shipment for last 8 days. Customer service execs are giving incorrect info. This is a gift and has an emotional value attached. Please let me know the status and have it delivered soon.,2485647,
141016,147811,Fri Nov 24 11:42:05 +0000 2017,"@AmazonHelp hola, necesito información sobre una orden que aún no se envía. la fecha de envío estimada era el 21 de noviembre.",141014,
2073938,613390,Wed Nov 08 20:48:12 +0000 2017,@AmazonHelp 15 minutes left to deliver then we are into day 3!! I’m at work tomorrow so what are you going to do about delivery of your driver won’t leave it behind the bins?,"2073939,2073940,2073941,2073942",2073936.0
1002886,346582,Sun Oct 22 17:12:21 +0000 2017,"@AmazonHelp Your teams are all reading scripts and say they take personal interest and will call back, never do. This is terrible customer service.",,1002884.0
144009,148568,Fri Nov 24 17:32:21 +0000 2017,@AmazonHelp nope...please explain me here i want 100% transparency.....i want people know how you block my mobile no. and cod facillity just because i have pointed mistake in your system,144010,144008.0
1860971,556249,Wed Nov 22 07:47:49 +0000 2017,@AmazonHelp 1:52pm today,1860972,1860970.0
439286,219328,Wed Oct 11 08:39:59 +0000 2017,"@AmazonHelp Why shd I contact?You hv got my order id,why cant you take action? Worst is i can't  see d delivery persons contact in app. Shame@amazonIN",439284,439298.0
481570,229467,Fri Dec 01 14:11:41 +0000 2017,"@AmazonHelp It does, it's just odd that it keeps circling my address, we just need to go out! I fully appreciate the live tracker and found it to be really useful, but in this situation is very annoying!",481572,481568.0
823552,316180,Fri Oct 13 00:01:00 +0000 2017,"@AmazonHelp ... 2/2: so, I downloaded the official app from the google play store. Did I do it right?",,823549.0
395298,169172,Fri Sep 01 19:16:01 +0000 2017,@AmazonHelp @115830 @115851 376th day requesting any kind of response,395299,395297.0
34532,123484,Wed Nov 01 17:45:18 +0000 2017,"@AmazonHelp Entiendo que es gestionado por Amazon, ya que me aparece que fue vendido por Amazon EU S.a.r.L.",34535,34530.0
2567005,728173,Thu Nov 16 19:12:26 +0000 2017,"@AmazonHelp trying to set up my Mother’s Amazon Fire Stick. Brand new TV, how can we fix this? https://t.co/6FhyczmFYV",2567003,
916585,337611,Wed Oct 18 04:12:43 +0000 2017,Worst service by @115850. No care for customer and no use of customer support. Disappointing @AmazonHelp  @115821 #NoMoreAmazonShopping,"916584,916586",
448721,221314,Thu Nov 30 20:18:26 +0000 2017,@AmazonHelp On three separate occasions now I have spoken to Amazon customer services on the phone who have promised that my package would be picked by Hermes up three days in a row. Today it was not picked up again despite an emailed guarantee it would be,448720,
861139,324484,Mon Oct 23 14:46:21 +0000 2017,@AmazonHelp @324482 #where you announced the name of winner,861143,861137.0
2254426,656694,Sat Nov 11 19:53:46 +0000 2017,@AmazonHelp So that will mean that I will be speaking to another person? Can someone call me please?,2254427,2254425.0
2569444,728756,Wed Nov 08 01:27:41 +0000 2017,@AmazonHelp I’ve spoken with 7 people tonight.  Some of which were not qualified to talk to me about my orders?!,,2569443.0
2104251,621224,Wed Nov 08 12:43:47 +0000 2017,@AmazonHelp 2nd week in a row this has happened. Not happy,2104253,2104250.0
724584,293547,Wed Oct 11 04:12:07 +0000 2017,@AmazonHelp I will- thank you!,,724583.0
1545715,478710,Sat Nov 04 07:38:51 +0000 2017,"@AmazonHelp Phone option is not showing up. Plus, my issue is not even a little bit listed.",1545716,1545714.0
1503884,469060,Fri Nov 03 16:26:12 +0000 2017,@AmazonHelp That's certainty intended.without attempting for delivery how courier guy can say he attempted. your reply clearly shows ur intentions,,1503882.0
1393835,330913,Thu Nov 30 19:15:56 +0000 2017,@AmazonHelp @115850 And continues further. You are leaving me no other course but expose your farce of my following up now 37 times on social media big time and pursue the matter in Court.,1393833,1393836.0
1738586,359114,Tue Oct 17 19:26:53 +0000 2017,"Excellent chat help from @AmazonHelp , delivery problem solved. :-)",1738585,
2539623,722223,Thu Nov 16 11:00:18 +0000 2017,"@AmazonHelp Supposedly delivered to a ""safe place"" at 21:22 last night. Bearing in mind I was home no attempt was made to ring a door bell or knock and I was on the phone to Amazon customer services at the time I immediately went out to check and there was nothing",2539625,2539622.0
2284549,663883,Sat Nov 11 15:25:55 +0000 2017,@AmazonHelp Or is it I am not at a address that is eligible for 1-2 day free delivery,,2284547.0
1057947,369790,Sun Oct 15 09:35:29 +0000 2017,"@AmazonHelp Buenos días,estoy en España ,me puedes pasar el enlace de España?lo compre el viernes y ya me lo entregan mañana",1057948,1057946.0
2266851,659792,Sat Nov 11 07:09:53 +0000 2017,@115821 is taking 4 days to process the order. But @118702 is processed and shipped the same item in a hour. #GoHell @AmazonHelp . Superb services by you @118702 . Keep going. Photos are self explanatory. https://t.co/uCHYT3QIaf,2266849,
2588265,733285,Mon Oct 30 19:19:22 +0000 2017,@AmazonHelp The issue hasn't been solved...,,2588264.0
480368,229166,Fri Dec 01 17:05:36 +0000 2017,"@AmazonHelp Gerade nochmal probiert. Deinstalliert, Neustart, Installiert, .. Musik und Bücher, Music Unlimited… keine Suchmöglichkeit oder sonstwas. Anders gefragt: WIE sucht man Musik in der App? Vielleicht ist es wo anders?",,480366.0
115963,141816,Thu Nov 23 21:31:47 +0000 2017,@AmazonHelp Não enviado ainda,"115964,115962",115965.0
714735,221652,Tue Oct 10 23:39:11 +0000 2017,@AmazonHelp Email stating that the delievery of the item was going to be delayed because of a transit issue and would arrive by today (10th). So when I,,714733.0
747764,298749,Mon Oct 16 07:13:49 +0000 2017,@AmazonHelp Already shared 5 days back. Can u provide update on that? Plz stop responding from automated messages. Read tweets first and then reply,,747762.0
391575,192441,Mon Oct 09 16:06:05 +0000 2017,@115850 @AmazonHelp 3 of my orders showing delivered but actually not yet delivered. Del_Agent- 9116677979. PLEASE Help.,391574,
567542,253116,Sun Dec 03 02:20:37 +0000 2017,"@AmazonHelp And I have to wait 3 to 5 business days to get this credit back that was done TODAY. That means I'll be short on Rent and be charged $75 everyday it's late. We told them ""sara"" this and showed no sympathy.",,567541.0
1209092,403853,Wed Oct 25 10:51:09 +0000 2017,"@AmazonHelp I tried everything I could think of, adding, editing, logging out, logging in, falsifying, correcting, along with trying correct address",1209129,1209091.0
78762,133568,Thu Nov 30 14:12:03 +0000 2017,"@AmazonHelp Si si, sirve igual poneros un tuit que localizaros por atención al cliente, no sirve de nada.",,78761.0
994165,254639,Sat Oct 14 12:35:01 +0000 2017,@AmazonHelp This is not happening because the deal is gone. And your customer care is bot giving proper reply..,994166,994164.0
2061676,609702,Sun Nov 26 17:52:14 +0000 2017,@AmazonHelp I have received instructions to unlock my account but who is going to replace my orders,2061677,2061675.0
965160,326613,Wed Oct 18 12:51:45 +0000 2017,@AmazonHelp I have given u my details after logging into the link provided using my amazon registered email address n my amazon.in account password 1/3,,965156.0
694356,285580,Fri Nov 24 04:33:32 +0000 2017,@AmazonHelp I have got the refund thanks ☺️,,694355.0
2356741,608467,Mon Nov 13 19:29:40 +0000 2017,My last 3+ @115821 Prime orders have been late.  Is this going to be an ongoing theme or is this just some fluke.  I need to know if I can no longer count on your delivery dates @AmazonHelp,2356740,
2230341,650859,Fri Nov 10 15:33:19 +0000 2017,@AmazonHelp Does that make a difference? It's still being advertised as free delivery,2230343,2230340.0
637039,271071,Wed Nov 22 20:21:56 +0000 2017,@AmazonHelp Hehe I'm not going to make a UK call from India for this. Please worry about the following: MAYBE there is problem with your msg centre wherein my msgs to only this particular seller is not showing. Or some problem with the seller's profile. I'm willing to help u troubleshoot it.,637040,637037.0
1766038,531117,Tue Nov 07 22:01:59 +0000 2017,@AmazonHelp Literal esto era lo único que venía https://t.co/q7F0Anb88g,,1766037.0
842357,320348,Fri Oct 20 13:34:39 +0000 2017,@AmazonHelp I have not. Not even in a spam folder. This is a very pressing issue with a story.,842355,842359.0
2429442,697465,Wed Nov 15 07:56:47 +0000 2017,"@AmazonHelp I'm surprised you aren't able to provide a date after 36 hours of placing an order. My Amazon Prime doesn't seem great value. I'll just cancel my order and purchase it elsewhere, will look to cancel Prime as well as not getting value out of it if you can't providing a date.",,2429441.0
1416441,449079,Thu Nov 02 05:18:13 +0000 2017,@AmazonHelp Now I received 2 emails. 1 says items will be delivered by eod 11/2 and another one says package lost. Which one is true?,,1416439.0
897108,333033,Fri Oct 20 10:16:28 +0000 2017,@AmazonHelp I contacted bank and Amazon for thrice.U both blame each other..but I'm the only one suffers. I Pledge - no transxtions through amazon evr,897107,897109.0
2360585,681681,Mon Nov 13 22:33:37 +0000 2017,@AmazonHelp j’espère sinon c’était la dernière fois que je commander chez vous !!!!,,2360584.0
1207576,403538,Wed Oct 25 10:03:50 +0000 2017,"@AmazonHelp Nothing really. It has been ""escalated"" 6 times (inc. today) and the 24 hour response never happens. Every time I explain I have a cust 1/2","1207578,1207579",1207575.0
1004633,357785,Sat Nov 25 17:01:37 +0000 2017,Can’t really believe @115830 are sending out vinyl by sticking a postage label on the shrink wrap! Arrived damaged - hardly a surprise. I’ve seen some bad vinyl packaging in my time by this takes the piss. #anrgy @AmazonHelp https://t.co/Pqw5rfQrC9,1004632,
1396166,408397,Sat Oct 28 14:35:50 +0000 2017,@AmazonHelp trying to order on UK site going to basket but no option to checkout? only option is to continue shopping what gives? on mobile site #confused,1396164,
989847,197667,Sat Nov 25 10:16:18 +0000 2017,@AmazonHelp Would u mind to update me on this. Do u wish to refund my money or u would like to add it in ur profit?,989845,989851.0
1897407,565502,Tue Oct 31 01:47:49 +0000 2017,"@AmazonHelp Available options: cancel order or wait the extra day, correct?",,1897406.0
911939,336581,Sat Oct 21 07:52:18 +0000 2017,@AmazonHelp  https://t.co/arMemPvfDJ,"911941,911942,911943",911937.0
2571949,601064,Thu Nov 16 19:43:32 +0000 2017,So annoyed with @AmazonHelp @115821 how can y'all have my items shipped 2 different items to 2 different states.... And not fix my 😠😠😠😠😠😠😠😠,2571948,
367915,203160,Sun Oct 08 23:33:58 +0000 2017,@AmazonHelp Yeah there's no mail tomorrow. 6 days for a Prime order then. Not good,,367914.0
319413,192169,Sun Oct 08 11:28:26 +0000 2017,"@AmazonHelp I have gotten 20 odd mails frm Amazon @115851 with variety of soln-1.amazon pay money forefiet,2. Buy something else,3.trfr to bank ac",319442,319410.0
1531224,475037,Sun Nov 05 13:23:58 +0000 2017,"@AmazonHelp When I preorder something I expect it on the day of release, not a few days later.",,1531220.0
641862,272319,Wed Nov 22 20:53:16 +0000 2017,@AmazonHelp I've given u my number twice why don't u find my last call I've wasted enough time and effort on what should be a simple call,,641861.0
1248267,412871,Tue Oct 31 14:46:14 +0000 2017,@AmazonHelp Can you please give me some information why my package is delayed? It was supposed to be here yesterday now it’s say by Nov. 4,1248268,1248265.0
1437381,453673,Thu Nov 02 14:27:39 +0000 2017,@AmazonHelp you have let me down bigtime. Message sent.,1437379,
911584,293797,Sat Oct 21 07:34:01 +0000 2017,@AmazonHelp Hope...today deliver bcoz today estimated last day of delivery..,911585,911583.0
524931,241398,Sat Dec 02 05:47:57 +0000 2017,"@AmazonHelp I know your words before, but also to be Amazon and SouqKSA of you from the sale of such goods is not sufficient party third to sell accessories and games devices Nintendo so that the seller Souq-Shop's same store sells most of devices such as Play Station and Xbox accessories",524933,524930.0
270907,180629,Fri Oct 06 02:03:59 +0000 2017,@AmazonHelp Not really sure why it takes a month for a book to be delivered. Order cancelled.,270905,
150618,150356,Fri Nov 24 15:21:42 +0000 2017,@AmazonHelp Well that sucks. An expensive tooth brush and I gotta buy an adapter haha!,,150617.0
1376405,440415,Sun Oct 29 01:17:59 +0000 2017,"@AmazonHelp I double checked the address, it's correct. What's up?",,1376404.0
986251,353737,Sat Oct 14 13:16:55 +0000 2017,@AmazonHelp Sit I have contact your team they are say that I was a misunderstanding so please wait 15 days for refund,986255,986248.0
182837,159019,Wed Oct 04 17:07:27 +0000 2017,"@AmazonHelp poor customer service over phone, cannot contact carrier. Cannot even locate my item 26hrs... Cannot escalate locally.... https://t.co/IpvzNV1DlM",182835,
1223028,406982,Sat Oct 28 11:01:05 +0000 2017,@AmazonHelp Yes i have neen receivong from your both the teams... Social media escalation and escalation. I need highest level escalation point of contc,1223027,1223029.0
657935,273032,Thu Nov 23 01:35:45 +0000 2017,"@276626 @AmazonHelp Nay, coloca os livros que você quer no carrinho, pq sempre que entrar em promoção ele avisa ^^",657936,657934.0
1614780,495312,Tue Oct 17 13:31:38 +0000 2017,@AmazonHelp Sure,,1614779.0
334007,128425,Sat Oct 07 20:16:35 +0000 2017,@AmazonHelp Just to wait till the next day.  I’m not in the position today. I leave tomorrow morning at half ten so I can’t wait. I’m screwed,334008,334006.0
706833,288989,Tue Oct 10 21:21:52 +0000 2017,"@AmazonHelp Ok, will do, thank you!",,706832.0
2492256,711510,Wed Nov 15 17:14:14 +0000 2017,"@115821 @AmazonHelp Sad to say, after 7 years as a Prime member, I am done with Amazon. Weeks of late shipments and bad customer service and now I am no longer a Prime member. Saying ""Get it tomorrow"" and then delivering it 6 days later (more then once) is unacceptable.",2492252,
965264,349046,Sun Oct 15 07:17:01 +0000 2017,@AmazonHelp Hey @115850 @AmazonHelp your associate couldn't get it delivered even after commitments. Let down by @AmazonHelp @115850 https://t.co/M9ubKE4FLK,"965265,965266",965262.0
2586298,732838,Fri Nov 17 01:19:18 +0000 2017,"@AmazonHelp Last time, delete Kindle app, reinstall, sync. Didn't resolve. This time, just had me sync. Could not understand that today is November 16 and syncing yesterday's edition wasn't resolving my problem. Then, just told me to wait until today's edition was available. Waste of time.",,2586297.0
18169,120036,Wed Nov 01 05:12:17 +0000 2017,"@AmazonHelp Accidentally bought Amazon Prime when I misread it for the free month trial, and I wanted to know if theres any way for a refund",18167,
1049142,367962,Sat Oct 14 20:13:01 +0000 2017,@AmazonHelp my issue was solved. thanks guys,1049144,1049140.0
718320,219034,Sat Nov 25 08:27:34 +0000 2017,@AmazonHelp Why do that if someone is home? Just knock on the door. The lights were on! They never came on the porch. That is not a delivery it was a drive by!,718322,718319.0
1739040,523371,Tue Nov 07 19:26:01 +0000 2017,@AmazonHelp non rien,1739041,1739039.0
783373,306987,Sat Oct 28 05:18:36 +0000 2017,"@AmazonHelp This is actually sickening. How much correspondence do u need for one small order. ? I have already called 10times, mailed u twice.",783390,783371.0
210387,165796,Wed Oct 04 18:37:48 +0000 2017,"@AmazonHelp Thank you, I will!! 😊",210386,210388.0
583538,231112,Sun Dec 03 15:42:09 +0000 2017,"@AmazonHelp my email id is __email__
 mobile no:-9083213904
name :-MD ASLAM
Address :-plot no:-32 sakhi chand lall kalyanpur housing asansol west bengal 713304
now you can access it and give my money back.",583540,583537.0
1777567,534117,Sat Nov 25 13:53:09 +0000 2017,@AmazonHelp hi I placed an order yesterday and the money has not left my bank account?,1777566,
334053,183298,Fri Oct 13 14:07:02 +0000 2017,"@AmazonHelp UR Amazon home services team is literally showing me HELL with your idiotic and false promises.
20days still installation not done.",334065,334049.0
969219,350061,Sat Oct 14 05:51:49 +0000 2017,@AmazonHelp Thanks,,969218.0
1546402,478328,Sat Nov 04 06:24:53 +0000 2017,@115850 @AmazonHelp https://t.co/YYCKaY90xB,"1546400,1546403",
652147,275075,Wed Nov 22 21:40:01 +0000 2017,@AmazonHelp Submitted my college to eligible list for Amazon Music for Students £6 for 6 months over a week ago. No response. Not added.,652146,
256622,177029,Thu Oct 05 19:37:43 +0000 2017,@AmazonHelp package to the wrong address isn't a crime,,256621.0
1245870,412275,Mon Oct 16 02:48:46 +0000 2017,@AmazonHelp you guys always give me a tough time like I can't order anything and stuff like this happens like wtf is this https://t.co/7NyGCqzA8z,1245869,
1216356,405415,Mon Oct 16 13:43:13 +0000 2017,@AmazonHelp I need the present by tomorrow so was hoping for an instant solution. The above says 'the seller must respond within 2 business days',1216358,1216355.0
1128118,385949,Tue Oct 24 10:57:07 +0000 2017,@AmazonHelp Rceivd call 4m ur courier prsn tht he is stnding at old add for dlivry.. thnks for makin me fool nd mke me blieve tht it's time 2 say bye4/4,"1128123,1128124",1128117.0
1683564,511732,Mon Nov 06 17:32:57 +0000 2017,@AmazonHelp Mis-selling of tickets due to error on your website! Purchased tickets not matching allocated tickets.  Error is your fault not mine.,,1683563.0
314983,159170,Sun Oct 08 12:55:26 +0000 2017,"@AmazonHelp 2.CUSTOMERS WHO BELIEVING ON YOU PURCHASED ITEMS FROM YOU,I AM VERY SORRY TO SAYING THIS WORD THAT YOU PEOPLE ARE CHEATING US THAT'S ALL.",,314980.0
2621063,270191,Fri Nov 17 15:59:08 +0000 2017,"@AmazonHelp La fecha estimada de entrega era ayer, pero a la hora de ver el historial de rastreo desde el 10 de noviembre no se actualiza. Desde el día que se envió el producto.",2621061,2621065.0
923696,339212,Sat Oct 21 17:47:52 +0000 2017,@AmazonHelp I have contacted you via email and have received a unconvincing response. Please look into it.,923697,923694.0
2285259,664073,Sat Nov 11 15:50:37 +0000 2017,"Got this in todays delivery from #Amazon @2005 . Broken screw, and damaged bowls. Hopeless paper packing . They took extra delivery charges for these.  Hope we get the refund soon , Order No : 171-4478629-7589168 #consumerprotection @120781 @115850 @AmazonHelp https://t.co/exvi2g9uUu","2285258,2285260",
2372321,684447,Tue Nov 14 01:24:46 +0000 2017,@AmazonHelp Okay thank you. One more - sorry about this - if the new order is cancelled successfully will the return no longer be necessary?,2372323,2372320.0
2652368,285435,Sat Nov 18 11:33:10 +0000 2017,Is ₹2500 a easy money for you? It's been 2 days and no resolution has been taken yet. I would never recommend @115850 to any of my friends and relatives anymore.Just take this used product back and send me a replacement and I would never ever come back to Amazon. @AmazonHelp,2652367,
234779,171905,Tue Oct 03 14:08:44 +0000 2017,"@AmazonHelp @115851 @115850 
Don't reply bullshit.. Bankrupt company don't have money to refund customer... From top to bottom everyone is hopeless",234778,234780.0
105288,139250,Thu Nov 30 20:46:19 +0000 2017,"@AmazonHelp I have tried to call customer service and the person did not have a clue what to do. I wish for the parcel to be redelivered, all that they wished to do was a refund or replacement. This is rubbish service. #rubbish #nocustomerservice.",,105287.0
1798388,162636,Wed Oct 18 01:04:20 +0000 2017,@177529 @AmazonHelp AMAZING,1798387,1798389.0
996701,356016,Sun Oct 22 16:40:03 +0000 2017,@AmazonHelp The only thing they  know how to do Is cancel my account. That they do it perfectly.,,996700.0
2396338,689764,Sun Nov 26 17:52:15 +0000 2017,"@AmazonHelp Yes. I have wifi connected, I've restarted, I've closed out and re-opened. Nothing fixes it. Like I said, everything else works perfectly but the web browser, which has been enabled, and says try again later and nothing populates.",,2396337.0
1598722,491014,Mon Nov 06 00:23:25 +0000 2017,"@AmazonHelp Not “as expected”, it was “as you said you would”.... that’s called lying","1598724,1598725",1598721.0
2290744,511522,Sun Nov 12 09:32:30 +0000 2017,@AmazonHelp The product was taken on 1st November and it is still not replaced. After checking refund status it's coming this https://t.co/Ak2TAGdcFO,2290746,2290743.0
472318,227484,Fri Dec 01 17:26:01 +0000 2017,@AmazonHelp And now the social media @AmazonHelp won't help either. Great!,472321,472317.0
1290380,421765,Thu Oct 26 20:20:57 +0000 2017,"@AmazonHelp No one helped, just blabbed lots of bad English and kept apologizing.",1290379,1290381.0
2435998,698908,Sun Oct 29 14:52:10 +0000 2017,"@AmazonHelp UK trading o. Sunday is only 6 hours, usually 10am-4pm",,2435997.0
57440,129027,Wed Nov 01 20:17:36 +0000 2017,@AmazonHelp You got feedback right there. Go work on it!,,57439.0
1379913,441233,Tue Oct 31 06:51:23 +0000 2017,"@AmazonHelp I’m seeing your updates from past 1 week, this I don’t want your regret mail, have some responsibility",1379914,1379912.0
1346573,434016,Fri Oct 27 16:52:09 +0000 2017,Learn the advance unprofessionalism skills from @115850 @AmazonHelp they are the worse. Refer to my last DM to know why? #Amazon,1346571,
1731156,523075,Tue Nov 07 12:17:40 +0000 2017,@AmazonHelp No just says dispatching now which it has done for the past 5 hours,1731158,1731155.0
960151,347826,Fri Oct 13 23:37:58 +0000 2017,@AmazonHelp tengo un problema con un pedido que hice hoy!!! me pide revise el pago y ya lo hice un montón de veces,960149,
179682,158316,Wed Oct 04 11:18:13 +0000 2017,"@AmazonHelp Me habéis hecho cambiar de contraseña. Ha desaparecido un pedido urgente que había hecho.
(1/2)",179680,179683.0
1157181,392217,Sun Oct 15 17:45:50 +0000 2017,"@AmazonHelp Kindly Look into @127178 problem, He was asking for soln from last 30 days and lossing trust on you. @115850",1157178,
1389999,442795,Sat Oct 28 13:53:55 +0000 2017,@AmazonHelp Wow still u haven't got my problem after providing all details. Help with contact no of delivery boy. Or add. Of delivery station,"1390000,1390001",1389998.0
2104365,532172,Mon Nov 13 04:18:28 +0000 2017,@AmazonHelp Maybe someone there can check my account __email__ and they will see I has asked about the free domain rewrite ebook before I published it.,2104374,2104361.0
446858,220650,Thu Nov 30 19:40:24 +0000 2017,@AmazonHelp It's not out of stock and you all are the seller. So I'm not sure what the problem is. The guy claims your computer's don't do exchanges.,446859,446857.0
1479123,290923,Fri Nov 03 04:07:24 +0000 2017,"@AmazonHelp I preordered Forza Motorsport 7, which said it came with an Amazon driver suit.",1479122,1479124.0
1807357,542972,Wed Oct 18 14:08:42 +0000 2017,@AmazonHelp その通りにしてみましたが何度か試しましたがエラーが出てしまいました。 https://t.co/G4fkx0ENXQ,1807358,1807356.0
1186513,399000,Fri Oct 27 02:32:27 +0000 2017,"@AmazonHelp Update - sure thing, you missed mark. Order placed 10/24 said guaranteed delivery 10/31 (bad enough, I need it FOR H’ween). 1/2",,1186510.0
2388949,688278,Tue Nov 14 08:35:26 +0000 2017,@AmazonHelp No not yet. I came to you guy's 1st,2388950,2388948.0
574505,255128,Sun Dec 03 07:14:52 +0000 2017,"@AmazonHelp Unfortunately not yet, blows my mind that I'm now an hour into this.  Not how I want to spend Saturday night",574529,574502.0
477829,228507,Fri Dec 01 12:09:49 +0000 2017,@AmazonHelp リプライありがとうございます！楽しませていただきます〜！٩( 'ω' )و,477831,477828.0
1248721,412981,Thu Oct 26 03:36:53 +0000 2017,"@AmazonHelp This link is not opening, plz call me directly in my no...9921002938, and solve the issue","1248723,1248724",1248720.0
646722,273594,Wed Nov 22 18:41:33 +0000 2017,"@AmazonHelp @115821 i hv Order 2 Helios shoe polish TAN &amp; Blue colour bt recd only TAN colour shoe polish.I hv paid for 2 product nt for 1.Pl delivered my blue colour shoe polish or else refund my amt.
Order date 08/11/17
Order no 171-3399747-4599521
Order total 400.00 (2 items) https://t.co/kHX3mH9QAL",646720,
969837,350166,Sun Oct 22 07:08:09 +0000 2017,@AmazonHelp なるほど、教えて下さっでありがとうございます。,969836,969838.0
71866,132125,Wed Nov 29 07:47:15 +0000 2017,@AmazonHelp Don't you have any resolution just a standard reply. tell me 24-48 hours means how many days. Not able to meet your 24-48 hours in 2 weeks. https://t.co/BfrLQM5xh9,71865,71867.0
1098712,379265,Sun Oct 15 06:22:26 +0000 2017,"@AmazonHelp Have been grappling with customer service for 03 weeks now, 😂 another link another form, #AmazonGreatCheaters","1098714,1098715",1098711.0
2645594,280958,Fri Nov 17 22:06:14 +0000 2017,"@AmazonHelp Yes, it was a third party seller, but Fulfilled by Amazon. If nothing else, I'd expect a credit for the printing I'm having to do today due to the wrong item being shipped.",2645595,2645593.0
1002648,319104,Sat Oct 14 12:55:28 +0000 2017,"@AmazonHelp Thank you, I will do that now",,1002647.0
833173,318417,Fri Oct 13 06:52:42 +0000 2017,"@AmazonHelp Wunderbar, vielen Dank. Und einen schönen Tag dann noch 😊",833174,833172.0
1724914,521705,Tue Nov 07 04:24:00 +0000 2017,@AmazonHelp what is the benefit to living next to a fulfillment center if you can't find my house 😒 https://t.co/gLbohsYxmw,1724913,
701481,287447,Thu Nov 23 17:12:51 +0000 2017,@AmazonHelp No puedo iniciar sesión en el portal y desde hace dos días envié mi estado de cuenta. Quiero saber el estatus de mi pedido.,701483,701480.0
2303057,668284,Sun Nov 12 18:56:04 +0000 2017,@AmazonHelp hi i need help with recharging a yearly prime sub and i accidently bought it when i was gonna buy this free month subscription and i really need help,2303056,
2722585,763799,Mon Nov 20 10:56:21 +0000 2017,@AmazonHelp Non pas encore,"2722584,2722586",2722587.0
54364,128304,Thu Nov 30 20:34:59 +0000 2017,Right just cancel the order @AmazonHelp December the 5th was not the agreed date it was today! @118373 @128305 3rd time this month it's joke!,"54363,54365",
533214,243532,Sat Dec 02 11:51:19 +0000 2017,"@AmazonHelp So it could be sooner when the stock arrives at warehouse? Great news, it's a gift for before the 13th!",,533213.0
1842281,552087,Wed Oct 18 06:58:22 +0000 2017,"@AmazonHelp Already spoken to customer services, who have to talk to yodel etc. It's so much better when you use your own couriers!",1842283,1842280.0
1260186,363468,Thu Oct 26 11:41:28 +0000 2017,@AmazonHelp Ok,,1260183.0
1719208,520460,Sun Nov 26 05:59:04 +0000 2017,@AmazonHelp No it wasn’t. I was told they couldn’t do anything. #theives,,1719203.0
1259411,415077,Tue Oct 17 06:31:45 +0000 2017,@AmazonHelp 遅くなるなら遅くなるで構いませんし翌々日到着予定なら別にそれでも良いのですが、翌日到着当日到着と煽っておいて実際に来るのは22時過ぎとかは、さすがに辟易するのでご勘弁いただきたいです。,,1259409.0
586798,258573,Sun Dec 03 16:04:35 +0000 2017,@AmazonHelp I used a gift card to pay so would I completely lose that balance?,586800,586797.0
419005,214942,Tue Oct 10 05:12:39 +0000 2017,@AmazonHelp So what ..If I don't like the product then?? I can do the same with other e-commerce and shop as well #BadPolicies #Amazon,419007,419003.0
2379700,172534,Sun Nov 26 18:14:13 +0000 2017,@AmazonHelp USPS.. one set was actually just delivered. Still missing one package through the USPS,2379701,2379699.0
844164,320697,Fri Oct 20 13:12:53 +0000 2017,@AmazonHelp The link is not working.,,844163.0
1271847,371732,Mon Oct 16 08:26:56 +0000 2017,@AmazonHelp I have also aend details by mail directly1,1271849,1271845.0
1668291,508076,Tue Nov 07 18:51:38 +0000 2017,@AmazonHelp any updates on my issue with the mail labels printer handling the encoding?,1668292,1668289.0
2545338,723481,Thu Nov 16 14:13:54 +0000 2017,@AmazonHelp Thank you. Having done Twitch Prime through twitch I was just confused. Thanks for the help 🙂,2545340,2545337.0
46563,126342,Wed Nov 01 16:47:45 +0000 2017,"@AmazonHelp ""Remotely""  awesome lol 👍👍👍👍",,46562.0
984671,191774,Sun Oct 22 11:04:30 +0000 2017,@AmazonHelp The pics/ videos are coming from my wifes iPhone my Android --- and I am seeing message on my MacBook air and Mac mini,984672,984670.0
519810,239960,Sat Dec 02 04:08:21 +0000 2017,@AmazonHelp So much for a release day delivery guarantee https://t.co/kTSar3qfgs,519811,519809.0
467372,185625,Fri Dec 01 05:55:41 +0000 2017,"@AmazonHelp I have, but since that feedback is never responded to, it's seems like nothing is going to happen. That's why I'd like to see if there's someone at the distribution center to get in touch with so I can get to the bottom of this.","467374,467375",467371.0
780579,306375,Thu Oct 12 10:57:54 +0000 2017,@AmazonHelp And u believe me to trust that? Lol! When u guys can't take liability of ur own mistakes it shows what u guys are really..,780580,780578.0
2553881,534798,Thu Nov 16 15:21:32 +0000 2017,Why am I not surprised. /cc @AmazonHelp https://t.co/28IjTzq7VX,2553879,
679862,282210,Thu Nov 23 08:12:22 +0000 2017,"@AmazonHelp Now my order has been updated again saying it will be delivered from 22-29th Nov. It was already late but was supposed to be delivered yesterday. 
 This is just not good enough.",679861,679863.0
472407,227502,Fri Dec 01 10:57:47 +0000 2017,@AmazonHelp Keep my money u cheat @115850 @AmazonHelp. Now I can understand how @115851 became richest person on earth. Its by cheating ppl.,,472405.0
465141,225637,Fri Dec 01 04:10:52 +0000 2017,@AmazonHelp 👍thanks for responding so quickly,465140,465142.0
961444,348155,Sun Oct 15 04:13:47 +0000 2017,"@AmazonHelp No reply from customer service, again. I'll fix it by shopping much less at #Amazon. Geez!",961446,961443.0
1316024,427433,Mon Oct 16 11:19:33 +0000 2017,"@AmazonHelp Nein, aber hab damals als ich bestellt habe automatisch Versand berechnet bekommen 🤷🏽‍♀️ ist aber auch günstiger gewesen als jetzt",,1316023.0
1382683,441793,Sat Oct 28 07:50:52 +0000 2017,@AmazonHelp 調べてみたらゆうパケットというサービスで配送されているみたいなのでビルの管理ポストに投函されてるかもですね。そちらの会社さんは不在なので受け取りは週明けになりそうです。その時届いてないようならカスタマーサービス様へ連絡いたします。わざわざありがとうございました。,1382685,1382682.0
1973470,584452,Wed Oct 18 17:53:30 +0000 2017,@AmazonHelp I have my daughters weighing tomorrow and can’t be waiting all day again. The steel book is out of stock too so if it’s lost I’m screwed,,1973467.0
971754,350525,Sun Oct 22 08:23:39 +0000 2017,"@AmazonHelp なんと！
早速アップデートして横画面表示を確認しました。
ありがとうございます。",971753,971755.0
1043161,366682,Fri Oct 20 11:14:10 +0000 2017,@AmazonHelp Unsubscribed from Amazon Ticket emails and received 4 within the space of 6 minutes this morning. Unsubscribe page says 0 subs.,1043160,
63825,130668,Thu Nov 30 08:00:22 +0000 2017,@130667 @115850 @AmazonHelp @3645 This should be rectified immediately.,63824,63826.0
1164590,393949,Tue Oct 24 20:17:43 +0000 2017,"@AmazonHelp She was told to contact the IT dept, but then they sent her back to customer service. She lost $300 in amazon gift cards credit.",1164587,1164595.0
1634639,500044,Sun Nov 05 21:22:17 +0000 2017,@AmazonHelp Now expected Tuesday! I order this last Sunday. CS have said they tried to deliver on 2nd @4214 which is categorically not true. It's a,,1634635.0
2618137,739900,Fri Nov 17 15:04:33 +0000 2017,"@AmazonHelp awesome, just completed the form. Thank you for getting back to me",2618139,2618136.0
253357,176232,Thu Oct 26 02:22:06 +0000 2017,@AmazonHelp Still awaiting for any action taken by you people ? Are you listening ?,"253358,253359",253352.0
51615,127384,Wed Nov 01 18:04:36 +0000 2017,@AmazonHelp Not providing anything..already order my product from  @118702 never ever buying from #Amazon  again.u guys are an embarrassment,51616,50750.0
2530237,720276,Mon Oct 30 10:26:22 +0000 2017,@AmazonHelp Alright thank u,,2530236.0
2501968,713661,Wed Nov 15 20:44:44 +0000 2017,@AmazonHelp  https://t.co/U0eXVIsoFl,2501969,2501967.0
544396,246489,Sat Dec 02 16:53:44 +0000 2017,@AmazonHelp Let's hope you advise a replacement or refund. As it's not my fault it was left in the open to be stolen!!!!,,544395.0
1138344,388134,Thu Nov 02 04:06:19 +0000 2017,@AmazonHelp It’s all in my file,1138346,1138343.0
1491892,466460,Fri Nov 03 09:59:51 +0000 2017,"@AmazonHelp Returning item that didn’t arrive in time, got refunded for item that never shipped...what’s going on? Mbrshp isn’t cheap!?",1491890,
1415230,448879,Thu Nov 02 02:50:10 +0000 2017,"@AmazonHelp again, i appreciate the responses. but i suggest nipping this in the bud on ur own. because the photos will keep popping up. much love",,1415227.0
31371,122914,Wed Nov 01 11:57:29 +0000 2017,@115851 @AmazonHelp @115850 Improve your coustmer service You give me wrong information about my issue and Now I have to pay more money,"31370,31372",
395247,169172,Wed Jul 05 17:58:04 +0000 2017,@AmazonHelp @115830 319th day requesting any kind of response,395248,395246.0
1469952,461176,Fri Nov 03 00:26:22 +0000 2017,uhh I signed up for an Amazon Prime trial and it fucking charges me 11 bucks like 2 days later wtf? @AmazonHelp,1469951,
439695,215662,Wed Oct 11 11:41:01 +0000 2017,@AmazonHelp Sir tell me one reason why i should share. Also why it want from fax. If very necessary then i can share by email only. I have no fax nearby,439696,439692.0
1261166,415447,Thu Oct 26 15:00:39 +0000 2017,@AmazonHelp Link not responding ! Is this for real ? Worst service by @115850 #CrapSale,1261164,1261168.0
320018,192278,Sat Oct 07 12:12:53 +0000 2017,"@AmazonHelp I hv provided the required details, let me know if you need more details make sure it should be resolved within deadline, I dont want refund",320020,320017.0
848145,321569,Fri Oct 20 14:33:40 +0000 2017,"Ordered RO ID 406-4553098-2090717 @115821 @115850 @AmazonHelp paid 100 for delivery on 17-10-2017, yet not received #disappointed  #Diwali","848144,848146",
264659,179061,Tue Oct 10 07:08:29 +0000 2017,@AmazonHelp 12/10/16,264661,264658.0
2072979,613127,Thu Oct 19 02:15:35 +0000 2017,"@AmazonHelp caso a encomenda a esteja danificada ou violada, gostaria da troca. a saber.",,2072977.0
245850,174398,Thu Oct 05 15:23:04 +0000 2017,"@AmazonHelp Si, ya está arreglado, muchas gracias.",245849,245851.0
2286019,664286,Sat Nov 11 16:08:28 +0000 2017,"@AmazonHelp when i signed up for prime i accidentally hit annual pay instead of monthly, will i get that 99 dollars refunded, i ordered something before i noticed that so will that affect anything",2286018,
2360522,482844,Mon Nov 13 20:35:11 +0000 2017,"Etonnant quand même ! @AmazonHelp, on fait comment ? https://t.co/G1hdMxqFOV","2360521,2360523",
2379865,686237,Tue Nov 14 04:19:23 +0000 2017,@14389 @115850 @AmazonHelp  don't knw wen I get dis return.. 1 week .. 1 month.. I mentioned dt. 15 Nov in feedback. https://t.co/kzvvA19N1s,"2379864,2379866",
1668351,508080,Mon Nov 06 14:20:11 +0000 2017,"@AmazonHelp I think this is just ridiculous. The order was neither canceled nor was delivery refused, or even attempted. https://t.co/x84KKDFXTa",1668353,1668350.0
597987,261764,Sun Dec 03 19:52:11 +0000 2017,@AmazonHelp having issues with a delivery. Have DM'd you. Cheers 👍🏻,597986,
969131,350050,Sun Oct 22 07:00:19 +0000 2017,"@AmazonHelp Shut up Bunch of Liars.
Refund my money right now.

MOST CORRUPTED customer care on this earth","969133,969134",969130.0
771372,304226,Thu Oct 12 03:49:55 +0000 2017,@AmazonHelp  https://t.co/lvzwJQGtxN,771373,771371.0
1085089,375958,Mon Oct 23 17:50:27 +0000 2017,"@AmazonHelp @115850 refer to order#408-3775987-1842723 for which I'm eligible for Rs2000 cashback, was supposed to be credited by Aug 11","1085088,1085090,1085091",
2616313,739508,Fri Nov 17 14:32:38 +0000 2017,@AmazonHelp Non seulement de confirmation de commande mais l'article est censé être livré aujourd'hui,2616312,2616314.0
1041631,366342,Tue Nov 21 00:22:20 +0000 2017,@AmazonHelp I am getting non help on the phone. Please help,1041630,
207616,165095,Fri Nov 03 18:18:56 +0000 2017,@AmazonHelp Pista 3 https://t.co/pUZzrHtwMx,,207615.0
1125157,385301,Sat Nov 25 11:47:38 +0000 2017,@AmazonHelp Non je l'ai bien reçu dans ma boite aux lettres. Sauf que le livreur a forcé ma boite aux lettres et a cassé tout le système qu'il a laissé dans le hall de l'immeuble. Il aurait pu juste m'appeler ou sonner chez la gardienne !! Je porte plainte contre Amazon ou contre colisprivé?,1125159,1125156.0
1227049,407855,Mon Oct 16 05:51:29 +0000 2017,@AmazonHelp may I have the number to call please?,1227050,1227048.0
382286,206641,Fri Oct 27 10:22:09 +0000 2017,@AmazonHelp @115821 Ved Mathur. Order no. 407~14471807365159 dated 26.10.17.,"382287,382288,382289,382285",382290.0
1718063,420614,Tue Oct 17 18:24:46 +0000 2017,@AmazonHelp y a marquer ariveras aujourd hui avant 20h,1718065,1718062.0
1574285,455422,Sun Nov 05 06:58:15 +0000 2017,@AmazonHelp I need my product to be deliver. Not your mails. Worst customer service,1574286,1574284.0
1578736,341688,Sun Oct 29 16:30:02 +0000 2017,@AmazonHelp Not even my property. Where are you ppl delivering to?!? https://t.co/vAMMJSERss,1578737,1578733.0
135029,146424,Fri Nov 24 09:19:18 +0000 2017,@AmazonHelp Tickets go on sale in ten mins and you are showing the wrong date,135031,135028.0
1751548,527736,Tue Nov 07 18:27:59 +0000 2017,@AmazonHelp Today but now is says tomorrow is being delivered by amazon Shipping :(,1751550,1751547.0
485433,230488,Fri Dec 01 19:14:30 +0000 2017,@AmazonHelp I've been on chat all afternoon with support.,485434,485432.0
742396,297514,Wed Oct 11 14:28:44 +0000 2017,@amazonhelp this url is broken on your site: https://t.co/nL5ldDxRB2 — needed for this: https://t.co/dD4Yvm02Pb,742394,
1197119,401281,Wed Oct 25 03:10:52 +0000 2017,@AmazonHelp Jajaja pondré foto 😉🤓📸,1197118,1197120.0
1129824,386289,Tue Oct 24 11:39:36 +0000 2017,@AmazonHelp ご丁寧にありがとうございます！,1129822,1129825.0
2266812,659789,Sat Nov 11 07:41:51 +0000 2017,@AmazonHelp Yes.  I just wrote that it works in mobile Safari and Chrome.  It does not work in Firefox on my notebook or iPhone.,2266814,2266811.0
1430032,449294,Thu Nov 02 02:03:37 +0000 2017,"@AmazonHelp I couldn't make echo dot play music from prime music, sometimes it says I am not prime and only plays sample, but I am prime.",1430031,
24556,121283,Wed Nov 01 09:18:36 +0000 2017,@AmazonHelp your courier sucks really!,24554,
527112,242000,Sat Dec 02 08:09:33 +0000 2017,@AmazonHelp Not the first time.,527114,527111.0
835140,318840,Sat Oct 14 19:21:56 +0000 2017,@AmazonHelp Nope. Please provide me the link,835141,835139.0
1434948,197813,Sat Nov 04 09:57:27 +0000 2017,@AmazonHelp Please guys improve the feedback process and make it customer efficient. The customer service people sending mail as though its my mistake,"1434949,1434950",1434947.0
1894066,564623,Sun Nov 26 10:35:05 +0000 2017,@AmazonHelp As I said..i have tried calling..but the call gets disconnected saying order details not found. What to do?,1894067,1894065.0
2303566,668416,Sun Nov 12 20:18:45 +0000 2017,@AmazonHelp D'accord. Merci beaucoup 😊,2303567,2303565.0
812382,120171,Sun Nov 26 06:20:04 +0000 2017,"@AmazonHelp I received 2 such bookmarks on 2 book purchases, Ist on 27th October and the other on 30th October.",,812381.0
931533,118505,Sun Oct 29 03:45:49 +0000 2017,@AmazonHelp Can you please update over this quickly,931535,931532.0
2307375,669355,Mon Nov 13 01:49:16 +0000 2017,"@AmazonHelp １話見ちゃいました！
いつも楽しく利用させていただいてます～！(*´-`)",2307377,2307374.0
1497266,467636,Fri Nov 03 13:59:46 +0000 2017,"@AmazonHelp Also do check you Facebook there you can find a more detailed description from my side
Thank you",,1497265.0
502426,235032,Sat Dec 02 05:25:23 +0000 2017,"@AmazonHelp Cos under GDPR, you gave my personal info to a CUNT like you",,502425.0
21458,120689,Wed Nov 01 08:03:26 +0000 2017,"@AmazonHelp Not at all, you’re on schedule. Thanks. :)",,21457.0
1580417,474355,Sat Nov 04 23:22:20 +0000 2017,"@AmazonHelp It is now dark outside, the order has not arrived. I am praying that I am wrong and it is delivered. But I don't believe that it will.",,1580415.0
790629,226485,Thu Oct 12 12:22:11 +0000 2017,@AmazonHelp  https://t.co/yNxQOWlS9k,,790591.0
965037,326613,Sun Oct 15 11:49:37 +0000 2017,@AmazonHelp I received a call from Avinash from your executive escalation team. He has hung up the call on me.,,965036.0
2450578,702300,Sun Oct 29 17:14:37 +0000 2017,"@AmazonHelp The original Echo, the music cuts out and comes back on later in the song. Cuts out for 30 sec, comes back for 5. Internet is fine",2450580,2450577.0
268680,180054,Fri Oct 06 01:06:00 +0000 2017,@AmazonHelp I logged back in and still this message https://t.co/UxFLA3w78t,268681,268679.0
287896,183542,Sat Oct 14 13:56:12 +0000 2017,@AmazonHelp @115850 I got mail below that you are accepting your fault. #WhereIsMyRefund BTW I am getting #IVRS rply that my order is delivered #DiwaliKiTayari https://t.co/FWL1HUeXv7,287897,287891.0
530809,242942,Sat Dec 02 18:52:26 +0000 2017,@AmazonHelp Any chance of sorting it out for me?,,530803.0
1708616,204354,Tue Nov 07 00:45:22 +0000 2017,@AmazonHelp 検討します！,1708615,1708617.0
279450,182606,Thu Oct 12 23:38:27 +0000 2017,@AmazonHelp What detail you are looking for ??,279451,279449.0
1153687,391440,Tue Oct 24 17:44:42 +0000 2017,@AmazonHelp If you prefer ordered the album you get a presale link emailed to you. Presale starts 9am tomorrow and no email yet #worried,1153689,1153686.0
1201304,402254,Wed Oct 25 13:14:27 +0000 2017,"@AmazonHelp Yes, package arrived 20 minutes ago",,1201303.0
282800,183372,Tue Oct 10 15:03:29 +0000 2017,"@AmazonHelp Great to hear ""I can confirm the return has two phones in the warehouse and you will not be charged""' would have been even nicer to have an apology. Thanks anyway much appreciated.",,282797.0
526092,241725,Sat Dec 02 06:56:02 +0000 2017,@AmazonHelp Excellent. I never leave the universe without it!,,526091.0
258811,177532,Thu Oct 05 21:06:06 +0000 2017,"@AmazonHelp My 1st shipment arrived on 9/13 to FBA, was received/scaned incorrectly. In bound team can't fix/find inventory almost a month later.....",,258809.0
1965772,582670,Wed Oct 18 17:25:21 +0000 2017,@AmazonHelp Then public should know how inefficient you are,1965774,1965771.0
2135606,628290,Wed Nov 08 17:55:16 +0000 2017,"@AmazonHelp I figured the game would make it here eventually, but this isn't the first time this has happened on a new game release, and makes me apprehensive to use Amazon to pre-order games in the future.",,2135605.0
1706598,517203,Tue Oct 17 17:24:56 +0000 2017,"Wow, @AmazonHelp your customer service chat employees really need to step up their game. Terrible experience!",1706597,
1680688,511033,Tue Oct 17 16:41:03 +0000 2017,@AmazonHelp Already did but my problem is not solved !,1680690,1680687.0
314208,191018,Sat Oct 07 06:07:25 +0000 2017,@AmazonHelp Worst and pathetic service by @115821..No accountability  at all..The issue remains unresolved even after a week,314210,314207.0
1664416,507250,Mon Nov 06 09:25:42 +0000 2017,@AmazonHelp already did that. Please call me at 9868940590 if you have any query !,"1664415,1664417",1664418.0
2288565,664841,Sun Nov 12 04:11:34 +0000 2017,@AmazonHelp I don't know. I'm from Mexico. Can I call you from here? Or I need to call someone locally?,2288567,2288564.0
254667,176528,Thu Oct 05 18:09:39 +0000 2017,@AmazonHelp maybe consider your packing for an SD card. I had it delivered to home because I assumed it would easily fit through letterbox! https://t.co/5AMjs4RFQO,254666,
2408727,692617,Tue Nov 14 16:29:02 +0000 2017,"@AmazonHelp Le colis est proche de ma ville mais toujours rien ! 
""14/11/2017
Tri effectué dans l'agence de distribution
CERGY PONTOISE CHRONOPOST""",,2408726.0
432296,199196,Tue Oct 10 15:50:29 +0000 2017,@AmazonHelp &lt;3,,432295.0
481615,229475,Fri Dec 01 14:06:44 +0000 2017,@AmazonHelp Chronopost 😭😭😭,481617,481614.0
727293,294222,Wed Oct 11 06:33:13 +0000 2017,@AmazonHelp #prime #AmazonIndia #Amazon https://t.co/G32rBkIreE,"727294,727292,727295,727296",
1407667,447196,Mon Oct 16 18:04:58 +0000 2017,@AmazonHelp First contact your team and unhold my account thas I can discous with customer support who is taken my issu zaid,,1407665.0
2367330,208348,Sun Nov 26 17:05:52 +0000 2017,@AmazonHelp why is prime delivery only giving me the option to be delivered on Wednesday??,2367328,
101685,133568,Thu Nov 30 17:44:17 +0000 2017,@AmazonHelp Según el tampoco me puede pasar con ningún responsable. Ahora os paso la foto de los minutos que llevo al teléfono en esta tercera llamada https://t.co/QYB0etvNB0,101687,101683.0
1366047,438014,Sat Nov 25 12:43:36 +0000 2017,@AmazonHelp It was a seller but not sure of the carrier! I have already phoned and emailed you with regards to this!,1366049,1366046.0
1425348,451145,Thu Nov 02 05:16:48 +0000 2017,"@AmazonHelp わーい！こちらもいつも欲しいもの早く届けていただいて便利でとても助かってまーす！！
これからもお願い致します（///'∇'///）✨",1425349,1425347.0
944880,344050,Sat Oct 21 17:08:20 +0000 2017,@AmazonHelp Thanks! Here's the link: https://t.co/Q5Zttt5jx2,,944879.0
164810,154201,Fri Nov 24 20:08:42 +0000 2017,@AmazonHelp Thank you!,164809,164811.0
585786,139223,Sun Dec 03 15:50:54 +0000 2017,"@AmazonHelp Obviously not, you're entire team is useless",,585784.0
1194527,400681,Wed Oct 25 02:00:25 +0000 2017,"@AmazonHelp わざわざありがとうございます^^;

自分が更新時期を把握していなかっただけなので…(笑)
通知とかあると嬉しいですね…
しょっちゅう使わせていただいています！これからもよろしくお願いします&lt;(_ _)&gt;",1194529,1194526.0
1230273,408545,Wed Oct 25 20:48:28 +0000 2017,"@AmazonHelp was on phone about money being taken out, only confirmation for 7.99 one has been emailed&amp;haven’t had one about the 79.99 one.",1230271,
2089252,228149,Wed Nov 08 10:31:25 +0000 2017,"@AmazonHelp Pretty stupid, considering it’s the same company and my login details work for both   .com and .co.uk I’m not a different person",,2089249.0
105117,139220,Thu Nov 30 18:44:06 +0000 2017,"@AmazonHelp I cant do this because the card being used is not from me, it was used by an unauthorized person that accessed my account....",,105113.0
2384156,431100,Fri Oct 20 10:10:31 +0000 2017,"@AmazonHelp Yes, I want to return iPhone 6 which has delivered on 12 oct","2384157,2384158",2384155.0
1910366,569108,Wed Nov 08 06:11:25 +0000 2017,@AmazonHelp No it hasn’t. I just cancel one of the order that charge me $50. I order that copy that charge me $42 on Monday and I think the system glitched. So I can’t track the item,1910368,1910365.0
977693,351891,Sun Oct 22 05:17:06 +0000 2017,"@AmazonHelp This is the message I got “We’re sorry your package is late. If it hasn’t arrived by Wednesday, Oct 25, please call us”...Carrier USPS",977695,977692.0
969353,350086,Sat Oct 14 06:14:46 +0000 2017,@AmazonHelp Should I ? I don't think so,969354,969352.0
13573,118832,Wed Nov 01 01:48:22 +0000 2017,@AmazonHelp here is the email. Conflicting answers from others in similar situations online. https://t.co/9zbCqLzokH,"13572,13574",13575.0
2419934,686215,Sat Nov 25 22:11:40 +0000 2017,"@AmazonHelp Ordered an item on the 23rd that was meant to have One Day delivery but only turned up today, the 25th. Found item cheaper elsewhere but being charged £3.99 to return it, joke!!",2419932,
1337975,432080,Fri Oct 27 14:56:50 +0000 2017,"@AmazonHelp Hello to you too, I'm still unsure if I want to keep my Prime account because I will not need it for 6 months.",1337977,1337974.0
180210,158403,Wed Oct 04 11:35:22 +0000 2017,Amazon is doing so many frauds. i oredered iphone7and what is receved is a box with charger and earphone so be carefull@amazonIN@AmazonHelp,180209,
197745,162506,Thu Sep 28 08:52:50 +0000 2017,"@115850 @115821 @AmazonHelp I have ordered this book from Amazon Kindle App. 
Please send me this book ASAP.",197744,
999152,356584,Sun Oct 22 20:05:48 +0000 2017,"@AmazonHelp El tranportista, AM2MX, nunca se presentó en mi domicilio ni trató de contactarme.",999154,999151.0
321978,192448,Sat Oct 07 14:33:51 +0000 2017,@AmazonHelp okay,321980,321977.0
1498510,467927,Sat Nov 04 08:52:19 +0000 2017,"@AmazonHelp Thanks, but it’s been nearly 48 hours and it still says ‘membership will be active soon’",1498512,1498509.0
258797,177530,Fri Aug 18 13:22:07 +0000 2017,"@AmazonHelp I have only mentioned truth!
If you want 5 star to publish it on your portal, then do not expect it after what your seller did!
sushantmajhi",258796,258798.0
442793,219958,Wed Nov 22 10:15:22 +0000 2017,@AmazonHelp De plus la raison qui m'a été donné n'a jamais été le changement de mon mode de paiement. Je n'apprécie pas votre argumentaire qui consiste à rejeter la faute sur le client. Très déçu !,,442792.0
1710640,518223,Tue Oct 17 17:56:22 +0000 2017,@AmazonHelp Thank you. It took them too long to disable my account.,,1710638.0
1181440,397845,Tue Oct 24 22:28:43 +0000 2017,@AmazonHelp I know my order is eligible for a free return but I'm being charged $1 for printing the return label @ UPS? I don't own a printer??,,1181439.0
1601011,491534,Tue Oct 17 09:47:04 +0000 2017,@AmazonHelp No! I just had a chat with someone and they said the updated delivery date is today so I hope that’s actually true!,1601013,1601010.0
977762,351898,Sat Oct 14 08:16:13 +0000 2017,"@AmazonHelp Just cannot seem to resolve an issue with a return - 5 days, 12+ calls and probably 6 hours on phone later still don’t think fixed",977764,977761.0
417785,214691,Tue Oct 10 15:11:58 +0000 2017,@AmazonHelp I couldn't find reply option to do it......,417788,417784.0
1745026,526199,Tue Nov 07 15:23:59 +0000 2017,"@AmazonHelp I emailed them last week and called them today. They sent me to amazon and amazon sent me back to yodel, who sent me back to the seller...",1745027,1745024.0
2752557,601165,Tue Nov 21 01:24:08 +0000 2017,"@AmazonHelp The promised delivery day was today, up till an hour ago when they moved it to tomorrow or the next day. And idk what the delay is for but it just got delivered to the amazon fulfillment center in NJ after already being in NJ somewhere else.",2752559,2752556.0
332780,195252,Sat Oct 07 19:14:14 +0000 2017,"@AmazonHelp hey guys, canceled my amazon prime mid-September but still didnt get refund. Emailed but no response. Any help?",332779,
2534489,286218,Thu Nov 16 07:44:01 +0000 2017,"@AmazonHelp Warum ist da jetzt die Zustellung am Dienstag? Beim Artikel steht jetzt  Samstag, gestern Abend, als ich bestellte, sollte morgen geliefert werden. https://t.co/2VUH5fWSlO",2534491,2534487.0
2093920,618696,Wed Nov 08 11:09:14 +0000 2017,@AmazonHelp Details sent.,2093922,2093919.0
476124,133570,Fri Dec 01 10:52:53 +0000 2017,"@AmazonHelp Where is the result of LGQ6Appquiz ????😠",476123,
340191,197180,Sun Oct 08 00:06:47 +0000 2017,@AmazonHelp ...as @115821 does not keep notes on customer calls? You have got to be kidding me.,340181,340192.0
2230310,650854,Fri Nov 10 16:06:47 +0000 2017,@AmazonHelp Thank you!,,2230309.0
1545012,478408,Sat Nov 04 06:01:04 +0000 2017,@AmazonHelp Do it soon today i have to go home with package thats by i can subscribed ur two day delivery. But yesterday ur courier do wrong.,1545013,1545010.0
1322948,428548,Fri Oct 27 10:24:09 +0000 2017,@AmazonHelp Thanks a lot .. enough of the care taken by you and your team already .. No more orders .. cancelling all other orders also,1322950,1322947.0
379005,167356,Mon Oct 09 13:09:01 +0000 2017,@AmazonHelp It's 2 pieces Fastrack wrist band. Very poor service by @AmazonHelp,379007,379004.0
1132029,386754,Tue Oct 24 12:26:24 +0000 2017,@AmazonHelp Podríamos decir que sí https://t.co/0N9PgemCLj,1132028,1132030.0
2170977,636806,Thu Nov 09 12:30:46 +0000 2017,@AmazonHelp L’hanno già effettuata anche ieri. Ma nulla è cambiato. I miei ordini sono comunque in ritardo. Mentre altro pacchi dallo stesso corriere mi sono stati consegnati,2170976,2170978.0
973967,337721,Sun Oct 22 14:52:48 +0000 2017,@AmazonHelp Done. Sent you detailed email. Have a look and do what you can...,973968,973966.0
16441,119621,Wed Nov 01 04:24:27 +0000 2017,@AmazonHelp One of the items was supposed to be delivered yesterday but UPS is apparently yet to receive anything but a shipping label…,"16443,16444",16440.0
1421345,450385,Thu Nov 02 09:48:45 +0000 2017,@AmazonHelp I've shared the details. Can you confirm when the delivery will be done?,"1421346,1421347",1421344.0
2598512,735679,Fri Nov 17 05:51:14 +0000 2017,@AmazonHelp It says AMZL US,2598515,2598510.0
1868820,558218,Wed Oct 18 09:05:07 +0000 2017,"@AmazonHelp chez vous un mail disant ""nous essayons d'avoir une date de livraison "" mais jamais de vraies nouvelles, jusqu'à aujourd'hui :-x",1868828,1868817.0
1604111,427960,Sun Nov 05 11:44:41 +0000 2017,@AmazonHelp @115821 U.K. And have answered already these questions. Lots of repetition Amazon !,,1604109.0
1097259,378928,Sun Oct 15 09:17:27 +0000 2017,@AmazonHelp @115850 @115821 @115830 i am still didn't got my answer,1097260,1097257.0
61032,129967,Wed Nov 01 21:24:34 +0000 2017,@AmazonHelp I’d have my order today. Luckily I didn’t hold my breath 🙄,,61031.0
2616444,231851,Fri Nov 17 14:47:56 +0000 2017,@AmazonHelp Sherlock Holmes neue Fälle. 1-20 z. B.  Oder auch Udo Lindenberg „Mein Ding Live“. Und sicher jedes andere Hörspiel/Live Album. Denke das ist überall so.,,2616443.0
493257,232597,Sun Dec 03 06:11:28 +0000 2017,"@AmazonHelp My friend got call from Amazon delivery manager Vinod Agarwal, 9591382390, saying that it was delivered at wrong address and we need to mark product as open box received even without receiving
@115821 @115850 @132994 @146956 @15316 @139570 @135788",493258,493256.0
386400,207482,Mon Oct 09 13:15:02 +0000 2017,"@AmazonHelp No, I meant to ask if I can pick it up tomorrow if my note says I need to pick it up ""by October 10th"". Does that mean Oct 10th 12am or 11pm",386402,386399.0
1325506,429297,Fri Oct 27 13:14:14 +0000 2017,@AmazonHelp It's already 6.44 pm,,1325504.0
2668705,264061,Sun Nov 19 10:46:37 +0000 2017,@AmazonHelp Here is the confirmation message so till when I wait for as it's written over here 12 business hours.. https://t.co/0eDGES2Trs,2668704,2668706.0
2698898,176366,Sun Nov 19 20:12:08 +0000 2017,@AmazonHelp J’en sais rien. C’est votre boulot de savoir ça et de voir avec eux. Moi je commande et on me livre le bon jour. Point barre,2698897,2698899.0
1395603,444537,Sat Oct 28 14:39:22 +0000 2017,@AmazonHelp My simple querry is MRP printed on pruduct is 1199. Then how come? You are selling it for 1399. Your conditions given on the link,1395605,1395600.0
1383455,237315,Sat Oct 28 08:16:47 +0000 2017,@AmazonHelp so the pay for a year of prime one day delivery is a con?,,1383454.0
1238741,410562,Sat Nov 25 19:52:39 +0000 2017,@AmazonHelp NOW a 4th agent contacted a seller for an item I did not have an issue with to request a refund without asking for more information.,1238740,1238742.0
2008289,593855,Wed Oct 18 20:30:57 +0000 2017,@AmazonHelp I have and was told somebody would be in touch with me...in several days.,2008291,2008288.0
2555213,725594,Thu Nov 16 16:37:52 +0000 2017,@AmazonHelp This is been almost a month i asked for return and then subsequently refund.everything was delays. Not happy at all,,2555211.0
1152717,391240,Tue Oct 24 16:24:17 +0000 2017,@AmazonHelp 48h pour retrouver un colis égaré malgré l'abonnement prime?alors que normalement  livraison en 1 jour #arnaque #fake,1152716,
439230,219318,Wed Oct 11 13:06:31 +0000 2017,@AmazonHelp Très bien merci.,439231,439229.0
2754660,140382,Mon Nov 20 20:51:45 +0000 2017,Don't know why I bother with @115830 prime when all the stuff they send never turns up the next day! And @AmazonHelp will no doubt have some crap excuse as per,2754659,
1149645,390536,Tue Oct 17 16:29:47 +0000 2017,@AmazonHelp Es por un vendedor externo,1149644,1149646.0
2478947,375790,Wed Nov 15 15:15:38 +0000 2017,@AmazonHelp so it looks like the software on the phone remains same Amazon just stops pushing adds and what not to the device. That what I needed thank you,,2478946.0
206976,165008,Wed Oct 04 21:04:11 +0000 2017,@AmazonHelp So a late night 10pm &amp; I call me know to say your have no update.  You could at least refund my prime cost for inconvenience. #stillunhappy,206974,206982.0
1373651,439720,Sat Oct 28 14:50:55 +0000 2017,"@AmazonHelp Thanks, sent them a message last night",1373653,1373650.0
471536,227281,Fri Dec 01 09:05:12 +0000 2017,@AmazonHelp Hi this is the same place I wrote the first email to - just the standard customer service email. Is there a real person I can email who can help me get my money back please?,471538,471535.0
1252697,413853,Tue Oct 17 02:46:27 +0000 2017,@AmazonHelp Absolutely.,1252699,1252696.0
1729605,522741,Tue Nov 07 11:33:40 +0000 2017,@AmazonHelp Its getting rather annoying as he isnt reading the emails &amp; dealing with the multiple issues. I need for him to read all my emails &amp; contact,1729612,1729602.0
1325483,429295,Fri Oct 27 11:49:20 +0000 2017,@AmazonHelp amazon.in,1325487,1325481.0
845264,320916,Fri Oct 13 13:33:15 +0000 2017,"@AmazonHelp Well obviously there was an order or else the guy wouldn't have been here at all, but it is to do with what he did as he drew up on 15/9.",845265,845263.0
966797,349455,Sun Oct 22 00:39:09 +0000 2017,"@AmazonHelp 4:10 PMDelivery Delay
Carrier: USPS, Tracking #: 937488__credit_card__",966798,966796.0
1399870,445499,Sat Oct 28 16:40:26 +0000 2017,@115821 @AmazonHelp @118797 I want my content ya trolls from Okoye to Taylor all Collectibles or I'm goin on Judge Mathis,1399869,1399871.0
1709439,517967,Tue Nov 07 00:40:28 +0000 2017,@AmazonHelp AMZL US,1709437,1709441.0
1428646,450852,Thu Nov 02 06:06:42 +0000 2017,@AmazonHelp Yeah please sort this asap. Don’t ruin his day @115850,,1423811.0
686751,283972,Thu Nov 23 13:51:11 +0000 2017,"@AmazonHelp Localicé mi pedido con el número, dice que está en reparto, pero me ponía por la mañana según el mensaje que me mandaron , ¿puede ser que me llegue por la tarde? gracias",686753,686750.0
2516995,341145,Thu Nov 16 07:34:11 +0000 2017,"@AmazonHelp It's unlocked for now, but I've no idea for how long, which effectively makes the Echo and Prime useless.  Not to mention all the hassle this is causing me every time.  Why should I bother using Amazon again?",2516996,2516994.0
167954,155071,Sat Nov 25 14:14:30 +0000 2017,@AmazonHelp This twitter nonsense is getting us nowhere. Please just reply to my emails. Your lack of attention to customers is disgraceful. Don’t make this any worse by ignoring it further. You advised that despite sending the offer out for Black FRIDAY the offer expired on Wednesday!,,167953.0
2276811,373357,Sun Nov 12 11:59:15 +0000 2017,"@AmazonHelp Deeply disappointed with return process of @115850 @AmazonHelp ;if possible please mail return label on my mail Id, I m not getting any return labels on return page",2276812,2276810.0
1209469,403925,Wed Oct 25 11:20:19 +0000 2017,@AmazonHelp That is non committal. Define timeline. Not that Amazon follows them when it comes to CC,1209470,1209468.0
1413183,342948,Thu Nov 02 02:43:24 +0000 2017,"@AmazonHelp Yes I have a parcel from you, but I didn’t order it &amp; there is no Mrs Hysted.",1413184,1413182.0
2212006,646513,Fri Nov 10 05:10:21 +0000 2017,@AmazonHelp Don't bother.  I just got off the phone with you all.  My order was cancelled and the driver is already back at the warehouse.  Thanks a lot.,2212005,2212007.0
1163377,287913,Tue Oct 24 16:57:06 +0000 2017,@271129 @116935 Meines Wissens nicht. Aber vielleicht kann @AmazonHelp dazu was sagen?,1163376,1163378.0
1133013,386988,Tue Oct 24 13:06:47 +0000 2017,"@AmazonHelp ""Shipment details
No tracking details. We're preparing your order. Carrier information will be updated soon.""",1133014,1133012.0
258870,177544,Thu Oct 05 21:19:26 +0000 2017,@AmazonHelp Thank you EZ,,258869.0
1148696,390327,Tue Oct 24 14:45:17 +0000 2017,@AmazonHelp This is the humble request from Amazon on 7th October that asking time till 10th October and today 24th October. https://t.co/lZTmXAmWTF,1148698,1148694.0
66184,131141,Fri Dec 01 10:28:47 +0000 2017,@AmazonHelp I’ve already done that once last week &amp; still not heard back,66186,66182.0
843352,320549,Sat Nov 25 10:24:25 +0000 2017,@AmazonHelp are you guys having delivery issues for Prime members in the UK? Your current “one day delivery” doesn’t arrive for 3 days!,843350,
356407,200624,Sun Oct 08 15:01:18 +0000 2017,"@AmazonHelp Qui ne sont pas activer avec le même message, "" votre adhésion Prime sera bientôt active "", en allant sur gerer mon compte amazon prime ""2/2",,356406.0
98603,137580,Thu Nov 30 16:59:58 +0000 2017,@AmazonHelp C’est : C10054694003,98605,98602.0
427790,216730,Tue Oct 10 13:20:20 +0000 2017,@AmazonHelp ご対応ありがとうございます。。,427792,427789.0
804858,218111,Thu Oct 12 18:35:17 +0000 2017,"@AmazonHelp It's USPS. The last notice on tracking said it left your facility in Mira Loma, CA enroute to them. Now it lists delayed, no further info.","804859,804860",804857.0
2380789,665501,Tue Nov 14 05:32:16 +0000 2017,@AmazonHelp Can u plz contact on my mobile no provided as I am unable to open this link. Also no cash back in my account,2380788,2380790.0
1704093,178206,Tue Nov 07 13:15:07 +0000 2017,"@AmazonHelp Thank you so much for your acknowledgement, I contacted Amazon via email &amp; they're looking into it.",1704094,1704092.0
1601103,299564,Tue Nov 07 10:57:30 +0000 2017,@AmazonHelp I am really upset. Because yesterday you acknowledged my details,,1601101.0
169552,155485,Fri Nov 24 21:31:06 +0000 2017,"@AmazonHelp Sim, claro!  Obrigado",,169551.0
191595,161034,Wed Oct 04 15:39:52 +0000 2017,@AmazonHelp Tried downloading and same issue,191594,191596.0
2364731,682711,Tue Nov 14 04:40:04 +0000 2017,@AmazonHelp Y ¿si el pago aún no se registra en la cuenta? Solo llego un mensaje de un cargo de $1.00,2364732,2364730.0
890729,331493,Fri Oct 13 18:19:11 +0000 2017,"@AmazonHelp Ma no. Preferisco sedermi sulla riva e aspettare, piuttosto che entrare nell’incubo dei servizi clienti",,890728.0
2628807,742453,Fri Nov 17 17:56:42 +0000 2017,"@AmazonHelp No, I had to look up your customer service number online. And you don't have a customer service phone number for seller central. So I had to route through other channels before I could get a human being. This is ATROCIOUS!",2628809,2628806.0
18949,120228,Wed Nov 01 06:11:02 +0000 2017,"@AmazonHelp Yes you missed it completely and made a blunder.
Call me on 9140560819 for more understanding","18950,18951",18947.0
1545736,478710,Sat Nov 04 12:28:22 +0000 2017,@AmazonHelp I was transferred and finally was able to talk to someone.,1545738,1545735.0
2105795,621525,Wed Nov 08 13:48:28 +0000 2017,"@AmazonHelp One was sold by amazon, the other by a seller. They were shipped together though. However, what I received was not what I ordered at all.",,2105793.0
1370009,438900,Fri Oct 20 07:03:26 +0000 2017,"@AmazonHelp 👋 diwali gone!! Parcel not received, got a msg of prcl delvrd bck 2 vendor what’s next?? I hope mney wuld be put in my account ?? https://t.co/0wqIyQ7Gkw",1370011,1370008.0
227416,170236,Thu Oct 05 09:20:38 +0000 2017,@AmazonHelp *chicken breast,,227414.0
1313078,426486,Fri Oct 27 06:25:47 +0000 2017,But process is not done from your side @AmazonHelp loosers are you going to outside of your mind! Solve it ASAP! 🙄 https://t.co/sB9Atvor3u,"1313077,1313079",
448695,221309,Thu Nov 30 20:26:25 +0000 2017,"Dites @120533 @AmazonHelp si vous utilisiez des colis adaptés au contenu (et avec une protection adéquate), @132743 ne serait pas obligé de les réparer (le colis et le contenu) ! https://t.co/60NCek00KJ","448693,448697",
461225,224593,Fri Dec 01 02:13:53 +0000 2017,"@224594 @AmazonHelp They promise me today to have a refund of the one day shipping cost, that’s was 6hrs ago and I was told it would take 2hrs...nothing on my account for a refund. And I took the offer to get it as a gift card...it was faster 🙄🙄",461223,461226.0
909055,335920,Sat Oct 21 03:15:35 +0000 2017,@AmazonHelp Thank you so much. We order all the time and this is the first missing package.,,909054.0
872206,327067,Tue Oct 17 17:35:12 +0000 2017,@AmazonHelp Kindly do it faster,872207,872205.0
2575209,730251,Thu Nov 16 21:07:28 +0000 2017,@AmazonHelp C10048884103,2575211,2575208.0
393058,209084,Mon Oct 09 17:13:47 +0000 2017,@AmazonHelp livraison lundi 5 avant 20h...,,393056.0
2198844,643152,Fri Nov 10 02:20:14 +0000 2017,"@AmazonHelp It’s being worked out, but this week we had two items shipped by Amazon’s own shipping to two different locations, one “got lost” and the other was left  at a neighbor’s patio door, outside and this is an apartment style condo building.",,2198839.0
1127962,385929,Tue Oct 24 11:02:43 +0000 2017,@AmazonHelp The DPD driver couldn't get into my building so I have arranged to collect it but it will not be available until tomorrow,"1127964,1127965",1127961.0
1387156,209383,Mon Nov 20 07:17:19 +0000 2017,@AmazonHelp 23 hours ago...it’s 2 hours from me.,,1387154.0
421359,215402,Tue Oct 10 08:53:31 +0000 2017,@AmazonHelp I have already reverted. I got no reply after that,"421360,421361",421357.0
843596,177329,Sat Nov 25 10:40:24 +0000 2017,@AmazonHelp J'ai commencé il y a 1 mois j'en suis seulement à la Saison 4 pour le moment (je suis encore loin d'être à jour !),843597,843595.0
2319786,222357,Wed Nov 15 13:15:46 +0000 2017,@AmazonHelp I’ll do dm if that’s OK?,2319788,2319785.0
333210,195364,Sat Oct 07 19:00:41 +0000 2017,"@AmazonHelp #BoycottAmazon boycott amazon 
fraud cheater @115850",333209,
2300298,667638,Sun Nov 12 16:46:20 +0000 2017,@115821 @AmazonHelp this some sort of joke? https://t.co/Fwl7UDNxMK,2300297,
133788,146136,Fri Nov 24 08:34:24 +0000 2017,"@AmazonHelp Order. #026_9580611_3115567. Despatched to your name. Order placed on 16th Oct. Sold by Fashionswan.

Just finding out if she knows who fulfilled order",,133786.0
1432639,452658,Fri Oct 20 12:18:46 +0000 2017,@AmazonHelp You'd think it'd be standard. Why wouldn't it be?,,1432638.0
1912624,306287,Wed Oct 18 14:28:36 +0000 2017,@AmazonHelp Already I have reported my issue so please help,1912626,1912623.0
1953583,579973,Thu Nov 16 12:22:03 +0000 2017,"@AmazonHelp 了解致しました。
お返信ありがとうございます。",1953582,1953584.0
2471062,706764,Wed Nov 15 11:24:26 +0000 2017,@AmazonHelp https://t.co/Bdjxkp1uN3,,2471061.0
2766376,280569,Tue Nov 21 12:32:35 +0000 2017,@AmazonHelp is there a reason for the delay with the publisher?,2766378,2766375.0
2529957,720226,Mon Oct 30 10:11:14 +0000 2017,"@AmazonHelp Ich denke eher nicht, für alle die das hier lesen, ich habe mir Mario odyssey vorbestellt und mein Wochenende ist vorbei und ob es nun Twitter, oder Reddit war, ich hab schon 20 mal mehr gesehen, als ich wollte, bevor ich selber Hand anlege",,2529956.0
1112602,357930,Mon Oct 16 08:24:20 +0000 2017,"@AmazonHelp Effectivement, j’avais eu le cas mais pour une précommande. https://t.co/ik6PLsMnKM",1112603,1112601.0
2487046,710349,Wed Nov 15 16:23:11 +0000 2017,@AmazonHelp No exactly rs.1422 my product amnt was debited from my account,2487048,2487045.0
918158,337977,Sat Oct 21 10:25:23 +0000 2017,"@AmazonHelp Once I manage to get the screen fine and the network connect it works fine, until next time I use it and then spend 30 mins trying to fix it",918214,918157.0
1919886,571567,Wed Oct 18 15:24:57 +0000 2017,@AmazonHelp I can dm you the order #'s to get them redelivered. Both were supposed to be delivered by Amazon carriers,1919887,1919885.0
2303924,668498,Sun Nov 12 19:35:17 +0000 2017,@AmazonHelp Paid for next day delivery on Wednesday but still no boots!Been fobbed off+told its out for delivery+even asked to speak with supervisor+was told by cs that superv couldn't help!Even asked for another delivery but was told no! CS is terrible!!,2303922,
1226527,407748,Wed Oct 25 18:39:18 +0000 2017,"@AmazonHelp I don't wanna get angry @ you. But it will break my heart and affect our relationship. And I love you, don't do this to me. 💔😓","1226525,1226533",1226534.0
876300,328046,Fri Oct 20 22:13:24 +0000 2017,"@AmazonHelp “I've check your order and we cannot be able to change it to a Xbox version, and to make things right for you I've cancelled the full order”",876302,876299.0
1379499,441147,Sat Oct 28 04:41:00 +0000 2017,@AmazonHelp 2/n delivery partner had lied of having attempted pick up of a return and that feedback is a lie coz he did not attempt 2/n,1379498,1379500.0
693804,285423,Thu Nov 23 15:14:26 +0000 2017,"@AmazonHelp Can I take the $ that is ""banked"" in my Amazon account and convert to an actual physical Amazon gift card?",693803,
2520565,274727,Thu Nov 16 01:40:34 +0000 2017,"@AmazonHelp Arriving today by 8 PM

But it never left the carrier facility in my city!",2520567,2520564.0
980143,171151,Thu Nov 02 14:49:43 +0000 2017,"@AmazonHelp Okkk, fine i am waiting. But this is totally wrong.",980141,980144.0
2431222,697865,Tue Nov 14 20:51:03 +0000 2017,"@AmazonHelp Ya os mandé un mensaje privado, espero la respuesta gracias",2431220,2431223.0
2477462,708131,Fri Nov 17 11:35:02 +0000 2017,@AmazonHelp no and I put it in four courier quote websites including Shipley and so far no quotes it’s 436 miles!!,,2477460.0
1046576,367388,Sat Oct 14 19:42:03 +0000 2017,"@AmazonHelp i sent an email with all the details, i check my order there is nothing i buy it by mistake",1046578,1046575.0
652108,140395,Thu Nov 23 06:05:49 +0000 2017,@AmazonHelp Balance is $0 and no purchase history available.,652109,652107.0
438821,183363,Wed Oct 18 12:28:54 +0000 2017,"@AmazonHelp Kindly show some kind of sensibility and note my insight from the attached piece. Trust Amazon would have trained you to at least that level, or that is also too much asking from you. https://t.co/C3c2LgEC61",438841,438817.0
2129438,489037,Sun Oct 29 03:49:53 +0000 2017,@AmazonHelp (3) Buying for more through a separate seller.,,2129436.0
1096782,378811,Sun Oct 15 05:44:45 +0000 2017,@378812 @AmazonHelp @116602 Thank you for always coming through! Great service! 👍,,1096780.0
917984,337932,Sat Nov 25 16:33:04 +0000 2017,@AmazonHelp #cheating #Shame https://t.co/XE2WSRXrFL,917983,
1560586,482166,Sat Nov 04 08:54:14 +0000 2017,"@AmazonHelp I didn’t get the email so checked the app last night and it said delivered, contacted CS and they said I’d have the email within 24h",1560588,1560585.0
2355299,680450,Mon Nov 13 18:42:08 +0000 2017,@AmazonHelp hi is it normal to pre auth my debit card for £1 when I sign up to a free trial of prime?!,2355297,
2529997,720226,Mon Oct 30 10:47:24 +0000 2017,"@AmazonHelp Sein werde und diese mich allem abhalten werden, selbst wenn sie den kleinen kleiner Klempner sehen",,2529994.0
1731206,119446,Wed Nov 08 14:16:54 +0000 2017,@AmazonHelp Have you released it ? @AmazonHelp,1731208,1731205.0
918232,337990,Sun Oct 29 08:01:24 +0000 2017,"@AmazonHelp The real question is ""why @AmazonHelp is escaping to provide TnC of 1000 cashback offer?""",918233,918231.0
931347,340939,Tue Oct 18 22:22:30 +0000 2016,"@AmazonHelp Well it seems it has been fixed. 
Thanks for the fast answers.",931349,931346.0
2282958,216571,Thu Oct 19 18:31:38 +0000 2017,@AmazonHelp Hi! i got charged R$1 from @117086 on october 10th. and i have no idea why. i havent placed a new order +,2282957,
1393350,444053,Sat Oct 28 13:33:44 +0000 2017,"@AmazonHelp i'm due to have a parcel delivered today, got the despatch email but the courier company says they don't have it? :( Any help?",1393348,
2480923,708893,Sun Oct 29 22:38:57 +0000 2017,@AmazonHelp ORDER # 111-2204022-6674639. Needed to be delivered by noon tomorrow.,2480925,2480922.0
959697,347696,Sun Oct 22 02:09:54 +0000 2017,@AmazonHelp You too! &lt;3,,959696.0
2269240,530991,Sat Nov 11 10:20:48 +0000 2017,"Currently waiting on 4 separate @115830 Prime orders for 8 different items, all due either today or yesterday. All of them late. All of them according to tracking are sat in Bristol, yet have dates for next week. /cc @AmazonHelp",2269239,
2176669,638022,Thu Nov 09 14:56:06 +0000 2017,@AmazonHelp Your link doesnt work..Call if you really feel you want to do something for your @48028 customers..,2176668,2176670.0
1397846,445075,Sun Oct 29 00:02:23 +0000 2017,"@AmazonHelp Já sim, a Amazon pede para falar com a Amazon.Br e por sua vez manda falar com a americana e o ciclo se repete. Já tentei chat e email 😕",1397848,1397845.0
1010390,359084,Sat Oct 14 15:43:05 +0000 2017,"@AmazonHelp product is still delivered at my office address however i informed you call center today is holiday, no point in delivering it today. no use",1010392,1010386.0
2345636,385304,Sun Nov 26 16:21:45 +0000 2017,"@AmazonHelp now u are not answering call just make a call phone on hold for 30 minutes
Wah what a system",2345634,
2468651,615231,Tue Nov 21 14:41:25 +0000 2017,"@AmazonHelp If 2, while I appreciate free things, it seems like this trial will auto renew with my credit card info. Had I not been on top of this, you would have signed me up for something I didn't ask for so you could drain my bank account.",2468650,2468652.0
181111,158536,Thu Oct 05 07:05:45 +0000 2017,@AmazonHelp This link is not useful for my issue.,181113,181110.0
306581,189100,Fri Oct 06 23:25:20 +0000 2017,@AmazonHelp No,,306579.0
1100903,330267,Sun Oct 15 06:55:41 +0000 2017,@AmazonHelp @115850 @115851 will not allow you post any negative (true) reviews. It is a scam. RT this #WATARS #Gurdaspur https://t.co/dohMMmisfP,1100902,
1242233,411402,Thu Oct 26 19:42:03 +0000 2017,@AmazonHelp Happened again 😒,,1242232.0
1357735,404992,Mon Oct 16 15:47:49 +0000 2017,@AmazonHelp All I am saying this websites like theses need to be shut down immediately,1357737,1357734.0
755029,300479,Wed Oct 11 11:40:51 +0000 2017,@AmazonHelp I'm trying to reset password but the email with confirmation code isn't arriving?,755027,
683002,282999,Thu Nov 23 14:02:07 +0000 2017,@AmazonHelp Arthas pls❤ https://t.co/4QhowC5ui0,,683001.0
2528794,191922,Thu Nov 16 06:27:55 +0000 2017,@AmazonHelp Already did with the same account,2528795,2528793.0
810248,313062,Thu Oct 12 18:59:37 +0000 2017,"I usually have the best (like BEST) experience with @AmazonHelp chat, but maybe its too good? Because today's experience was just awful.",810247,
1498546,467933,Fri Nov 03 14:33:14 +0000 2017,"@AmazonHelp Thank you. You are normally very good at delivering preorders on day of release, but I guess you were overwhelmed on this one... #CODWWII",,1498545.0
513448,238165,Sat Dec 02 00:06:30 +0000 2017,@AmazonHelp who do I contact when my order is incomplete? I have received only part of my order when it should be coming together.,513446,
1673002,509134,Tue Oct 17 15:37:05 +0000 2017,"@AmazonHelp hello, I have seen on Amazon.fr a nintendo switch sold by Amazon for €299, but after ordered it, the price rose to €339, help","1673006,1672999",
218879,168191,Thu Oct 05 02:09:35 +0000 2017,@AmazonHelp わぁ、ご丁寧にありがとうございます。いつもお世話になっております。本当に観たかったので、頑張って観ます。ありがとうございます！,218878,218880.0
395273,169172,Mon Aug 07 16:59:44 +0000 2017,@AmazonHelp @115830 351st day requesting any kind of response,395274,395272.0
261689,178318,Thu Oct 05 21:46:57 +0000 2017,"@AmazonHelp So, I tried calling customer care, but allegedly there is can't find out order",261687,261690.0
1635645,236418,Fri Dec 01 18:12:18 +0000 2017,@AmazonHelp Pls mail me my last ordered #printer items invoice and warranty slip now.,1635644,
1741774,525445,Tue Nov 07 17:14:28 +0000 2017,"@AmazonHelp if you keep losing packages like this, I’m not buying holiday gifts from you at all. 😡😫",1741770,
1445480,455420,Wed Nov 08 01:43:43 +0000 2017,@AmazonHelp No he recibido el mail,1445482,1445478.0
1224594,407286,Thu Oct 26 07:59:34 +0000 2017,@AmazonHelp Finally found the chat option (not easy to do. Needs simplifying! ) and being sorted now thanks.,1224595,1224593.0
990006,135354,Sat Nov 25 14:31:45 +0000 2017,"@AmazonHelp @AmazonHelp @115850 @115821  thanks for the help guys, I have got the package it was left with my neighbor and when I got back from work they gave it to me, I did not have their number so I couldn't make it that courier might leave it with them...","990007,990008",990005.0
227724,170304,Thu Sep 28 20:39:25 +0000 2017,"@122924 hello, I have a pkg from @AmazonHelp dispatched by you at 7 pm this Thur. from Dunstable, UK. Delivery in Munich b. 6p this Fri.?",227723,
2349548,679142,Mon Nov 13 17:29:38 +0000 2017,@AmazonHelp tonight. Now called back and they can’t reach the driver to get him to come to our home!!! DISGUSTING customer service 😡😡😡😡😡😡😡,"2349554,2349555",2349543.0
352779,199873,Mon Oct 09 02:52:20 +0000 2017,@AmazonHelp Thank you so much. One of the order has been passed. Great service by Amazon as always.,,352778.0
2198821,643149,Fri Nov 10 02:25:52 +0000 2017,@AmazonHelp I have an Airport Cab in 5 minutes now and You expect me to fill this form now.,2198820,2198822.0
2116216,623812,Wed Nov 08 13:12:30 +0000 2017,"@AmazonHelp in last 7 days I have contacted customer care 4 times , but still my problem is not solved , ORDER # 171-6467775-0679513 , it is stuck in customs @31319 horrible experience https://t.co/oiESeq2Rsd","2116214,2116217",
1044197,366907,Mon Oct 23 10:11:29 +0000 2017,@AmazonHelp Unfortunately not. It was ordered from my friends account,1044198,1044196.0
1730783,522980,Tue Nov 07 17:38:19 +0000 2017,@AmazonHelp Pun intended? So there is still a chance?,1730784,1730782.0
447232,220941,Wed Nov 29 16:45:12 +0000 2017,"@AmazonHelp Ok, donc je chercherais du côté de chez Samsung la garantie, merci !",447231,447233.0
2212133,523966,Fri Nov 10 07:49:23 +0000 2017,@AmazonHelp Ya but not provide support  by amazon....,2212134,2212132.0
13152,118701,Wed Nov 01 01:36:51 +0000 2017,@AmazonHelp Thanks. I wish the same degree of concern were shown about my complaint though.,13151,13153.0
1537429,476637,Tue Oct 17 02:05:36 +0000 2017,@AmazonHelp I wouldn't have to if u could do your job properly. Let public see how you fail to keep your promises #unhappydiwali #whereismyorder,1537431,1537428.0
1652945,504626,Mon Nov 06 07:57:35 +0000 2017,"@AmazonHelp But, to answer your first question: One shipment had delivery date, the other was delivery date pending. Not consistent w/listing as Prime.",1652946,1652944.0
2499186,610311,Wed Nov 15 18:52:16 +0000 2017,@AmazonHelp Will do. This is suddenly happening A LOT for me and for @713074. It looks like you may have some issues with the staff at your Grays depot as all the affected parcels go via there.,2499188,2499185.0
2540355,722383,Thu Nov 16 10:48:43 +0000 2017,@AmazonHelp I'm a seller from india. Have registered to sell globally and have even paid the registration fees. But no way to contact you'll and have a telephonic conversation so that i can understand everything and start selling.,2540352,
878785,328635,Fri Oct 20 18:26:44 +0000 2017,@AmazonHelp Wrong commitments by ur compny. App isnt allowing me to return a product. Refund 4 earlier item delayed by 65 days.Is dis customer service,878783,878786.0
2318573,672109,Mon Nov 13 11:17:50 +0000 2017,"@AmazonHelp Ça n'as servi à rien, vous avez aucune info sur pourquoi mon colis est en retard.",2318575,2318572.0
1097805,378597,Sun Oct 15 06:17:57 +0000 2017,"@AmazonHelp Why not talk to ""Buyback Partners"" and highlight the customers concern. If Flipkart offers more why not Amazon. Change buyback partner https://t.co/2eyimE2MNP",1097807,1097804.0
2308910,669708,Mon Nov 13 03:11:05 +0000 2017,"@AmazonHelp Yep, ""Mau"" is just giving me ""canned answers"". *sighs* In the 13 yrs I've been a customer, this is only my SECOND Customer Service experience and honestly, it's Terrible.",,2308909.0
1223198,130878,Sat Nov 04 17:12:37 +0000 2017,@407008 @AmazonHelp  https://t.co/KnIbUR7Cvk,,1223194.0
1719204,520460,Sun Nov 26 05:54:12 +0000 2017,@AmazonHelp  https://t.co/QOu3QoI8GU,,1719202.0
1850980,213988,Wed Oct 18 13:04:46 +0000 2017,"@AmazonHelp @115850 
My product is out for delivery from 48 hours
If tomorrow morning If I am not received my product I will cancel my order. 😣",,1850979.0
2393539,172343,Tue Nov 14 12:09:30 +0000 2017,@AmazonHelp your people are saying thanks for bringing into consideratio. now we will change,,2393538.0
779867,306221,Thu Oct 12 12:26:06 +0000 2017,"@AmazonHelp Yes. Got this reply: Your message has been sent. We will contact you within 12 business hours, 7 days a week 10:00 to 19:00 IST. Wait more?",779865,779874.0
2568119,728450,Mon Oct 30 15:05:25 +0000 2017,"@AmazonHelp 
will you please help me out
I am having problem with return/exchange product.

Are you helpful in your Indian market?",2568117,
474291,227890,Fri Dec 01 08:57:03 +0000 2017,"@AmazonHelp Oui c'est le cas, commande n°402-7633751-5835535.
Commande censé arriver aujourd'hui mais toujours pas expédié. Avec un petit mail ce matin prévenant qu'elle arriverai en retard.",474290,474292.0
1327751,281043,Fri Oct 27 13:32:01 +0000 2017,@AmazonHelp Tentei isso.. Sem Sucesso.,1327752,1327750.0
836187,319054,Fri Oct 13 09:27:20 +0000 2017,@AmazonHelp 😂😂,,836186.0
1434965,197813,Tue Nov 07 15:07:39 +0000 2017,"@AmazonHelp Placed order on 15th oct, made to cancel the order on 2nd nov, reorder on 2nd delivery on 13th nov and that too from hyd to blore.",,343857.0
2319794,671983,Mon Nov 13 13:05:09 +0000 2017,@AmazonHelp Tht link is not working,2319795,2319793.0
2277884,366798,Sat Nov 11 14:43:02 +0000 2017,"@115821 @AmazonHelp @115850 While placing order you showed estimated delivery date 14th November but on order tracking page, you have extended it to 16th November. Why fooling customers? https://t.co/5dZ47wJCxT",2277882,
1741810,207103,Tue Nov 07 18:09:05 +0000 2017,"@AmazonHelp I have told you the issue I am facing, not only I many are facing the same issue.","1741812,1741813",1741809.0
151986,150732,Fri Nov 24 15:52:45 +0000 2017,"@AmazonHelp ordered a tv to come today as I was meant to be working from home, circumstances changed and had to go into work. Asked for it to be left in safe place (wasn't), can't organise redelivery for weekend or evening, through you guys or them. Can't recieve on weekdays (work 8-6:30).",151985,151987.0
436283,218627,Tue Oct 10 17:40:37 +0000 2017,@AmazonHelp Shall I just look at another outlet where free shipping isn't $25?,,436280.0
2226411,302800,Fri Nov 10 09:43:13 +0000 2017,@AmazonHelp How they can put selling price more than MRP and give discount on that which equals to the selling price. Customers don't get discounts but gets fooled by the sellers. Is this right way to sell??,"2226410,2226412",2226413.0
1325571,428846,Fri Oct 27 11:28:49 +0000 2017,@AmazonHelp Order item for next day delivery. Spend all day at home waiting item never arrived and driver lie. Calling customer service after driver lie,,1325568.0
1166700,129584,Tue Oct 24 18:23:05 +0000 2017,"So, @AmazonHelp it's a week now for Prime 2 day shipping?

From order to be placed today on items w/ no ""extra shipping time"" notations??? https://t.co/6O9ZUw3e0g","1166701,1166698",
1763161,415194,Tue Nov 07 20:43:03 +0000 2017,"@AmazonHelp My twitch prime wont let me subscribe to anyone even though my last subscription was over a month ago, is this a glitch?",1763159,
1620678,496691,Tue Nov 07 01:28:10 +0000 2017,@AmazonHelp Have not rec anything more yet ?,1620679,1620677.0
836856,238695,Fri Oct 13 10:11:09 +0000 2017,@AmazonHelp  https://t.co/Mf1so8BMWB,836858,836855.0
182598,158939,Wed Oct 04 17:23:07 +0000 2017,"@AmazonHelp Awh christ, thanks for just now🙇🏽‍♀️",,182597.0
1156738,215706,Sat Oct 28 15:12:22 +0000 2017,@AmazonHelp Till date pick up not done and now again Blue dart says that you have cancelled the pic up. What is this are you joking or making me fool https://t.co/RSv5vSClLr,1156739,1156734.0
2327644,674088,Fri Oct 20 00:22:25 +0000 2017,@AmazonHelp why does amazon keep charging me almost daily 16$or 17$ for magazines ???!,2327643,
2375414,518876,Tue Nov 14 02:04:33 +0000 2017,"@AmazonHelp Hola, tengo más de dos meses intentando ingresas a mi cuenta de Amazon y no lo he logrado, no me envía el código para reiniciar mi contraseña, no responden mis correos ni me aceptan el ZIP Code. Necesito que me ayuden a solventar esta situación.",2375413,
453318,136285,Thu Nov 30 22:47:19 +0000 2017,@AmazonHelp Two days ago https://t.co/0X4yhQ960K,,453317.0
2690646,155830,Sun Nov 19 16:23:30 +0000 2017,"You gotta love when @AmazonHelp loses one of your packages, but only gives you cancellation/refund options as if it’s your fault. #Amazon #Ownership",2690644,
1509334,470335,Fri Nov 03 16:31:59 +0000 2017,@AmazonHelp Guess I'll make my own Amazon tees. You guys don't have none.,,1509333.0
656144,276095,Wed Nov 22 22:35:03 +0000 2017,@AmazonHelp Not yet but will not be surprised due to the fact that it has not yet been dispatched,656142,656145.0
1532146,475248,Fri Nov 03 20:31:13 +0000 2017,"@AmazonHelp any reason my prime video is only working on some sites/apps? .com works, https://t.co/25DwCIAZ1C and Fire android pp = no go. https://t.co/UOB4n3Kcie",1532145,
2544933,723382,Sun Nov 26 20:20:09 +0000 2017,@AmazonHelp I’ll get him to fill it out but I’m very sad that I’ve been robbed of a surprise :(,,2544932.0
1514350,471370,Fri Nov 03 18:20:05 +0000 2017,"@AmazonHelp 2 days in a row I get an ""attempted delivery - will try again tomo..."" this is my office and therefore a commercial address with a reception",,1514346.0
442777,219957,Wed Nov 22 08:15:25 +0000 2017,"@AmazonHelp I don’t think it shall work.. @1469 is not ready to register my 💻 warranty without the proper invoice and all @115850 is providing the wrong invoices.. Who will cover the damages if there’ll always be any in future.?
I am cheated by @115850 😔😔","442778,442775",442779.0
834834,318783,Fri Oct 13 08:51:38 +0000 2017,"@AmazonHelp Costmurcar person no Proper Reply
My  Order # 405-6829914-837231",,834832.0
894600,332414,Fri Oct 13 18:15:50 +0000 2017,"Requested replacements for 3 dmg items. Repl 1 of 3 still damaged. But when I try to exchange it, says refund only of $0.00 @AmazonHelp",894598,
429061,217038,Tue Oct 10 18:42:26 +0000 2017,@AmazonHelp Don't have time to waste...u r not the only dukaan,429063,429060.0
2385485,687526,Fri Oct 20 09:31:38 +0000 2017,@AmazonHelp あ！わざわざありがとうございますっ🙇‍♀️,2385484,2385486.0
2398248,690198,Tue Nov 14 13:34:53 +0000 2017,"@AmazonHelp Thanks,i am your regular customer,my tea post tea is still under process of order,item is still at bangalore,i must say best service by amazon great going 👍👌😜",2398250,2398247.0
179446,158269,Wed Oct 04 09:42:49 +0000 2017,"@AmazonHelp It was out for delivery yesterday, then got delayed, and it's not back out for delivery now. Doesn't add up. There's a lie somewhere. https://t.co/Ru6yVlJPM9",179443,179447.0
499956,233977,Fri Dec 01 20:28:03 +0000 2017,"@234415 @AmazonHelp Well their packing was all them. Should have had more padding, but yes, I'm sure it was UPS that caused the damage.",499957,499955.0
2156987,633647,Thu Oct 19 11:26:27 +0000 2017,@AmazonHelp Order ID being 402-2267599-1218739. And it was said that my amount will be refunded in 6-7 days. Its 48 days now and i haven't got my refund,,2156986.0
707946,206099,Tue Oct 10 20:01:12 +0000 2017,@AmazonHelp I've done it two days back..,707948,707945.0
2275947,661963,Sun Nov 12 01:55:50 +0000 2017,@AmazonHelp No ETA mentioned. How long I have to wait just to get am update please?,2275948,2275946.0
2482084,258589,Sun Oct 29 23:14:44 +0000 2017,@AmazonHelp Okay I was just asking because the page for the item says the item is unavailable,,2482083.0
141978,148042,Fri Nov 24 12:33:36 +0000 2017,"@AmazonHelp How should I do this? I can't log into my account! Don't you get it?! I reset my password, but the new password is also incorrect.","141976,141980",141981.0
2190937,641343,Thu Oct 19 14:06:55 +0000 2017,@AmazonHelp ????,,2190936.0
592129,260129,Sun Dec 03 16:53:12 +0000 2017,"@AmazonHelp I think something s wrong with ur pantry box size calci alogorithm!! 45% fill just for 9 items..seriously!! itms are so small that, i can fit them in &lt;10% of bx..u guys hv such big boxes bt ur alogos not crtng losses by sending more boxes!..and feedback also not reacng crt people https://t.co/GR8WcpM6Sx",592127,592130.0
210474,165812,Fri Oct 06 15:18:37 +0000 2017,@AmazonHelp And prices of products must be fixed and i think as you providing marketplace for sellers its your job to avoid price variation for product,,210469.0
942723,343482,Sat Oct 21 16:18:37 +0000 2017,@115821 @AmazonHelp your customer service sucks,942721,
530712,242922,Sat Dec 02 10:34:31 +0000 2017,"@AmazonHelp There is! It's just a little bit messed up that I pre-ordered a game to have it delivered on release day, when I work in an industry where new content is highly time sensitive, and all I get is a ""Oops! We'll have it there... Uhhh, whenever""! https://t.co/WvfNVR1E0w",530714,530711.0
682990,210321,Thu Nov 23 11:28:16 +0000 2017,@AmazonHelp just got an email telling me my parcel has been collected but I haven‘t collected it?!,682988,
2519271,717607,Tue Nov 21 02:00:00 +0000 2017,"@AmazonHelp Packages from 13 th and 15th showed up today. Took one, guy shows up 15 minutes later with second. Will be returning it via Canada Post.  Like even delivery of both boxes of same address at once us problem. How do they organize their work- intelcom people?",2519273,2519269.0
1121623,384565,Sun Oct 15 13:26:55 +0000 2017,@AmazonHelp Thanks,1121625,1121622.0
432933,217972,Tue Oct 10 16:02:44 +0000 2017,"@AmazonHelp I didn't get to contact @115821 , but i did walk up to his house , knock his door, ask politely,can i plz hve my purchase goods back.",432931,432937.0
1096695,375172,Sun Oct 15 05:40:29 +0000 2017,@AmazonHelp Send me complimentary gift of headphone with free of cost,1096699,1096693.0
598998,262064,Sun Dec 03 21:24:57 +0000 2017,@AmazonHelp #BoycottAmazon https://t.co/4iZm6ruU44,,598988.0
261248,178201,Thu Oct 05 21:32:22 +0000 2017,So @AmazonHelp this is now the 2nd time you have failed to deliver an item I have ordered via Prime. What's the point of me paying the fee?,"261249,261247",
385061,207162,Mon Oct 09 16:18:43 +0000 2017,@AmazonHelp Before ordering i talked to ur exec nd he assured me dat u wil rcv your order before 10th Oct. What benifit i m getting as a prime member?,385062,385060.0
364047,202277,Sun Oct 08 19:20:45 +0000 2017,@AmazonHelp last I looked 20 mins ago out for delivery today.,,364045.0
751700,299661,Wed Oct 11 18:27:07 +0000 2017,"@AmazonHelp The carrier is Amazon Logistics and I've called a few times, no one can reach the driver. I need to reach the driver",751702,751699.0
436423,218640,Tue Oct 10 16:49:18 +0000 2017,"@AmazonHelp Hi, do you have a department I can send a fraudulent email claiming to be yourselves",436421,
1953334,220260,Thu Nov 16 12:27:46 +0000 2017,@AmazonHelp yes this is my case id 3985776372..check it.. your team is unable to resolve today i called 5 times...@115851,1953333,1953335.0
399875,210546,Mon Oct 09 19:07:23 +0000 2017,@AmazonHelp u hv the order id... Ryt...?? Chck the issue then,399876,399874.0
2522347,718365,Thu Nov 16 02:14:05 +0000 2017,"@AmazonHelp Si, el pedido es vendido y gestionado por Amazon México.",2522348,2522346.0
913380,336781,Sat Oct 21 07:30:18 +0000 2017,@AmazonHelp https://t.co/UtUOOmT4GO,"913379,913381,913382",
234142,171755,Thu Oct 05 12:16:33 +0000 2017,@AmazonHelp i am a prime member. can i buy second year's prime membership subscription in advance?,234141,
1577226,485834,Sat Nov 04 19:44:49 +0000 2017,@AmazonHelp Pls guide Amazon India to take product back and refund my money immediately,,1577223.0
519713,239939,Sat Dec 02 07:39:04 +0000 2017,@AmazonHelp Thanku thanku soo much i love shopping from amazon ❤️,,519712.0
286281,184201,Sat Oct 07 14:44:39 +0000 2017,@AmazonHelp i hv provided all d details. Wen shld i expect ur call. Dnt u think 12 hrs is a way too much for a response.,286283,286280.0
803044,219492,Thu Oct 12 16:46:03 +0000 2017,"@AmazonHelp Ben je vous le signale a vous, je n'arrete pas de faire des signalements sur ce transporteur et on ne fait jamais rien!",,803043.0
1565881,483374,Sat Nov 04 15:33:07 +0000 2017,@AmazonHelp No - I placed a prime order Wednesday Nov 1 &amp; it says it won't be here until tomorrow. Sales rep said her end said Monday!,1565879,1565882.0
988269,354148,Sat Oct 14 11:12:02 +0000 2017,@AmazonHelp really thank u for leting me know..then plz tell how u can expdite the delivry..if smtime it is too urgent to wait..tht why i made request,,988267.0
942716,179898,Sat Oct 21 17:22:25 +0000 2017,@AmazonHelp .@Amazonhelp's William M. is as USELESS as Amazon's chat representative Kumar is in understanding when INTEGRITY is the issue! HONOR MATTERS,,942712.0
845216,217125,Fri Oct 13 15:24:57 +0000 2017,@AmazonHelp Where can I see the order confirmation?,845218,845214.0
1257469,414665,Thu Oct 26 07:32:35 +0000 2017,@AmazonHelp Absolutely none. There wasn’t any mention of “only 1 left” on the page either and I doubt it’s a super popular item because it’s expensive,1257468,1257470.0
2154462,202131,Thu Nov 09 04:13:22 +0000 2017,@AmazonHelp and another item says this. What is going on? This package is less important. But still. Not acceptable https://t.co/r9tlgG7FML,2154463,2154461.0
2260577,658228,Sat Nov 11 01:38:32 +0000 2017,@AmazonHelp Amazon Mexico https://t.co/qZEvHvVp3u,2260576,2260578.0
1842359,297523,Wed Oct 18 07:15:25 +0000 2017,@AmazonHelp Already reverted but no reply yet,"1842361,1842362",1842358.0
2319445,647669,Wed Nov 15 04:17:36 +0000 2017,@AmazonHelp Ya sure,,2319444.0
1721036,416965,Tue Nov 07 14:25:56 +0000 2017,"@AmazonHelp Gracias, ya he hablado con ellos y me han dado una solución. Feliz tarde!",1721037,1721035.0
483812,230089,Fri Dec 01 14:37:49 +0000 2017,"Hey @AmazonHelp I just got my new kindle fire 8 hd.
Wasn't I supposed to get 30 days free prime with it?",483811,
337415,196516,Sat Oct 07 22:04:33 +0000 2017,@AmazonHelp Will do. Thank you.,337414,337416.0
729858,294816,Wed Oct 11 10:47:40 +0000 2017,I give 5/5 star to customer services i forget her name may be #sonali gave supreb advice and help me.my order no 80497878.Thanku @AmazonHelp,"729859,729857,729860",
468877,138287,Fri Dec 01 07:05:51 +0000 2017,@AmazonHelp Oui!! Et d’ailleurs je viens de recevoir un mail m’indiquant que ma commande je pouvais l’oublier pour aujourd’hui. Je vous remercie pas,468878,468876.0
2132864,328356,Wed Nov 08 20:01:59 +0000 2017,@AmazonHelp all my orders from 3 different places are delayed due to external factors.theres no major weather problem in these places.then why delay?,2132863,
324390,193277,Sat Oct 07 22:22:27 +0000 2017,@AmazonHelp I've got It!!,324391,324389.0
1406558,446938,Sat Oct 28 19:01:27 +0000 2017,@AmazonHelp The escalation team were impolite and didn't tend to https://t.co/7fVjVlhO3a would you do.Would promote it to my friends to boycott Amazon.,1406560,1406557.0
1179631,381148,Tue Oct 24 22:06:26 +0000 2017,@AmazonHelp Said 24 hrs so....,1179632,1179630.0
361017,201483,Sun Oct 08 18:11:17 +0000 2017,@AmazonHelp ...use you primarily for baby products we need in a timely fashion for our young'un.,361019,361015.0
2435024,698688,Sun Nov 19 19:52:06 +0000 2017,"@AmazonHelp No, my last email that I received from Amazon about this order was when I was notified that the parcel shipped",2435026,2435023.0
1432260,452582,Thu Nov 02 13:23:02 +0000 2017,"@AmazonHelp Amazon様〜。お世話になっております〜。
ありがとうございます(´༎ຶོρ༎ຶོ`)",1432259,1432261.0
756327,158344,Wed Oct 11 18:37:45 +0000 2017,@AmazonHelp Just looking into this. So I have to go out of my way and return these items all because they were not delivered correctly,756326,756328.0
641810,272312,Wed Nov 22 20:25:48 +0000 2017,"@AmazonHelp me han enviado un libro usado, que no es de la editorial que yo quería con el código de barras tapado con una pegatina etc etc. Un desastre por no decir otra cosa.
Hay algún servicio de Amazon donde me puedan ayudar ?",641809,
2213725,646521,Fri Nov 10 05:00:29 +0000 2017,@AmazonHelp Uploaded details onto that link. Please help ASAP,,2212045.0
2573792,729892,Thu Nov 16 20:22:49 +0000 2017,@115821 @AmazonHelp can you help?,2573790,2573793.0
1553816,480671,Sat Nov 04 11:23:09 +0000 2017,@AmazonHelp Yes I’m a seller on Amazon.in &amp; ain’t getting solutions even after drafting my concerns to ur respected Country manager.,,1553815.0
1378675,432466,Sat Oct 28 09:19:19 +0000 2017,@AmazonHelp Ich bin völlig enttäuscht und sauer!,,1378674.0
1223052,406985,Thu Nov 02 12:05:30 +0000 2017,@AmazonHelp Elle essai de voit si elle peut scinder la commande en deux et envoyer en express les produits vendus par vous même.,"1223053,1223054",1223050.0
111804,140832,Thu Nov 23 20:29:14 +0000 2017,@AmazonHelp This refund process is taking way to long  i have had to speak with multiple amazon reps this is kinda ridiculous.. i have never had a worse experience getting a refund on something in my life.,111801,
2414455,694010,Tue Nov 14 18:03:26 +0000 2017,"@AmazonHelp Muchas gracias por la ayuda, si sigo sin noticias, contacto con el servicio al cliente.",2414456,2414454.0
793827,119261,Thu Oct 12 14:19:40 +0000 2017,"@AmazonHelp Thanks. The associate processed the refund anyway. I appreciate it. Next time, I'd prefer to get a receipt when I drop off the item!",,793825.0
1436682,453521,Thu Nov 02 14:32:26 +0000 2017,"@AmazonHelp hi 2 hour, never seen the extra $4.99 charge on top of the tip :(",1436685,1436681.0
1398052,445117,Sat Oct 28 18:34:08 +0000 2017,"@AmazonHelp It was delivered today between 8 and 7 on amazon but between 7 and 5 on DPD, really not happy, I pay for this service at the end of the day",1398054,1398050.0
1201208,402243,Wed Oct 25 14:06:49 +0000 2017,@AmazonHelp De acuerdo. Gracias por responder.,1201209,1201207.0
2355292,680448,Mon Nov 13 19:56:04 +0000 2017,"@AmazonHelp Yes. It's a conversation I've had with Amazon multiple times and nothing changes. As I said, 4 orders in a week that I will have to wait until Saturday to pick up.",,2355291.0
1676414,509968,Tue Oct 17 16:13:22 +0000 2017,"@AmazonHelp I have already contacted you this afternoon and was told to contact separate venues, who in-turn said i cant book til friday.",,1676413.0
139031,147328,Fri Nov 24 10:57:34 +0000 2017,@AmazonHelp https://t.co/gFkY74fvsr,139033,139030.0
143995,148567,Sat Nov 25 16:15:15 +0000 2017,@AmazonHelp Pues unos teléfonos inalámbricos para mi casa de la marca @39176 ¿Queréis más datos? jaja,,143994.0
158821,152510,Fri Nov 24 17:52:45 +0000 2017,@AmazonHelp Done. Please make sure you show and sell the same material...,158823,158820.0
347897,198851,Sun Oct 08 06:12:57 +0000 2017,@AmazonHelp oui j’ai reçu aucune réponse,347899,347896.0
180023,158370,Wed Oct 04 10:49:34 +0000 2017,"@AmazonHelp Literally you guys sucks at ur service and customer have to suffer, and now my money got stuck and i feels wonderful i have not my product",,180022.0
1546044,478780,Sat Nov 04 07:14:15 +0000 2017,"@AmazonHelp Done. Thanks, hopefully this can be resolved soon.",1546045,1546042.0
944159,118225,Sat Oct 14 00:22:52 +0000 2017,@AmazonHelp Will do. It was very disappointing especially since I was on the phone with him and said I was walking to my apartment,,944158.0
2534444,721132,Thu Nov 16 08:23:24 +0000 2017,"@AmazonHelp It says it's out for delivery today. I want to be able to clarify they are delivering to the correct address, i.e. my house, not the bungalow down the road that's in the next district with a different postcode but has the same number.",2534445,2534443.0
1196795,401191,Wed Oct 25 02:40:54 +0000 2017,"@AmazonHelp Had ordered a 1080 ti, got a code for destiny 2, but it's saying that the code was already redeemed?",1196794,
557129,250087,Sat Dec 02 23:09:08 +0000 2017,"@AmazonHelp Meua migo, eu gostei tanto do conteúdo do livro que to indo segunda no cartório pedir separação da minha senhôura pra em seguida me casar com ele",557130,557128.0
234768,171905,Thu Oct 05 13:04:38 +0000 2017,@AmazonHelp @115851 @115850 @10265 From 22nd September I m writing &amp; twitting but Amazon always reply that it will credit on 25sep then 28th then 1st then 3 then 5th Oct but,"234767,234769",234770.0
56875,128885,Thu Nov 02 03:23:53 +0000 2017,@AmazonHelp Well I'm gonna try certain pin codes from Pune or Kolhapur. Hope it's enough to grab one of those very few,"56876,56877",56873.0
377236,205517,Fri Oct 13 10:33:40 +0000 2017,@AmazonHelp @115850 and @AmazonHelp weekend is here even d details r provided.. still no response  #irritated #worstexperience #verydisgustingservice,377238,377235.0
942727,343482,Sat Oct 21 17:14:09 +0000 2017,@AmazonHelp I will do it when I get home and sign in and send it,,942726.0
1113860,382878,Tue Oct 24 02:41:29 +0000 2017,@115850 @AmazonHelp unable to delete card via Manage Payment Methods page. Is the issue brought to notice already? #CardManagement #Amazon,1113859,
1391557,443644,Sat Oct 28 12:09:03 +0000 2017,"@AmazonHelp hi, I ordered something I needed by Monday and the wrong item has been delivered today please help",1391555,
505821,236029,Fri Dec 01 21:27:07 +0000 2017,@AmazonHelp it was by 3rd party. Match_Garments. I’ve past the return date because I bought them for a cosplay. Didn’t put them on and notice until I put them on for a comicon.,,505820.0
1126686,385654,Sun Oct 15 14:17:25 +0000 2017,@AmazonHelp I tried to get the preview of an Ebook and was instead charged $90 for the entire book. Help!,1126685,
1122299,384705,Fri Oct 27 10:11:31 +0000 2017,"@AmazonHelp No such luck. “Will be delivered by 1st Nov” now. I leave UK on 30th. It’s in Preston (12 miles away), how long can it take?! #unhappy",1122300,1122298.0
89274,135304,Thu Nov 30 14:57:08 +0000 2017,@AmazonHelp thanks,,89273.0
2465415,122179,Wed Nov 15 09:57:42 +0000 2017,"@AmazonHelp Ok i will do it
Thanks for the update
Have a good day ahead.",2465417,2465414.0
2452857,536044,Sun Oct 29 18:03:41 +0000 2017,@AmazonHelp So it seems it was either was attempted to be delivered to wrong address or they were running late and gave up!,2452856,2452858.0
2553941,725321,Thu Nov 16 15:09:47 +0000 2017,"Bjr @AmazonHelp pk  2 articles commandés en même temps (2 commandes différentes) ne sont pas expédiés en même temps, la commande la plus récente est déjà expédiée alors que l’autre est encore en « pas encore expédiée »? Membre prime, j’aimerais recevoir mon colis à temps (demain)",2553939,
784341,307188,Thu Oct 12 08:04:55 +0000 2017,Hey @AmazonHelp - I need your help! @115830,784339,
2131772,627369,Thu Oct 19 08:21:26 +0000 2017,@AmazonHelp But there’s no way of me finding out without asking them?,2131773,2131771.0
1445417,455411,Mon Oct 16 19:06:38 +0000 2017,"hola @AmazonHelp , llevo esperando un paquete de correos express en casa y no llega, llevo todo el dia en casa y nada https://t.co/GPcr9MpOyT",1445414,
1268316,416965,Thu Oct 26 15:56:18 +0000 2017,@AmazonHelp Hola Amazon Help! Estimada para el 31 de Octubre. Siempre llegan a tiempo y seguro que éste envío también! 👍,1268318,1268315.0
2601536,736342,Fri Nov 17 09:04:11 +0000 2017,"@AmazonHelp Danke für die Anteilnahme, aber ""Hilfe"" wünsche ich mir seit der ersten Bestellung vor 2 Wochen. 5-6 Telefonate mit DHL, 3 oder 4 Chats mit Amazon, heute ein Telefonat mit Amazon. Das alles hat bisher nichts gebracht. Was verstehst du unter ""weitere Hilfe""?",2601538,2601535.0
1532126,475245,Sat Nov 04 02:43:45 +0000 2017,"@AmazonHelp The estmt shwd that it will be delvrd by 4 nov. Evn recvd a msg, bt now it says that it will be delvrd on 6 nov.","1532128,1532129,1532130",1532125.0
1390709,443480,Sat Oct 28 12:02:36 +0000 2017,"@AmazonHelp Huch, ein sch zu viel. 🙈",,1390708.0
782431,306773,Tue Oct 17 11:02:56 +0000 2017,@AmazonHelp There was not any single helping thing indicated on that mail... I my self called and ask for refund.. u guys are harrassing me from last week.,782432,782430.0
2349484,171659,Mon Nov 13 17:07:54 +0000 2017,"@AmazonHelp My Prime order was dispatched with Hermes on Friday and I still not received. Other part of my order from Amazon Logistics has arrived. Still not out for delivery, but arriving by 8pm tonight. Don’t think it’s going to happen :(",2349482,
1603553,492109,Sun Nov 05 09:18:39 +0000 2017,"@AmazonHelp The issue is that your webapp doesn't work properly on iOS, just try it and open a ticket with whichever team is the right one.",1603555,1603552.0
1503960,469072,Fri Nov 03 16:14:55 +0000 2017,@AmazonHelp If I’m already home... and accept the package... who is the proof for?,,1503959.0
2205209,161019,Thu Nov 09 22:31:40 +0000 2017,@AmazonHelp November 16th when the deluxe which I preordered releases on the 14th.,2205208,2205210.0
2396355,689766,Mon Nov 27 08:52:50 +0000 2017,"@AmazonHelp Thank you - they've contacted the accounts team. Best wishes, Jennifer",2396356,2396354.0
685902,283734,Thu Oct 05 19:25:59 +0000 2017,Cool cool cool. @115821 amzl says they attempted to deliver my package but they didn't. LOVE IT. 😡@AmazonHelp,685901,
2515797,716679,Thu Nov 16 00:23:11 +0000 2017,@AmazonHelp That's not really the problem... My order won't SHIP until 3 days after release,,2515796.0
587958,258933,Sun Dec 03 16:24:01 +0000 2017,@AmazonHelp I asked about complaints procedure and the supervisor said that @115830 doesn’t have a complaint procedure.only feedback form,,587955.0
2337981,676385,Fri Oct 20 05:49:47 +0000 2017,@AmazonHelp On Amazon.fr,"2337983,2337984",2337980.0
279156,182573,Fri Oct 06 14:26:01 +0000 2017,@AmazonHelp Ok cool. This is closed now. Have a nice weekend.,,279154.0
718343,291990,Sat Nov 25 08:13:49 +0000 2017,@AmazonHelp ついつい画面に目がいってしまいますからねぇ…ｗ,718342,718344.0
1347627,434266,Fri Oct 27 20:46:56 +0000 2017,@AmazonHelp Justo lo ando probando. Claro! Están cordialmente invitados https://t.co/POTohEiBQN,1347628,1347626.0
2756717,228640,Tue Nov 21 02:43:35 +0000 2017,@AmazonHelp oh good thank you -- and this will work on black friday as well?,2756715,2756719.0
1097663,379030,Mon Oct 23 22:06:49 +0000 2017,@AmazonHelp No. It still says it's on the way. It's been saying that all day.,1097661,1097667.0
2132866,530544,Wed Nov 08 20:18:15 +0000 2017,"@AmazonHelp ""arriving today by 9 p.m."" I paid for same-day delivery yesterday, and they attempted delivery around 7pm when I was not home and the office was closed.","2132868,2132869",2132865.0
2309308,516213,Mon Nov 13 04:30:08 +0000 2017,@AmazonHelp How long should I wait?  I have shipments that need to be redirected or recalled before the delivery attempt tomorrow.,2309309,2309307.0
1542648,477921,Sat Nov 04 07:37:45 +0000 2017,@AmazonHelp jajaja pues sí!,1542650,1542647.0
1869791,558457,Wed Nov 08 05:22:05 +0000 2017,"@AmazonHelp I've chatted with your representatives many many times over the past 2 years about the issues i've been having with deliveries and nothing has been resolved, though i've been reassured each time that it will never happen again. I'll be contacting you guys again tomorrow.",1869793,1869790.0
1084374,375783,Sun Oct 15 03:12:36 +0000 2017,@AmazonHelp My account is locked,,1084373.0
1700052,451684,Mon Nov 06 21:13:12 +0000 2017,@AmazonHelp Need for speed payback delux edition for PS4 https://t.co/6yUtSzEVH4,"1700054,1700055",1700051.0
798802,310418,Thu Oct 12 15:19:37 +0000 2017,@AmazonHelp I had a coversation with u but they are making fool of me from the morning and now said all this hell was because of pricing issue w,"798805,798806",798794.0
1897684,565587,Wed Oct 18 16:11:20 +0000 2017,@AmazonHelp @219634 *early,,1897683.0
1159113,392672,Sun Oct 15 19:49:37 +0000 2017,"@AmazonHelp asked reason. I said wrong color, wrong style, &amp; a line of paint under collar from decal stencil. The they asked for pic.&amp; i sent. Pt1",,1159112.0
1916249,127739,Wed Oct 18 14:46:14 +0000 2017,"@AmazonHelp Got the book, but not the other bits, I'm assuming they should have come in the same package https://t.co/UAVqInmv7m","1916260,1916261",1916247.0
837147,319231,Fri Oct 13 09:50:55 +0000 2017,"@AmazonHelp Well, seeing as I know that there are now these two things in stock, can I at least have this change of address fulfilled?",,837122.0
1599617,206404,Sat Oct 28 22:21:15 +0000 2017,@AmazonHelp Is it only @115830 that listen?,1599615,1599619.0
1137378,387912,Wed Oct 25 16:50:21 +0000 2017,@AmazonHelp Yes for the last 2 weeks my deliveries have been recorded as handed to me when they have never made it to my door??,1137380,1137376.0
1737619,201488,Tue Nov 07 09:45:27 +0000 2017,@AmazonHelp Shared my details via DM.,1737617,1737621.0
1320501,428324,Fri Oct 27 09:08:41 +0000 2017,@AmazonHelp It says please enter a valid payment method and an address which are both local,,1320500.0
2465340,196434,Sun Oct 29 19:37:59 +0000 2017,@AmazonHelp I was supposed to receive a package today because I have prime and I’m getting a notification that usps couldn’t deliver today because they couldn’t access the front door. I live in a regular neighborhood with no gates. What gives?,2465338,
2154085,632906,Mon Nov 20 16:13:36 +0000 2017,@AmazonHelp Bien entendu je ne peux pas évaluer l'emballage puisqu'il n'apparaît pas dans la liste des commandes éligibles à l'évaluation. Pourtant il s'agit d'un article vendu et expédié par @120533,2154084,2154086.0
1294245,164814,Wed Oct 18 01:39:24 +0000 2017,@AmazonHelp I filled up all details,1294247,1294244.0
716558,291503,Wed Oct 11 01:30:06 +0000 2017,@291504 @AmazonHelp @115821 @115817 HOW FRUSTRATING!!! #sameboat,716559,716556.0
2405085,691776,Tue Nov 14 15:51:18 +0000 2017,"@AmazonHelp Je n'en sais rien, d'un côté on me dit colis perdu, qu'il faut en recommander un et qu'on va me le faire livrer en express pour ensuite me dire que ce n'est pas possible, de l'autre on me dit d'attendre jusqu'à vendredi afin de pouvoir trouver une solution...",2405086,2405084.0
1079412,374610,Sun Oct 15 01:08:35 +0000 2017,"@AmazonHelp It is amazon fulfilled product, seller-cloudtail India and my one of the product  also dispatched https://t.co/sEbLcjLQkp",1079410,1079413.0
1288880,421448,Wed Oct 18 15:13:39 +0000 2017,"@AmazonHelp Ya lo reporté ayer por tercera vez, la última quedaron en llamarme a las 20 horas la chica que habló conmigo y todavía la estoy esperando.",1288882,1288879.0
528987,146883,Sat Dec 02 10:26:48 +0000 2017,@AmazonHelp Ich glaub zum Glück nur bei einer Kinderserie ... Meine irgendeine Bibi Blocksberg folge ... https://t.co/u9tYyWSdK2,531564,528986.0
2616304,579971,Fri Nov 17 14:25:33 +0000 2017,"@AmazonHelp @amazonhelp i have done it #hours ago, #again #nothing has #happened... can u #explain ?????",2616303,2616305.0
249775,175368,Sun Oct 15 02:47:22 +0000 2017,@AmazonHelp I do not want to suffer further with online mobile order.Please cancel that order and refund my money.,,249773.0
437364,218867,Tue Oct 10 17:50:11 +0000 2017,@AmazonHelp An agent took care of it for me. Thank you.,,437363.0
437946,219037,Sat Nov 25 07:53:39 +0000 2017,@AmazonHelp The issue has been resolved. Thanks.,437948,437945.0
651593,274954,Tue Oct 31 11:15:08 +0000 2017,@AmazonHelp Update ???,,651592.0
2763573,773068,Tue Nov 21 14:18:14 +0000 2017,@AmazonHelp Its more than 5:00 PM. When will #OnePlus5T available for non-prime members?,2763574,2763572.0
1118584,383921,Fri Oct 27 04:32:35 +0000 2017,@AmazonHelp So i got 1 mail from Social Team saying he will look into it - Krishna. Then another today by Mahiti tellng me my shipments are returned(1/2,1118585,1118582.0
1082228,375289,Mon Oct 23 20:36:49 +0000 2017,"@AmazonHelp Thanks, have filled in a contact form. Is there any way to freeze the account in the meantime? I have the 'rogue' address.",1082230,1082226.0
590808,259750,Sun Dec 03 16:52:18 +0000 2017,"When @115821 screws up, delivered to the wrong place. They won’t rectify it. @AmazonHelp #byebyeprime https://t.co/CiMjaMTsIi",590807,
2346309,678416,Tue Nov 21 18:06:57 +0000 2017,@678417 @AmazonHelp @678415 pulisiiiiaaaaaa,,2346308.0
673178,280571,Thu Nov 23 09:47:55 +0000 2017,@AmazonHelp Order one Amazon shipping tracking ID Q34005192703,,673175.0
481508,229454,Fri Dec 01 14:39:23 +0000 2017,@AmazonHelp On me propose d'attendre jusqu'au 6 décembre pour voir les options qui s'offrent à moi. C'est un problème d'Amazon ou de la poste ??,481510,481507.0
519736,239945,Sat Dec 02 12:55:24 +0000 2017,@AmazonHelp 4 of the 5 were shipped via UPS. 1 was AMZL US.,519738,519735.0
564894,252343,Sun Dec 03 00:51:50 +0000 2017,@AmazonHelp また利用させていただきます😊,564896,564893.0
129222,145094,Fri Nov 24 05:33:09 +0000 2017,@AmazonHelp I am Also Able to see my orders now.... Doea it means my account is now unholded?,129225,129221.0
1279907,419469,Fri Oct 27 14:15:19 +0000 2017,@AmazonHelp Seriously though I’m so sick of my packages arriving late.,1279908,1279905.0
663764,278192,Thu Nov 23 02:18:40 +0000 2017,"@AmazonHelp hell can you delay my package to monday? The promised date was monday anyway but it said that it will be delivered this friday. I wont be home friday, hope you can delay my package",663763,
1601111,491547,Sat Nov 04 23:27:08 +0000 2017,@AmazonHelp ich habe Dienstag (Feiertag) Vormittag per evening express zu Donnerstag bestellt. Bisher nicht angekommen https://t.co/vSLjDnnXPT,"1601112,1601110,1601113",
1013768,359877,Sun Oct 22 18:53:00 +0000 2017,"@AmazonHelp. Usually when I purchase I get an email, this time I didn't purchase, and no email.",1013772,1013767.0
1734538,247287,Tue Nov 07 13:45:51 +0000 2017,"@AmazonHelp Haven't placed order, because Saturday is too far away. Now ending trial. Other services can deliver tomorrow. Why should I wait?",1734540,1734537.0
2634801,529221,Fri Nov 17 19:34:42 +0000 2017,"@AmazonHelp Hi ac, no error msg. Just the same Review purchase pg after Ive clicked that Ive reviewed &amp; want to buy. Over &amp; over again. Tried amazon app, it played up after trying twice. It’s only just let me finish placing my order. I should have gifts soon, just 😱 about having overcharges",,2634800.0
2456096,703559,Wed Nov 15 07:17:43 +0000 2017,@AmazonHelp My registered email to u is __email__ can access there.,2456109,2456094.0
1311311,426423,Sun Nov 05 14:26:05 +0000 2017,@AmazonHelp your bugs are annoying. Now I am unable to buy :( https://t.co/eXoeAyF8br,1311312,1311310.0
1608384,493909,Sun Nov 05 18:09:23 +0000 2017,@AmazonHelp Anyways i need to be refunded by tomorrow evening or Tuesday i will go to consumer court with my lawyer and i have enough profs to prove,1608385,1608382.0
1492688,329208,Thu Nov 09 06:54:49 +0000 2017,@AmazonHelp  https://t.co/17Aqmoowb0,1492689,1492687.0
245866,174401,Thu Oct 05 15:31:13 +0000 2017,@AmazonHelp Ya que yo pague por un producto que no se me ha otorgado. 2/2.,245869,245865.0
2597099,596622,Fri Nov 17 06:35:54 +0000 2017,@AmazonHelp I already did that and it didn't help.,2597101,2597098.0
439293,219328,Wed Oct 11 10:53:00 +0000 2017,"@AmazonHelp Instead of tweeting 8 tweets from morning, someone could have called and close the matter. my order id is  209116648957, my phn # 9930753826","439294,439295",439292.0
1533702,475638,Fri Nov 03 23:34:02 +0000 2017,@AmazonHelp Where is my package? It was supposed to be delivered today. Says at your facility at 11:30. Gonna cancel my prime..horrible.,1533700,
2511728,715880,Wed Nov 15 22:45:12 +0000 2017,@AmazonHelp I sent you guys a DM over 8 hours ago. Do you not check them?,2511726,
1249684,413205,Thu Oct 26 05:05:42 +0000 2017,@AmazonHelp The CS team provided a very prompt response and issued a replacement order to be delivered tomorrow. I greatly appreciate your help.,,1249683.0
280174,170823,Thu Oct 05 10:05:28 +0000 2017,@121284 @AmazonHelp Is it possible to cancel and re-order echo plus? Missed an offer :(,"280177,280172,280178",
245176,174202,Wed Oct 04 16:55:24 +0000 2017,@174203 @AmazonHelp 😢 😢,245177,245175.0
2281532,191056,Sat Nov 11 21:05:11 +0000 2017,@AmazonHelp Here you go. This shit doesn't fit. https://t.co/YIi5qvyH1o,,2281531.0
1156199,126981,Tue Oct 24 18:13:38 +0000 2017,"@AmazonHelp Thanks, Ive alreadu read over this however i still can't find an answer. Ive bought a bed from a 3rd party seller amd now I need to...",,1156198.0
1036539,365200,Mon Oct 23 01:32:42 +0000 2017,@AmazonHelp I returned a Prime Wardrobe order but got an email saying that something i returned was missing from the box.  help?,1036537,
1609093,494043,Sun Nov 05 10:58:02 +0000 2017,"@AmazonHelp 注文確定直前画面まで確認しましたが、反映されていないようでした…。カスタマーサービスに連絡させていただくことにします。
わざわざ丁寧なご対応ありがとうございました！",1609094,1609091.0
312965,125313,Sat Oct 07 10:45:24 +0000 2017,@AmazonHelp No info since yesterday. Really 😒 https://t.co/D1u8Bfwxyj,312966,312964.0
227389,170235,Thu Oct 05 10:59:41 +0000 2017,@AmazonHelp I called Amazon cust support. Call was done to leave a feedback that Amazon should not deal with such brands. Wasn't happy with ur team,227398,227383.0
888378,151164,Sat Nov 25 15:07:38 +0000 2017,@AmazonHelp This order was placed on the Thursday so I expect it would have been very quiet then actually. The delivery says it was attempted yesterday and today but it hasn’t been as I took a day off work to be home for it. It now says it will be redelivered Monday... when I’m back at work,888377,888379.0
1041702,366356,Wed Nov 22 07:30:51 +0000 2017,@AmazonHelp Ok gracias.,,1041701.0
2547030,723871,Thu Nov 16 14:42:02 +0000 2017,@AmazonHelp I want that item and had specifically asked for the item to be resent and now I am told I have to order the item again and the refund is being processed and will take 2-4 days. I don't even have a number to call and complain.,2547034,2547029.0
2766315,773635,Tue Nov 21 10:40:22 +0000 2017,@AmazonHelp Thanks. Have shared the same,,2766314.0
395125,169172,Mon Feb 27 19:10:33 +0000 2017,@AmazonHelp @115830 192nd day requesting any kind of response,395126,395124.0
1191724,400094,Wed Oct 25 08:25:52 +0000 2017,@AmazonHelp 23rd October 2017 https://t.co/Qso01YGjsD,1191729,1191715.0
1623908,497403,Sun Nov 05 18:48:44 +0000 2017,@AmazonHelp In this case please close all my account and check who is registered with this account. How can you allow ppl to register with UK no,"1623909,1623910",1623907.0
1759049,529490,Tue Nov 07 17:34:08 +0000 2017,@AmazonHelp Non du tout je pensais que vous auriez la réponse à ma question,1759048,1759050.0
319798,192231,Mon Oct 09 17:11:53 +0000 2017,"@AmazonHelp i had provided all details but still no solution 

very very bad service from amazon",,319796.0
133636,146126,Fri Nov 24 11:18:11 +0000 2017,"@AmazonHelp Nope, I couldn't get the customer service contact details. and now I contacted them and waiting for the response.",133638,133635.0
2741899,768065,Mon Nov 20 21:55:27 +0000 2017,@AmazonHelp Ya hasta lo recibí 👏🏻👏🏻👏🏻👏🏻👏🏻gracias!!!!!,2741900,2741898.0
1550784,479949,Sun Nov 05 21:09:01 +0000 2017,@AmazonHelp Yes. Now it's tomorrow. I told the guy this isn't what I pay for and I got well it will be here tomorrow or I can cancel it. Totally,,1550782.0
191509,161019,Wed Oct 04 22:34:34 +0000 2017,@AmazonHelp I sent an email from the customer support portal an hour and a half ago and haven't heard back yet about my beta code.,191511,191508.0
2435692,406793,Sun Oct 29 14:23:18 +0000 2017,"@AmazonHelp Hi, why was my package clearly left in a place where I stated it not to go. Worried about this now. https://t.co/Z4cXsCsexb",2435691,
1204116,402860,Wed Oct 25 14:02:26 +0000 2017,"@AmazonHelp Hello,  why my Kindle order stay 'pending' and i haven't received any e-mails regarding this order.",1204114,
1334342,431274,Fri Oct 27 13:47:12 +0000 2017,What’s the point of 2 day shipping if your going to ship the order 12 days after I place it? @AmazonHelp,1334340,
2187340,640545,Thu Oct 19 13:30:22 +0000 2017,@AmazonHelp I appricate the fast response tho.,2187343,2187339.0
1525965,473922,Fri Nov 03 21:42:39 +0000 2017,@AmazonHelp Pre-ordered Call Of Duty WW2 on 25th September with guaranteed delivery date today (Release day). Did not receive it...,1525961,
2289939,665238,Mon Nov 13 13:51:20 +0000 2017,@AmazonHelp Filled and replied yesterday but no response till 1921hrs.,2289943,2289937.0
101742,138286,Thu Nov 30 18:00:33 +0000 2017,@AmazonHelp Ok ill just cause amazon money with their free postage and more work with picking and packing. That’s cool,,101741.0
546482,247071,Sat Dec 02 17:30:01 +0000 2017,@AmazonHelp What's there to elaborate now ? Just ask my account details and sort this shit out..,546484,546481.0
1764538,530801,Tue Nov 07 21:20:43 +0000 2017,@AmazonHelp can u tell me of my package is out for delivery cuz its supposed to be here today,1764537,
331969,195051,Sun Oct 08 03:45:45 +0000 2017,@AmazonHelp (2/2)if customer has paid for the same he has right to know where is the order &amp; who is delivering. Right???,,331967.0
2741882,768059,Mon Nov 20 18:02:41 +0000 2017,@AmazonHelp Recebi não. Solicitei hoje de manhã e novamente a tarde. :(,2741884,2741881.0
1363573,437498,Mon Oct 16 14:55:28 +0000 2017,@AmazonHelp I went through numerous reviews which mentioned that the products sold were not genuine. The picture shown does not match the actual bag.,"1363575,1363576",1363572.0
1665710,507511,Mon Nov 06 11:56:43 +0000 2017,@AmazonHelp 何かあった場合もちゃんと代金分のチャージが戻るとのことで安心しました。お手数をおかけしてしまいすみませんでした。助かりました、ありがとうございます😊,1665711,1665709.0
78849,133581,Mon Nov 27 14:55:20 +0000 2017,@AmazonHelp Thanks for the reply. On the very same day had a discussion with one of your support executive who said that I would be contacted by your team within 48hours which apparently have not come in your clock I guess.. which timezone do you follow?? It keeps changing with the day?,78848,78850.0
1528648,474594,Fri Nov 03 22:39:08 +0000 2017,@AmazonHelp Wird zugestellt. Seit heute morgen. Hermes bekommt es leider nie hin pünktlich zu liefern. Bisher immer so.,1528650,1528647.0
1554393,480791,Sat Nov 04 11:27:11 +0000 2017,@AmazonHelp hi. What do I do if the email associated with my account was changed without my permission?,1554392,
780853,306375,Thu Oct 12 05:58:03 +0000 2017,"@115850 @AmazonHelp Wow! didn't know that auto order cancelation is as well part of Prime benefits. 

O.ID:406-7327998-8113902","780851,780854,780855",
2617316,739726,Sun Nov 26 21:52:31 +0000 2017,@AmazonHelp No he recibido nada,,2617315.0
2055555,130086,Wed Oct 18 23:11:12 +0000 2017,@AmazonHelp @115821 how can you reschedule a delivery without me doing it?! Waited in all day and it was 1 day delivery for a reason!,2055552,
1243761,411795,Wed Oct 25 23:27:28 +0000 2017,@AmazonHelp hello bought your new fire tv today. When watching Netflix the fire tv just restarts itself randomly? Happened 3 times tonight,1243760,
930426,340719,Mon Nov 20 20:13:59 +0000 2017,"@AmazonHelp Basically an issue on an order that allegedly wasn't authorised, and then was on Monday. However nothing was advised, waiting at work...",930425,930427.0
2752097,770462,Sun Nov 26 23:45:48 +0000 2017,"@115821 @AmazonHelp I made a order and two hours later I got this email, I didn't used a gift card at all I don't know why I'm getting this https://t.co/ml39E7oG1h",2752096,
980208,352413,Sun Oct 22 05:53:19 +0000 2017,"@AmazonHelp Yes, I know - already done. Just no clue why it's there all of a sudden. what are you guys doing with our accounts?",980207,980209.0
1178059,397065,Tue Oct 24 20:58:00 +0000 2017,"@AmazonHelp Ab wann ist es denn in Deutsch verfügbar, aktuell gibt es die 3. Staffel nur in OV.",1178057,1178062.0
10645,117949,Wed Nov 01 00:31:14 +0000 2017,@AmazonHelp did amazon get hacked?,10644,
1465989,460270,Thu Nov 02 19:03:46 +0000 2017,@AmazonHelp Wird das dieses Jahr noch was? Ich beginne zu zweifeln.,"1465991,1465992",1465988.0
979505,352294,Sat Oct 14 08:41:18 +0000 2017,"@AmazonHelp Where are PS4 , Xbox , PC or mobile games here? Is this what you call gaming? Very sad to see that your company launched XboxOne in India. https://t.co/8L8H3DN47E",979507,979503.0
1235550,409799,Thu Oct 26 18:01:34 +0000 2017,@AmazonHelp U expect me 2 return my squashed tea? That’s even more ridiculous. It’s just going to come squashed the second time. Sort out your packing.,,1235549.0
2739424,214824,Mon Nov 20 18:22:20 +0000 2017,@AmazonHelp No. I mean the V3 skill that was submitted weeks ago and Amazon is holding.,,2739423.0
21909,120773,Wed Nov 01 11:08:23 +0000 2017,@AmazonHelp Your customer support told me it has battery!,21910,21908.0
1207339,403496,Mon Oct 16 14:10:02 +0000 2017,@AmazonHelp 贈ってくださった方がわかりましたので今回は大丈夫です。情報をありがとうざいます！,1207341,1207338.0
64205,130736,Wed Nov 29 14:04:25 +0000 2017,@AmazonHelp Done. Please arrange a call back ASAP,"64206,64204",64207.0
550574,248256,Sat Dec 02 18:51:09 +0000 2017,@AmazonHelp Yes I’m a prime member paying for the service and the delivery driver always lies and says delivery attempted. He says it’s because Amazon fine him for delivering late so it’s better for him to say he tried to deliver when he can’t get round enough addresses. https://t.co/gKs8dkJJ0v,,550573.0
2722667,763809,Mon Nov 20 10:32:24 +0000 2017,"@AmazonHelp Hello - ordered 1 item on 14/11 with prime - 1 day delivery. 6 days later still nothing last update is 15/11 ""in delivery"" - any help? thanks!",2722665,
386853,207577,Tue Oct 10 08:05:03 +0000 2017,"@AmazonHelp Non, je n'en ai pas",386854,386852.0
865570,191924,Mon Oct 09 18:25:40 +0000 2017,@AmazonHelp nous avons deja un post a ce sujet merci de continuer sur celui ça ne regarde pas monsieur BOISSEAU,865569,865571.0
1626623,498002,Sun Nov 05 20:24:37 +0000 2017,@AmazonHelp will have to turn to Flipkart I suppose to meet my requirement of genuine product!,1626624,1626622.0
848131,321566,Fri Oct 20 14:59:23 +0000 2017,"@AmazonHelp Had been taken off. I'm obviously very disappointed, as I don't think it was the best conducted promotion to start with but now I'm not even",,848128.0
590770,259743,Sun Dec 03 16:58:51 +0000 2017,@AmazonHelp SERVICE INUTILE..colis devant arriver le 1er décembre et annulé au dernier moment..service client au tel complétement perdu et ne sait pas où est le COLIS NI QUAND JE VAIS LE RECEVOIR...EN UN MOT SCANDALEUX,590768,
1047227,367524,Mon Oct 23 14:45:05 +0000 2017,@AmazonHelp It's second time I am giving it. No meaning of being prime member,1047228,1047226.0
226711,170119,Thu Oct 05 11:56:34 +0000 2017,@AmazonHelp モフなんかに さん を付けて頂き恐縮です。byモフ,226712,226710.0
950249,345382,Sat Oct 14 04:39:03 +0000 2017,@AmazonHelp Hi there. My order was meant to be delivered today and now says delivered Monday? and I paid £6 for delivery today?,950251,950248.0
2317911,271091,Mon Nov 13 11:04:47 +0000 2017,"@AmazonHelp It is a general point about delivery logistics, in Soho (London) and also in Norfolk. Next day used to mean next day. Now, there's much more 'no one was in' (inaccurate, and we have CCTV to prove it) or just random postponement.",2317912,2317910.0
74772,132731,Thu Nov 30 11:09:27 +0000 2017,"@AmazonHelp Deprioritized? How about ""neutralized."" I don't ever want you to use Amazon Logistics for me. It's a nightmare. I'm not paying Prime to have my packages delivered by my local pizza delivery guy. I wouldn't trust these people with breadsticks, let alone my Amazon purchases..",,74759.0
1380462,441339,Wed Oct 18 15:58:14 +0000 2017,"Hola @AmazonHelp, me habéis cobrado 19.95€ tras el periodo de prueba sin avisar. Acabo de cancelar suscripción. ¿Me lo reembolsáis? Gracias.",1380461,
2718526,762942,Mon Nov 20 07:33:31 +0000 2017,@AmazonHelp never thought amazon to turn out to be such a disappointment. If i have to get into the hassle of turning my orders then tell me one good reason why should i buy it from amazon? my Order id is 405-2289130-0737900,2718525,
287988,184635,Thu Oct 12 14:09:25 +0000 2017,"@AmazonHelp The question is not about receiving the orders on or before 8PM, it's about sharing contact details, #WhyAmazon ?

@115850  @115821",287990,287987.0
2640928,745285,Fri Nov 17 21:34:39 +0000 2017,"@AmazonHelp I'm 4 emails in (plus responses) with your email team and no one seems to understand my emails or answer my queries, despite fairly clear emails on my part. Truly awful and time consuming.",2640927,
73570,132452,Thu Nov 30 11:20:48 +0000 2017,@AmazonHelp #Oneplus5tAppquiz,,73569.0
1028178,363314,Mon Oct 23 03:26:41 +0000 2017,"@AmazonHelp Wrong order (diff. product) was sent to me, scheduled return pickup for 21st..... 1/3","1028174,1028179",
1248993,266377,Thu Oct 26 03:25:17 +0000 2017,@AmazonHelp USPS. No insight at all on the delay (that’s why I contacted customer service). It has been at the same location since yesterday morning.,1248995,1248992.0
1560214,286771,Sat Nov 04 15:35:12 +0000 2017,"@AmazonHelp No. Just this rather bog standard message, and obviously it is now after 1pm now https://t.co/ADXW2m2y3w",1560216,1560213.0
1640936,500897,Sun Nov 05 23:41:25 +0000 2017,@AmazonHelp Sent,1640932,1640937.0
936653,214488,Sat Oct 21 18:13:18 +0000 2017,@AmazonHelp Too easy. Thanks 😊👍🏻,936655,936652.0
359794,171148,Sun Oct 08 16:50:12 +0000 2017,"@AmazonHelp At this rate, I suppose you could ☺",359795,359793.0
1712050,518585,Tue Nov 07 02:20:44 +0000 2017,"@AmazonHelp I already did! Thank you, though!",,1712049.0
1929375,421448,Wed Oct 18 16:15:47 +0000 2017,@AmazonHelp Intentaremos a ver ahora que me cuentan,1929377,1929374.0
162106,153423,Sat Nov 25 20:21:21 +0000 2017,@AmazonHelp Gestern Abend über Mail :),162107,162105.0
670416,279922,Thu Nov 23 05:53:50 +0000 2017,@AmazonHelp I called the help line out of panic and discovered that they too couldn't get in to my account.  They shut down the account and removed my payment option so everything is safe now :),670415,670417.0
17246,119796,Wed Nov 01 13:14:04 +0000 2017,@AmazonHelp Afternoon only I have replied. I have screenshot also. Till now I didn't received any update. After doing regular follow-up also no action,17247,17245.0
249974,175400,Fri Oct 06 02:26:46 +0000 2017,@AmazonHelp Will sending a case of beer to the right address increase my chances ? :),249976,249973.0
1240402,151182,Mon Nov 13 05:58:38 +0000 2017,@AmazonHelp If I wanted my package as soon as possible I wouldn't have opted for a 2 day delivery option and pay a premium for it. https://t.co/1v7bsIWRPU,1240401,1240403.0
1555488,481022,Sat Nov 04 13:20:00 +0000 2017,"@AmazonHelp In the month of July my mobile screen got damaged while traveling to office and then I logged the complaint at your customer service,","1555490,1555491",1555487.0
48890,126909,Wed Nov 22 23:35:00 +0000 2017,"@AmazonHelp @126908 machst du mein frau an oder was 
@126910","48892,48893",48888.0
388419,207919,Mon Oct 09 13:52:09 +0000 2017,@AmazonHelp Return pickup was scheduled for 8th Oct by @149473 with tracking ID 69956957825 but still not picked up. https://t.co/ZUcWEkEdsB,"388418,388420",
2627648,742151,Fri Nov 17 16:51:26 +0000 2017,"@AmazonHelp paid via amazon pay to faasos
and was assured 50% cashback
the cashback is not yet credited into my wallet",2627647,2627649.0
513536,238187,Fri Dec 01 23:57:45 +0000 2017,"@AmazonHelp Yo dawg homie meister G. I contacted a service rep and he just said hit you guys up tomorrow. But long story short: Ordered that gucci Xenoblade that came out today and it says delivered but sheeeit that ain't foolin' no one y'hear? Looked high n' low, more ghost than a ghost 👻","513538,513539,513540,513541,513542",513535.0
1232175,408987,Wed Oct 25 22:58:27 +0000 2017,@AmazonHelp yes I have and got an ineligible email back which told me nothing other than to raise the same query again via the same method.,1232177,1232174.0
2151989,632379,Sun Nov 26 13:40:41 +0000 2017,@AmazonHelp Delivery set for friday for example so you wait in cos UPS insist deliveries are signed for at delivery address. They wont use drop off points. They then send emails mid way through day to say rescheduled to another day. So another day you have to stay in.,2151991,2151988.0
2017530,596655,Wed Nov 08 09:04:02 +0000 2017,@AmazonHelp Mhm...danke...,,2017529.0
1379384,441128,Mon Oct 16 16:00:00 +0000 2017,"@AmazonHelp Thanks but I'm in the UK, I presume this is an American number?!",1379385,1379383.0
595747,261166,Sun Dec 03 20:47:21 +0000 2017,@AmazonHelp No just @115940 ! And it’s back to freezing/buffering every other minute now,595748,595746.0
969120,181241,Sat Oct 14 05:04:28 +0000 2017,Shame On @AmazonHelp Fooling People Sending Fake Product Don't Buy Anything,"969112,969121,969122",
382212,206627,Fri Oct 27 11:29:45 +0000 2017,@AmazonHelp 2)Unnecessarily wasted my time and energy to deal with it. Seems like no learning from your side,,382210.0
74655,132717,Thu Nov 30 11:11:56 +0000 2017,@AmazonHelp Yes triple yes!,74654,74656.0
503522,235330,Fri Dec 01 20:18:29 +0000 2017,I have a free $10 to use on @115821. I don't know what to get. I like videogames but I can't decide on which one to get. @AmazonHelp,"503521,503523",
1893564,564006,Mon Oct 30 15:50:42 +0000 2017,@AmazonHelp Nope...never received a call,1893565,1893563.0
990011,354509,Sat Nov 25 10:20:23 +0000 2017,"@AmazonHelp I am located in prime area, &amp; servicbal too ... Got wo many prime delivery with in 16 to 48 hours",990009,990013.0
306917,189280,Fri Oct 06 23:56:06 +0000 2017,@AmazonHelp so does @15194.  It's too late to start feigning concern for the counterfeits now. 4/4,306918,306916.0
420971,215328,Tue Oct 10 12:51:37 +0000 2017,@AmazonHelp US,420973,420970.0
738450,296613,Sun Oct 15 12:09:06 +0000 2017,"@AmazonHelp I am sick of this message for the past 5 days ...
#AmazonGreatIndianFestival #AmazonFail",738451,738448.0
495924,233288,Fri Dec 01 19:06:41 +0000 2017,"@AmazonHelp I got a shipping notice on Tuesday and it is still not here. Ordered on Sunday, shipped on Tuesday, received by the carrier on Wednesday and now looking like it will arrive tomorrow or Monday.",,495923.0
2470185,281472,Wed Nov 15 10:33:17 +0000 2017,"@AmazonHelp it's enough  i have waited more than i can...i have provided you all concerned details earlier many times, for your convenience.. Now its on you ..you have to resolve my problem..",2470184,
2313397,670842,Sun Nov 12 23:06:31 +0000 2017,"@AmazonHelp Seems like someone maybe just didn't feel like delivering my package and made up an excuse. My packages are always left on the front porch. No access to my door necessary. Plus, it was open anyway! So much for ""guaranteed"" delivery.",,2313396.0
2319762,284942,Tue Nov 14 12:48:25 +0000 2017,@AmazonHelp I didn't get any email.,2319763,2319761.0
2118879,493968,Thu Oct 19 06:46:02 +0000 2017,@AmazonHelp Neither order is being delivered nor allowing to cancel the same . ain't ur team effective enough to solve logistics issue for 2 days?,2118880,1608666.0
170994,155879,Fri Nov 24 22:08:32 +0000 2017,@AmazonHelp Awesome https://t.co/cu8mJcO1QE,,170993.0
16866,119703,Thu Oct 19 03:45:18 +0000 2017,"@AmazonHelp Order id-407-2808023-6902735
Mails already done","16864,16867,16868",16869.0
2767549,722376,Tue Nov 21 11:27:29 +0000 2017,"@AmazonHelp @773893 Yo me lo he pillado para @17141, igual es una forma de matar el mono hasta que vuelva a estar disponible.",,2767548.0
1282204,419794,Thu Oct 26 17:46:16 +0000 2017,@AmazonHelp It's able,1282206,1282203.0
350592,199412,Sun Oct 08 11:12:03 +0000 2017,@AmazonHelp All below are the screen shots of the issue while purchasing with exchange @ &amp; customer service have blocked me to make or receive calls https://t.co/Xrnn47kTlD,,350591.0
758846,191830,Sat Oct 07 08:59:59 +0000 2017,@AmazonHelp https://t.co/PD2AEoEVES,758845,
526523,241848,Sat Dec 02 07:28:22 +0000 2017,@AmazonHelp Ich habe gestern Nacht auch meine Heizung repariert. Der Weihnachtsmarkt hat offenbar motiviert.,526525,526522.0
1195136,400844,Wed Oct 25 02:16:52 +0000 2017,"@AmazonHelp UPS unable to guarantee AM delivery. I offered to purchase Prime Now replacement but desired model not avail, AMZN unwilling to discount",,1195133.0
580669,256798,Sun Dec 03 12:21:18 +0000 2017,@AmazonHelp That’s not an option that I have ever been made aware of and doesn’t come up on the oneclick ordering? Can you email me to discuss further? __email__,580671,580668.0
1209850,404006,Wed Oct 25 11:52:15 +0000 2017,@AmazonHelp Where do I find the option for replacement? And the company is called Best Fancy Dress 🙄,1209851,1209849.0
1066682,371728,Mon Oct 23 15:12:37 +0000 2017,@AmazonHelp Made an ord sterday&amp;was informed it will be delivered today.Was waiting for&amp;got a msg that d order cant b delivered as Iam not reachable.Lie,"1066685,1066686",1066680.0
2498221,285155,Mon Oct 30 04:24:27 +0000 2017,@AmazonHelp Here also I only have an option of replacement!,2498222,2498220.0
985106,353499,Sat Oct 14 11:27:18 +0000 2017,@AmazonHelp @115850 my concern is order placed on 5-10-17 and still order is preparing not yet dispatched and you given a estimated delivery date,,985103.0
2718058,665487,Mon Nov 20 07:16:24 +0000 2017,@AmazonHelp @57681 @117795  must be joking by sending this form again &amp; again. i have already escalated my concern twice with this form. Never seen such pathetic cust care service in my entire life. @19915 @18220 @131027 @1560,"2718054,2718076",2718077.0
985085,353496,Sat Oct 14 12:00:55 +0000 2017,@AmazonHelp It was very shocking to know that even you don't know the status of my product !,,985083.0
606070,264045,Wed Nov 22 11:29:14 +0000 2017,@AmazonHelp This is the order number: 408-1489615-6712316,606072,606068.0
571281,254184,Sun Dec 03 03:59:28 +0000 2017,"@AmazonHelp I just checked the app,it is working fine",,571279.0
1822295,547062,Sun Nov 26 22:04:11 +0000 2017,@AmazonHelp ☹️Hmm. Do you still offer deals on prducts until Tuesday? Such as Ryzen 3 1300X at 3.5 GHz?,1822297,1822294.0
1773004,532878,Wed Nov 08 02:22:46 +0000 2017,@AmazonHelp One scheduled for 8-10 pm EST today,1773006,1773003.0
416683,214408,Tue Oct 10 15:13:55 +0000 2017,@AmazonHelp fixed. thanks! :),416685,416682.0
2713212,761695,Mon Nov 20 03:25:53 +0000 2017,"@AmazonHelp I am still being billed for an Amazon FreeTime Unlimited subscription I cancelled MONTHS ago. It doesn't show up on my Amazon account anymore even, but my credit card is still being charged every month.",2713211,
1266467,416537,Fri Oct 27 04:05:02 +0000 2017,@AmazonHelp The app kept reverting the to select deliver address page after I I selected the payment mode. Happened at least 10 times before I gave up,1266469,1266466.0
2176567,638008,Thu Nov 09 16:32:43 +0000 2017,@AmazonHelp I have but wasn't any help or explanation as to what the issue was. I get parcels delivered to work so this doesn't happen plus waiting for this for 2 days is unacceptable.,2176568,2176566.0
500799,234625,Fri Dec 01 19:56:24 +0000 2017,"@AmazonHelp Blue Bloods y night shift son dos series que me encantan y te hacen pasar horas y horas haciendo ""tumbing"" en el sofá. Por cierto Mcgiver (el original) igual estaría bien recordarlo. Saludos.",500801,500798.0
941460,119595,Wed Oct 11 02:40:51 +0000 2017,@AmazonHelp bug in iOS app. Items you “buy” in one click + swipe remain in cart after purchase is confirmed &amp; shipped (even days later),941459,
255045,176634,Fri Oct 06 07:19:29 +0000 2017,@AmazonHelp That's nice of you. Have a great day ahead.,255047,255044.0
808891,278535,Thu Oct 12 18:38:04 +0000 2017,".@AmazonHelp I'll try to email you a pic or two. But as I said, things aren't much visible in the photo, as it may not be detailed. #Amazon",808893,808890.0
914812,337241,Sat Oct 21 08:47:12 +0000 2017,"@AmazonHelp how can you let @126705 only pretend to try &amp; deliver? No knock, no card, but item is at depot for me to collect!",914810,
2669968,751936,Sun Nov 19 12:52:08 +0000 2017,"@AmazonHelp Non, j’en ai assez d’entendre « désolé » quand vous livrez via @132988 ou @132743 😡",2669969,2669967.0
318253,191937,Sat Oct 07 10:32:50 +0000 2017,@AmazonHelp Bonne journée,,318251.0
2670778,656649,Sun Nov 19 12:08:40 +0000 2017,"@AmazonHelp Then you should not FULFILL THEM! By fulfilling them, and choosing a horrible delivery service because it is cheap, @118706 , you become liable for the package!",,2670777.0
240126,173036,Wed Oct 04 15:41:43 +0000 2017,@AmazonHelp I am attaching the proofs of pickup for your reference. https://t.co/qplWwXAcyw,,240125.0
387575,207734,Mon Oct 09 14:27:58 +0000 2017,@AmazonHelp Email sent.Please look upon the same,387576,387574.0
128031,144768,Wed Nov 29 07:10:00 +0000 2017,@AmazonHelp Where is d refund 60days and counting and another 7 days ultimatum ended..#digitalmafia in #digitalindia @115821 @115851 @127586 @120844 @144770 @144771 @144769 @120319 @734 @4871 @120033 @1755 @4211 @144772 @144775 @120320,128032,128030.0
2700836,758698,Sun Nov 19 20:36:43 +0000 2017,@AmazonHelp Thank you! One more question - if a back/pre-ordered item is just now shipping would the order date be the date of the charge or the date when I placed the order?,2700835,2700837.0
2504832,714307,Wed Nov 15 21:21:24 +0000 2017,@AmazonHelp Are you guys having problems with the launch of Amazon Music in Canada?  Keeps saying my session has expired.  Already cleared cookies and temp files. Please Help! https://t.co/1r8mdH5ABB,"2504833,2504831,2504834",
2277545,662311,Sat Nov 11 15:09:37 +0000 2017,@AmazonHelp do you guys randomly send emails to prime subscribers with a chance to win $50 by doing a survey?,2277544,
1318294,427885,Fri Oct 27 08:22:30 +0000 2017,@AmazonHelp Amazon m'a demandé de vérifier le moyen de paiement alors que je l'avais fait à la commande (et vu que je n'ai su'une CB enregistrée)...,1318296,1318293.0
171055,155899,Mon Nov 27 16:59:55 +0000 2017,@AmazonHelp doch schon aber es dauert noch so lange :(,171057,171054.0
2314028,671020,Thu Oct 19 22:50:31 +0000 2017,@AmazonHelp Is up to date though,2314029,2314026.0
1553797,480665,Sat Nov 04 11:27:49 +0000 2017,"@AmazonHelp Actualmente pago dos veces y con la aparente subida de precios, una función familiar seria conveniente. #recomendación","1553800,1553801",1553796.0
2192595,641746,Thu Nov 09 19:40:50 +0000 2017,"@AmazonHelp Says it's been delivered but it ain't on my doorstep, quit playing",2192594,2192596.0
2391309,688601,Tue Nov 14 09:55:40 +0000 2017,@AmazonHelp Share manufacturers details please,2391310,2391308.0
18382,120086,Wed Nov 01 05:50:07 +0000 2017,"@AmazonHelp So this order 407-7402036-7182732
Placed on 30th and supposed to reach me on 2nd  November
Now is this as per amazon prime delivery std ??","18384,18385,18386",18381.0
73521,132440,Thu Nov 30 12:33:52 +0000 2017,@AmazonHelp Purtroppo ho visto che molti cd autografati sono arrivati a chi non l'aveva ordinato... Sono molto dispiaciuta!,,73520.0
1480819,463845,Sun Nov 05 07:11:56 +0000 2017,@AmazonHelp My account is still locked. My prime membership has been cancelled. Why i paid money if you had to cancel my membership @416512,1480820,1480816.0
1246859,412530,Thu Oct 26 01:12:49 +0000 2017,"@AmazonHelp 2/CS said driver attempted delivery, but I’ve been home all evening with no doorbell or knock. CS insisted I was wrong.",,1246857.0
2452843,702768,Sun Oct 29 18:50:42 +0000 2017,@AmazonHelp 5 time I talked to them,,2452842.0
277088,182213,Tue Oct 17 07:12:41 +0000 2017,@AmazonHelp Any results after looking into the issues,277094,277086.0
2319131,672222,Mon Nov 13 12:18:55 +0000 2017,"@AmazonHelp Ja, gerade gemacht. Danach auch den Fire TV Stick noch mal neu gestartet. Hat nichts gebracht. 
Es wird nur das Gesponserte angezeigt, sonst nichts.","2319133,2319134",2319130.0
258723,177530,Fri Sep 29 17:42:39 +0000 2017,"@AmazonHelp @4030 @118702 @115937 @4110 @4168 @119356 @115821 @131283 @144775 @2517 @115830 @115850 Dear Amazon,
Don't just fill up your pockets with your filthy malpractices. Think of your customers. Be ethical.
#ScamAtAmazon
#Day41",258722,258724.0
1568164,483868,Sat Nov 04 17:52:15 +0000 2017,"@AmazonHelp But it is against the rules, no one can sell a product higher than its MRP",1568165,1568163.0
1607917,493815,Sun Nov 05 09:45:16 +0000 2017,"@AmazonHelp @115850  yes, it's strange it is not the first time money got deducted from my account.  Previously it was for Amazon Audible. Need help",1607919,1607916.0
2314240,168608,Sun Nov 12 23:31:05 +0000 2017,@115821 does the Alexa Exho Dot synch with Apple Music 🎧? @AmazonHelp,2314239,
1116990,306769,Tue Oct 24 04:04:12 +0000 2017,"@115850 @AmazonHelp i am not able to reach you through CUSTOMER SERVICE SECTION. Chat, email and call option are showing unavailable.","1116989,1116991,1116992",
326742,193845,Sat Oct 07 18:12:43 +0000 2017,"@AmazonHelp https://t.co/OemJ7VNNBS

I'd pull the game from sales. You'll get a lot of returns",,326741.0
419861,215102,Tue Oct 10 10:11:56 +0000 2017,"@AmazonHelp Vin very simple language, y did you cancel my order, even after a sucessful payment(confirmed by your repretative through mail)",419862,419855.0
2171424,636876,Thu Oct 19 12:46:02 +0000 2017,@AmazonHelp I contacted the service provider but they told that the charger for this phone will arrive to us after one month. 3/5,,2171420.0
562903,251771,Sat Dec 02 23:34:45 +0000 2017,"@AmazonHelp Tienen 4 y  5 añitos , si son parte de la familia , cuando llego el paquete se emocionaron creo más que yo al ver la caja , saque mi pedido , y no la sueltan jaja",562902,562904.0
93679,136304,Wed Nov 29 19:16:51 +0000 2017,@AmazonHelp I’ve ended up cancelling some of the delayed orders and buying them locally so I can’t go back in and search the carrier. UPS was the problem this time and has been a problem with past orders if memory serves correct.,"93678,93680",93681.0
274869,181667,Fri Oct 06 06:30:40 +0000 2017,@AmazonHelp Ordr nt delivered or updated for last one week. Even support response was generic. I sent another email today and it's out for delivery now.,"274871,274872",274868.0
1490301,466110,Sun Nov 26 02:37:01 +0000 2017,@AmazonHelp I have not received an email. Order status in all changed from “arriving by 8pm” to “your package is late and delivery date is unknown”,"1490302,1490303,1490304",1490300.0
946420,344419,Sun Oct 22 04:51:54 +0000 2017,@AmazonHelp Absolutely useless and non-committal statements since 1.5 months..,946421,946419.0
930211,221665,Mon Nov 20 18:53:38 +0000 2017,"@AmazonHelp Aún creo que son los mejores en lo que hacen y ciertamente su atención al cliente es excepcional (sencillamente me han hecho en poquísimo tiempo ""un fan"") pero si no entregan en la fecha que indican descontrolan nuestras agendas incómodamente por favor no me decepcionen. https://t.co/Crlgwm9Lgk",930210,930212.0
1043173,340075,Mon Oct 23 09:55:47 +0000 2017,@AmazonHelp On the last email received from. Your end I have replied but no body had replied me,1043174,1043172.0
353192,199541,Sun Oct 08 13:47:31 +0000 2017,"@AmazonHelp But really u r not interested in looking in the matter for bit fast delivery. 
It's ordered on 24th September 😐",353196,353191.0
2420280,695254,Sun Oct 29 12:55:38 +0000 2017,@115821 @AmazonHelp @118342 what is this Amazon where is details my purchased product ? If u don't deliver my then refund my money https://t.co/Lk98sDZpD8,2420279,
1423794,450849,Thu Nov 02 10:17:46 +0000 2017,@AmazonHelp Mon compte à été réactivé ! Merci de votre aide 💖 https://t.co/PNAOWnvt2T,1423796,1423792.0
429006,158494,Wed Oct 11 03:32:43 +0000 2017,@AmazonHelp I'm clear what I want 1) refund with compensation or 2) replacement by today @115851 just teach your idiot people on how to response..,"429007,429008",429005.0
1066651,371723,Mon Oct 23 15:17:52 +0000 2017,@AmazonHelp Carrier: AMZCA,,1066650.0
781195,306509,Thu Oct 12 07:43:13 +0000 2017,"@AmazonHelp @306508 Genau zu diesem Thema hatte ich auch schon mehrere Telefonate mit @116316. Leider wohl nicht möglich. Beschwerden werden wohl weitergeleitet, nur geholfen hat es an meiner PLZ bisher wenig. Sehr schade.",,781194.0
180067,158378,Wed Oct 04 11:15:08 +0000 2017,@AmazonHelp Okay danke dann hoffe ich mal dass bis zum 6. mein Gehalt da ist,180065,180068.0
1721495,520962,Wed Oct 18 01:05:32 +0000 2017,@AmazonHelp So basically for this phone to be secure you need to turn bluetooth and wifi off!!!!!,,1721494.0
2061447,609672,Sun Oct 29 01:13:15 +0000 2017,@AmazonHelp The package was never brought to my door in the first place... and there was no note left or anything,2061445,2061449.0
63843,130669,Thu Nov 30 08:20:20 +0000 2017,@AmazonHelp わざわざありがとうございます、確認したところ架空請求でした。,63842,63844.0
527688,242152,Sat Dec 02 08:02:15 +0000 2017,Amazing! @AmazonHelp https://t.co/mgV8U2cT76,527686,
227360,170232,Thu Oct 05 15:16:28 +0000 2017,@AmazonHelp Disappointed not at all... You just tarnished your own image by being so lame,,227359.0
302622,188210,Fri Oct 06 21:46:16 +0000 2017,Oh gee thank you @115830 @AmazonHelp I didnt know that with my purchase I also got a package beating for free! (Sarcasm ) https://t.co/WOU0wQ6OJN,302621,
1270943,417569,Thu Oct 26 14:37:00 +0000 2017,been waiting on a a package from @AmazonHelp today and not shown up yet,1270941,
46540,126334,Wed Nov 01 16:54:07 +0000 2017,"@AmazonHelp I contacted you guys and eventually was giving a ""goodwill credit"" from other items but considering I dropped off the item correctly",,46536.0
937603,338809,Fri Oct 13 23:24:08 +0000 2017,"@AmazonHelp not doing this over Twitter.Pls investigate internally,need final resolution.If unable to fix I want call from @115851 office https://t.co/196DCgatiX",937602,
1301267,424123,Fri Oct 27 00:28:38 +0000 2017,"@AmazonHelp For the record, the kindle is $100 to buy brand new so i dont understand this guarantee and i guess this peter guy doesnt either.",,1301266.0
115825,141791,Thu Nov 23 22:03:08 +0000 2017,"@AmazonHelp Terça agora. Só estranhei q n achei a opção boleto na hora da compra, tive q pedir pra um conhecido q tem cartão comprar pra mim",115826,115824.0
475125,228071,Fri Dec 01 10:48:25 +0000 2017,@AmazonHelp And niw ive lost the camera i needed cause if tbis you lot have cost ne revenue but doing this bunch of FUCKING COWBOYS get the specialist team to call me now and sort this and refubd ne my money NOW!!!!!,,475124.0
727634,217606,Wed Oct 11 07:07:53 +0000 2017,@AmazonHelp oui - date de livraison garantie 10 oct. Mais le chauffeur UPS n'a jamais livré. A la maison toute la journée.,727636,727633.0
1605138,492402,Sun Nov 05 02:08:28 +0000 2017,@AmazonHelp モンハンしますか！？,1605140,1605137.0
2422774,695837,Tue Nov 14 19:45:02 +0000 2017,@AmazonHelp God bless you! My screen is back 😁💚,,2422773.0
2449715,702099,Sun Oct 29 16:12:36 +0000 2017,"@amazonhelp been waiting in all day, and still no sign of my delivery :/",2449713,
1453810,457386,Thu Nov 02 14:45:22 +0000 2017,"@AmazonHelp hallo, Paket sollte gestern (Feiertag) zugestellt worden sein. Ortung des Pakets ist ca 40-50 km von mir weg. Was kann ich tun?",1453808,
2599732,735945,Fri Nov 17 07:00:24 +0000 2017,"@AmazonHelp Just call me, account is related to my mob... what else you need.order ref is 4__credit_card__","2599734,2599735",2599731.0
2503554,714019,Wed Nov 15 20:48:47 +0000 2017,@AmazonHelp Me acabo de topar con esta incorporación al catálogo. Hoy empiezo :),2503556,2503553.0
1206174,367798,Wed Oct 25 09:14:22 +0000 2017,@AmazonHelp If you need more information I can send a DM,1206939,1206171.0
2739435,767526,Mon Nov 20 17:44:03 +0000 2017,"@AmazonHelp ya hablé, y ya tengo mi paquete despues de preguntar puerta por puerta del edificio, que vergüenza",,2739434.0
2761733,772661,Tue Nov 21 09:32:43 +0000 2017,@AmazonHelp The package has been delivered now.,2761734,2761732.0
895896,332756,Sat Nov 25 10:38:24 +0000 2017,"@AmazonHelp With the amount I’ve spent on Amazon lately, plus paying extra for Prime just to be able to avoid issues like this, it’s incredibly disappointing. Most of your couriers are great but some really let you down.",,895895.0
969189,350057,Tue Oct 17 06:14:19 +0000 2017,@AmazonHelp PCのカスペルスキー止めると速く動きました,,969188.0
133787,146136,Fri Nov 24 08:35:07 +0000 2017,@AmazonHelp She said fulfilled by Amazon prime,133790,133786.0
2230304,650853,Fri Nov 10 11:31:57 +0000 2017,@AmazonHelp @115850 Why you loot consumers by charging more for a product than mentioned MRP?,2230302,
2544862,184826,Sun Nov 26 20:16:22 +0000 2017,"@AmazonHelp i cancelled an order before it was dispatched, how long until the money goes back into my account",2544860,
1243773,411798,Wed Oct 25 23:36:27 +0000 2017,@AmazonHelp It’s saying it’s supposed to ship today to get here Friday (I have prime with the 2 day shipping) is it just going out later tonight?,1243772,1243774.0
837159,319239,Fri Oct 13 10:41:12 +0000 2017,@AmazonHelp  https://t.co/htysufYc3c,,837158.0
469359,226770,Fri Dec 01 07:30:46 +0000 2017,@AmazonHelp Estimated delivery was November 24th-December 11th. Tracking info didn't even update until yesterday when it said it arrived in Compton. Shipped with DHL. I can pm you the tracking number if it'll help,469361,469358.0
63811,130666,Thu Nov 30 08:14:58 +0000 2017,"@115821 @AmazonHelp Thankyou very much sir, for ur concern about my problem. As you mailed me for my account details i linked it with my account. Please have a look and talk to ur investigation and bank team to make my refund process fast.","63809,63817",
935811,341857,Sun Oct 22 16:23:26 +0000 2017,@AmazonHelp This means you guys have no control over your third seller parties! And can't manage to adhere to policies you have made!,,935810.0
1454143,329233,Mon Oct 16 19:34:33 +0000 2017,Hey @AmazonHelp why can't i buy things with prime anymore?  It's all pantry and fresh and all I want to do is buy things with Prime.,1454142,
2171083,636822,Thu Nov 09 12:36:44 +0000 2017,"@AmazonHelp Ok, thank you very much.",,2171082.0
467445,226272,Fri Dec 01 05:51:06 +0000 2017,@AmazonHelp  https://t.co/qgpQQ9j9wj,,467444.0
2668698,751687,Sun Nov 19 10:32:10 +0000 2017,"@AmazonHelp Random £7.99 charge today, just been told it's an ""authorization charge"" and will be refunded.. what's this all about? https://t.co/LUVgEq4KBZ",2668696,
390031,208332,Mon Oct 09 15:09:46 +0000 2017,@AmazonHelp ordered oil and received like this. The bottle was put in an empty box and not packed. Is this how amazon serves custmrs? https://t.co/0NPEircs9u,"390029,390037",
34550,123487,Wed Nov 01 13:12:37 +0000 2017,@AmazonHelp Not yet....,34549,34551.0
2306501,211923,Mon Nov 13 00:38:49 +0000 2017,@AmazonHelp Nope just says shipping soon since Friday https://t.co/zHuarRdWTO,2306503,2306500.0
1170106,395217,Sun Oct 15 20:32:05 +0000 2017,@AmazonHelp I just can no longer see my future Subscribe &amp; Save items.  I always must edit them because I don't order most of them each month.,1170108,1170102.0
1128053,385945,Tue Oct 24 10:40:11 +0000 2017,@AmazonHelp But I do apologie for my accusations: the service is great.,1128052,1128054.0
1722929,466086,Tue Nov 07 08:10:51 +0000 2017,@121284 @AmazonHelp Why do I get this error in the top when I open Echo's setting...? https://t.co/iGEy9fW4EX,1722928,
1739023,524867,Tue Nov 07 17:26:30 +0000 2017,@AmazonHelp c'est fait déjà par téléphone. Vos hotliners sont bien formés et pros. Faut p'tet prévoir quelques formations de plus pour les transporteurs,,1739021.0
519828,239966,Sat Dec 02 02:39:29 +0000 2017,@AmazonHelp I wouldn't call it frustration free 🤷🏼‍♀️,,519827.0
2298179,667120,Sun Nov 12 14:26:01 +0000 2017,@AmazonHelp hi just got a notification saying my parcel was handed and delivered but I never received anything ?? Furthermore no one even knocked on my door ?,2298178,
2380799,686459,Tue Nov 14 05:58:11 +0000 2017,"@AmazonHelp Just got it, thanks x1,000,000",,2380796.0
233115,171489,Thu Oct 05 11:03:41 +0000 2017,I bought @115850 fire stick in the cash back period of 500 off.... When i will be getting it back on my pay balance?? @AmazonHelp,233114,
2226804,158494,Fri Nov 10 10:06:58 +0000 2017,"@AmazonHelp since 10th of oct. I'm doing the same only. you guys are coming and asking and i'm updating and finally, you guys are saying punch line @115851 aware of that and no one work on the serious issue. wasting time and money.. jokers",,2226803.0
1623407,497290,Sun Nov 05 17:35:23 +0000 2017,"@AmazonHelp I have sent you a DM, could you please check it????",1623406,
331371,194893,Mon Oct 16 03:17:21 +0000 2017,"@115850 Already done that, still recieving several messages a day, PLEASE STOP IT, this is disturbing.

@AmazonHelp @115850 @115821 https://t.co/RLeMXJGJ58",1260620,331369.0
1599241,491115,Sun Nov 05 04:28:27 +0000 2017,@AmazonHelp Wow.. What a response. @115851 u shd make this guy CEO of Amazon. I tweeted abt my prob thinking @115850 shall gv me some viable solution. Here they r wit most intelligent solutions. Kudos..,1599243,1599240.0
2456030,703547,Wed Nov 15 04:42:52 +0000 2017,"@AmazonHelp I found it, thanks.",2456032,2456029.0
245222,174216,Fri Oct 06 04:59:47 +0000 2017,@AmazonHelp 2/2 instance then HOW DOES IT BCOME 739 at chkout time. Pls read &amp; try to understand bfore trying to give it a spin.,245225,245221.0
2633210,743488,Tue Oct 31 01:01:50 +0000 2017,@AmazonHelp I haven’t even got a prime membership to cancel.,2633212,2633209.0
1619392,496417,Sun Nov 05 16:26:29 +0000 2017,@AmazonHelp It says TNT Livraison,1619394,1619391.0
1401342,445831,Sat Oct 28 17:03:29 +0000 2017,@AmazonHelp what time do your delivery drivers work till? Paid more to have something delivered today and it's still not arrived.,1401339,
1350069,434828,Sat Nov 25 21:14:13 +0000 2017,@AmazonHelp I literally saw the truck on my street https://t.co/TDNKxbouBp,1350067,
2694984,757360,Sun Nov 19 22:50:41 +0000 2017,@AmazonHelp What a surprise. Quarter til 6 am still not out for delivery. Fail.,2694985,2694983.0
977271,351783,Sun Oct 22 05:12:09 +0000 2017,"@AmazonHelp Carrier
AMZL US
Order: 112-3120229-4989034",977273,977270.0
2373405,684708,Tue Nov 14 01:20:33 +0000 2017,@AmazonHelp こちらこそ、いつもお世話になってまーす🙇,,2373404.0
72004,132155,Thu Nov 30 05:45:28 +0000 2017,"@AmazonHelp Since I am filling the form on my iPhone, I am finding it difficult to put the Twitter you are well and hence the form does not go. Can I DM you my number? I am blind.",72002,72005.0
282466,161562,Fri Oct 06 12:08:43 +0000 2017,@AmazonHelp @116090 Since I can't post this on the website I'm gonna leave it here. #Amazon excuse the spelling mistakes I'm kinda pissed https://t.co/jGRmf4gDle,282465,
258734,177530,Mon Sep 18 15:50:10 +0000 2017,"@AmazonHelp @4030 @118702 @115937 @4110 @4168 @119356 @115821 @131283 @144775 @2517 @115830 @115850 Dear Amazon,
Its Day 32. :)
#ScamAtAmazon
#Day32",258733,258735.0
295885,186466,Fri Oct 06 19:07:05 +0000 2017,@AmazonHelp So I take it I will be getting refunded for the next day delivery ? https://t.co/luDW7smzkt,295887,295884.0
415706,214140,Tue Oct 10 15:04:26 +0000 2017,@AmazonHelp Any updates on this?,415707,415704.0
1371421,439223,Mon Nov 06 19:55:34 +0000 2017,@AmazonHelp The current delivery date is Wednesday,1371420,1371422.0
468795,223718,Fri Dec 01 06:44:00 +0000 2017,"Where is the result? 
#AmazonRechargeQuiz 
@AmazonHelp 
@115850",468794,
470203,226946,Fri Dec 01 08:05:47 +0000 2017,"@AmazonHelp No answer? Yea, exactly what I've been getting from your people all week. Why not tell me the order was lost immediately so I could reorder items before they sold out? Why string me along for 5 days? Bad faith. 7 calls, hours of chat, and half a dozen tweets. Still no solution.",,470202.0
328448,194313,Sat Oct 07 18:08:05 +0000 2017,"@AmazonHelp Ok, thank you.  I will call tomorrow.  Is there a reference number you can give me please? Thank you very much for your time.",328449,328447.0
385903,207357,Mon Oct 09 12:58:49 +0000 2017,@AmazonHelp The issue is with my colleague who dont have twitter account. I have been complaining on behalf of him since month but no money refundd by u,,385902.0
1312439,305710,Sat Oct 28 14:57:48 +0000 2017,@AmazonHelp no response,,1312438.0
986061,289527,Sat Oct 14 10:04:28 +0000 2017,"@AmazonHelp do this (I was testing), but I can also do it to friends' echoes too. God - what if they're doing the sex????",986060,985063.0
225029,169758,Wed Oct 04 15:40:27 +0000 2017,"@115850 
Check DM @AmazonHelp 
And look in the issue i am facing with amazon order 402-1137920-8812360",225028,
2269080,660317,Sat Nov 11 10:35:00 +0000 2017,@AmazonHelp Will be waiting 👍🏻,2269079,2269081.0
2161828,132485,Thu Nov 09 07:10:13 +0000 2017,@AmazonHelp so much time has been wasted following up to get my orders replaced. Amazon made the mistake and I have to take the hassle.,2161827,
1352222,435339,Fri Oct 27 18:08:33 +0000 2017,"@AmazonHelp Spoke to several people, no one can provide an actual reason why, and why i was allowed to pay for a service that couldnt be fulfilled.",,1352220.0
1193415,400431,Wed Oct 25 01:26:02 +0000 2017,"@AmazonHelp broadly, the inability to choose a reliable carrier and instead having to use amazon logistics which is filled with hiccups is frustrating",1193416,1193414.0
1614202,495155,Sun Nov 05 12:28:31 +0000 2017,@AmazonHelp without my permission how can u deduct. Money from my account no confirmation nathing...its all bullshit,1614201,
255488,176754,Thu Oct 05 18:58:10 +0000 2017,@AmazonHelp Already had an email saying it's going to be late!!,,255487.0
179475,158275,Wed Oct 04 08:26:36 +0000 2017,@AmazonHelp @149601 @116089 I got my early access code to the beta and it says Its not available to me as I ‘havent bought the game’,179474,
2309727,669901,Mon Nov 13 13:41:21 +0000 2017,@AmazonHelp Is this THE HELP you have mentioned above? https://t.co/EfOJuj4OBp,2309728,2309726.0
166436,154659,Fri Nov 24 20:40:52 +0000 2017,"@AmazonHelp It’s a joke SJ 

A play on words of The famous four candle joke 

Thank you for replying ^graham",166438,166435.0
441785,219771,Tue Oct 03 16:26:44 +0000 2017,@AmazonHelp @AmazonHelp  full details shared ensure quick follow up and reply.  return / refund should be initiated within next 24 hrs,441783,441791.0
2269113,660322,Sat Nov 11 14:45:58 +0000 2017,@AmazonHelp Me parece super bien 😎🎧🎶,2269114,2269112.0
2293400,127186,Sat Nov 11 22:54:20 +0000 2017,"@AmazonHelp @115850 ,FYI I received a final reply from your end saying they can't assist on this issue anymore. And stop fooling people with your pre built answers .",,2293399.0
1205410,403120,Thu Nov 02 12:53:14 +0000 2017,"@AmazonHelp They just told me to change the email address associated with my account. So I did that with twitch and with Amazon, no dice",,1205409.0
2667956,303002,Sun Nov 19 10:03:39 +0000 2017,@AmazonHelp Hi I tried to login to Music but it showed me I need to transfer accounts to DE and then threw an error after I agreed https://t.co/zkpvpc20ts,2667954,
1378710,340991,Sat Oct 28 14:32:08 +0000 2017,@AmazonHelp I have not recive any email,1378711,1378709.0
723952,293371,Wed Oct 11 04:06:18 +0000 2017,@AmazonHelp What details you want please tell.,723953,723950.0
1509857,470442,Fri Nov 03 14:45:20 +0000 2017,"@AmazonHelp So why advertise ""play it tonight"" and ""2 hour delivery""?????",,1509856.0
318022,191888,Sat Oct 07 11:54:38 +0000 2017,@AmazonHelp https://t.co/OmUxamTrvz.  Is it because I’m using an iPad?,318024,318021.0
1519819,472500,Fri Nov 03 16:49:53 +0000 2017,Contempt by @115821  .au with not even reply to email giftcard service query. Lord save us when Big Four rule. Anybody there @AmazonHelp ??,1519817,
507110,236400,Fri Dec 01 21:41:11 +0000 2017,"@AmazonHelp I think so. The seller was ""hhuieo"" if that helps",507112,507109.0
2766344,207162,Tue Nov 21 10:21:56 +0000 2017,@AmazonHelp I have Complained more than 10 times.. my prob. dont get resolve... Prime member nd getting delivery in 7-10 days...product is prime &amp; amazon fulfilled.,2766346,2766343.0
163482,153814,Fri Nov 24 19:35:21 +0000 2017,@AmazonHelp We have ordered multiple products and some of the products didn't fit in as the description on the website was incorrect. So we returned it. Pickup guy collected all the product and got it delivered back to the respective sellers. Delivery team messed up 1/2,163480,163484.0
1521196,472837,Fri Nov 03 17:10:51 +0000 2017,@AmazonHelp Do we have a driver with GPS dyslexia? I mean it takes all sorts...,1521195,1521197.0
445410,220492,Wed Nov 22 10:23:16 +0000 2017,@AmazonHelp And lo and behold i did not get a call back yesterday nor today about my issue. Awful customer service again from amazon.,445406,445414.0
1719167,520453,Sun Nov 26 05:46:17 +0000 2017,@AmazonHelp I shop on amazon.ca. I just placed an order on Friday! @AmazonHelp,1719169,1719166.0
951849,175183,Tue Oct 24 05:26:05 +0000 2017,"@AmazonHelp This relates to the US, with regards to the shipping options. I live in the UK, have you got a link to the relevant part on the UK site?",951850,951848.0
2594963,734789,Thu Jul 13 21:08:39 +0000 2017,"@AmazonHelp I hope my pkg was not in there. Ste-Catherine Montreal, unlocked doors, windows open #unattendedpackages #intelcom #badcourrier https://t.co/FH7LOLlTWb",2594962,
1622065,158486,Tue Oct 17 00:04:54 +0000 2017,@AmazonHelp @123644 Our senior developer passed away and his accounts have lapsed. Is there a way we can recover data from his EC2?,1622064,
47846,126700,Wed Nov 01 17:21:14 +0000 2017,@AmazonHelp Não recebi nada no e-mail,47848,47845.0
989934,354443,Sat Nov 25 10:57:36 +0000 2017,"@AmazonHelp Yes, I was told “refund  window has closed”",,989933.0
942701,343478,Sat Oct 21 16:33:41 +0000 2017,"@AmazonHelp Et bien je trouve regrettable de n'avoir pas d'alternative. C'est soit 25e d'achat pour avoir cet article soit Rien. Pas très ""prime"".",942703,942700.0
2613308,738808,Fri Nov 17 13:56:09 +0000 2017,@AmazonHelp Second time they “confirmed” the packages were on the truck and the truck was “in my area” and wanted me to give him until 9:00 pm. Packages never arrived. Still don’t have them.,,2613307.0
910373,336241,Fri Oct 13 19:54:43 +0000 2017,@AmazonHelp Yes it is and I was watching it on my Sony box on the amazon prime app on the tv,910375,910372.0
780852,306375,Thu Oct 12 06:51:56 +0000 2017,@AmazonHelp When ur customer care call Centre is unable to help then I guess customer is bound to contact over social media for the same.,,780851.0
943482,343695,Sat Oct 21 16:47:40 +0000 2017,"@AmazonHelp Seems fine, plays fine. Just curious if you pre-open them before delivery for future reference.",,943481.0
472364,227492,Fri Dec 01 11:27:20 +0000 2017,@AmazonHelp You continue to have stock but at a much higher price. That isn’t my problem and was given refund without being asked. Please DM me maybe ?,472365,472363.0
280002,182737,Fri Oct 06 09:50:15 +0000 2017,@AmazonHelp Lol Cool then thanks! 😂,280004,280001.0
1543633,478182,Sat Nov 04 13:27:56 +0000 2017,@AmazonHelp  https://t.co/Liw48tHb0P,1543634,1543632.0
1672847,509105,Tue Oct 17 15:57:13 +0000 2017,"@AmazonHelp My registered number is 8768482789..
Ordered a Philips bulb..comlaint several times..Philips people r nt hlpng.still in warranty period.","1672849,1672850,1672851",1672846.0
2321650,672774,Mon Nov 13 13:59:19 +0000 2017,@625115 @AmazonHelp @120533 j’ai Amazon premium vidéo 😇 et la fibre par orange  👍comment pour le voir sur ma Tv directement,2321649,
2566934,310561,Thu Nov 16 19:45:34 +0000 2017,@AmazonHelp Vos services visiblement. https://t.co/ye3eqxyZ3X,2566936,2566933.0
1818213,546147,Sun Oct 29 06:39:35 +0000 2017,@AmazonHelp 些細な呟きに、ご丁寧にすみません。恐縮です。先程動作確認したら何の問題も傷もなかったです。私事ながらいつも早い配達で助かってますm(_ _)m,1818215,1818212.0
693860,285439,Thu Nov 23 15:24:51 +0000 2017,"@285438 @AmazonHelp Wir haben das dann mit Lieferschein, Hardcopy aus den Bestellungen und Kontoauszug nachgewiesen.",693861,693859.0
1223639,177529,Thu Nov 16 15:12:52 +0000 2017,"@AmazonHelp Again, with this photo you now know as much as I do regarding the status of this package. Also, can stop saying ""I'm sorry"" or I'll block you for your scripted response. Can I talk to ONE person in a thread or do I get a new one every time? https://t.co/L3msieWHcU",1223641,1223638.0
2254550,656708,Fri Nov 10 23:09:01 +0000 2017,@AmazonHelp It was supposed to be delivered yesterday evening - amazon “prime” - didnt arrive. Called customer services “they couldn’t find your door can you give instructions” “walk in the door to the building. Find the flat door - the numbers are on the doors” “ok it’ll definitely be tmrw”,2254549,2254551.0
307917,189515,Sat Oct 07 00:35:34 +0000 2017,@AmazonHelp I got a replacement ordered. Thank you,307919,307916.0
2176276,637970,Thu Oct 19 14:34:58 +0000 2017,@AmazonHelp Can I DM you It's too much to put in a tweet,2176278,2176275.0
2293397,664356,Sun Nov 12 01:05:38 +0000 2017,@AmazonHelp i paid for 2 day shipping and it's not here y'all better refund that 12 god damn dollars bc i'm thoroughly upset,,2293395.0
2522357,379250,Thu Nov 16 01:45:25 +0000 2017,"@AmazonHelp @115821 @123967 @118706 the mail has NOT run in my development since FRIDAY. This AM, you assured me it WOULD come today. It's 842pm, still hasn't come, bill sitting in my box, flag up. Since Friday. PLUS you scanned a pkg delivered just now 😡 https://t.co/0tRA83Tzej",2522356,
2317296,671859,Thu Nov 16 05:19:05 +0000 2017,@AmazonHelp ありがとうございます！,,2317295.0
666968,272554,Thu Nov 23 03:15:10 +0000 2017,@AmazonHelp I am on the telephone with them again for the 5th time and not doing anything to correct it.,,666967.0
1413381,169440,Sat Oct 28 20:16:37 +0000 2017,@AmazonHelp Just did that and so far it seemed to help,1413383,1413380.0
2345625,678265,Sun Nov 26 18:11:26 +0000 2017,@AmazonHelp Are you saying that the headlines from my echos home screen are based on my flash briefing? That’s not posssible. These are the oddest headlines.,,2345624.0
790184,308429,Thu Oct 12 13:13:58 +0000 2017,@AmazonHelp @115851  since order placement date I am waiting in the hope that may Amazon delivery find my address and delever the product,790185,790183.0
26928,121896,Wed Nov 01 10:05:17 +0000 2017,@AmazonHelp It was supposed to arrive yesterday and now it's changed to by the 6th. Bit confused with the fact there is partial tracking information.,26930,26927.0
115807,141787,Thu Nov 23 22:04:14 +0000 2017,@AmazonHelp That just takes me to a customer service page. What do I do?,115809,115806.0
2261685,599699,Thu Oct 19 18:06:34 +0000 2017,"@AmazonHelp can't seem to get egift card to add to Cart or purchase with buy now. When I click buy, it takes me to cart empty screen. Help?",2261684,
1526919,474147,Fri Nov 03 21:54:01 +0000 2017,@AmazonHelp you hit my account 3 times... why,1526916,
444310,220252,Thu Nov 09 22:24:36 +0000 2017,"@AmazonHelp Thanks for your quick response! I have already requested a refund on my account, but I no longer have the original packaging for return and I'm unsure what to do as the item is v large.",444309,444311.0
2176550,502846,Thu Nov 09 15:43:11 +0000 2017,@AmazonHelp I was on the phone with Logistics (who sent me to the wrong department twice) and they told me the order is lost,,2176548.0
2725845,497678,Mon Nov 20 13:12:41 +0000 2017,"@AmazonHelp 

Kindly cancel all my orders with amazon. I will not receive it anymore.

Just received a message that my order will not be delivered today.

Really pissed off since few days.

Daily receiving msgs """"it is out for delivery""""

@115850",2725843,
1111342,206627,Tue Oct 24 02:59:18 +0000 2017,@AmazonHelp Really not expecting this sort of service from amazon... Hope you  listen to customers needs for their satisfaction,1111343,1111340.0
1044955,194083,Mon Oct 23 10:05:35 +0000 2017,"@AmazonHelp estoy pendiente de un producto del que sois distribuidores unicos en españa, soleis tardar mucho en reponer existencias?",1044953,
1153680,120538,Tue Oct 24 17:23:01 +0000 2017,@385785 @AmazonHelp amazon NEVER cares about its customers,1156235,1153679.0
206002,164791,Mon Nov 06 10:37:02 +0000 2017,@AmazonHelp I don’t even think anyone read my email because this reply doesn’t address a single thing I said https://t.co/baWtrOyDUy,206001,206003.0
1494786,467072,Fri Nov 03 15:50:05 +0000 2017,@467069 @AmazonHelp T'es un tueur le CM doit rien comprendre je suis mort 😂,1494789,1494781.0
683776,146721,Thu Nov 23 12:16:25 +0000 2017,@AmazonHelp Thank you.,683775,683777.0
1245768,412253,Mon Oct 16 03:01:01 +0000 2017,@AmazonHelp anybody there?,1245766,
1727606,522443,Tue Oct 17 19:03:58 +0000 2017,@AmazonHelp you guys have a broken Fresh delivery system. Driver lied and said he delivered order and I’m still waiting - missed appt 👎🏻,1727604,
536511,229251,Sat Dec 02 14:47:00 +0000 2017,"@AmazonHelp @115821 should consider contracting with a more reliable, quality driven courier than @115817. As I mentioned in an earlier tweet, I can count on ""most"" of my deliveries by ups to be drop kicked to the door, &amp; the @upshelp support will put you through hell to reconcile damages.",,536510.0
2338819,676575,Fri Oct 20 06:41:49 +0000 2017,@AmazonHelp It was supposedly resent to me but it never arrived. This is like EIGHT months now! I have an address in the US where it can be sent,,2338816.0
742498,297531,Wed Oct 11 15:03:08 +0000 2017,@AmazonHelp when can expect my order as it should have been delivered on the10th and nothing came the order number is 203-3154107-4918718,742495,
198373,162635,Wed Oct 04 22:03:03 +0000 2017,"@AmazonHelp Aun no, pero lo haré en mi próxima salida a correr.",,198372.0
341518,197580,Wed Oct 25 06:51:14 +0000 2017,"@AmazonHelp Laptops fraud....? By Amazon see , i am Not only the victim, many morw r in cue ...!
See next image of same post ..! https://t.co/ZR0G4Un5Or",,341513.0
2461294,431442,Wed Nov 15 08:24:42 +0000 2017,"@AmazonHelp I can't open this error is ' there was a problem' 
Your password is wrong.

But I can open through this this password in app but unable to open in Google Chrome",2461295,2461293.0
1373228,439610,Sat Oct 28 07:04:18 +0000 2017,@AmazonHelp It was October 27 to be delivered by 8pm. But now it says October 27- November 1.,1373230,1373227.0
138105,147110,Fri Nov 24 10:47:34 +0000 2017,@AmazonHelp looks like I will be cancelling then as this is bizarre,,138104.0
661484,117745,Thu Nov 23 00:52:24 +0000 2017,@AmazonHelp i can't control my hue lights and tp link switches via Alexa app on fire 8. It just allows me the option to edit my groups and devices. Am i missing something?,661483,
899528,285782,Sat Oct 21 05:54:12 +0000 2017,"@AmazonHelp Several times I informed about this but was useless, there is no action from Amazon and same is repeated. Kindly improve",899530,899527.0
1973423,584440,Wed Oct 18 17:48:04 +0000 2017,"@AmazonHelp I am not able to add money in amazon pay. 
Error- temporarily locked, contact customer service",1973421,1973425.0
152095,150754,Sun Nov 26 14:18:26 +0000 2017,"@AmazonHelp I have replied on mail and still I have no response. You guys have eaten my money for 45 days now. This is unreal exploitation by a firm, which takes pride in customer experience....pathetic, worst service ever!! @115851","152096,152097",152094.0
2590697,733788,Mon Oct 30 20:05:00 +0000 2017,@AmazonHelp Amazon EU.,2590698,2590696.0
1496638,467469,Fri Nov 03 13:08:46 +0000 2017,@AmazonHelp Still speaking to the supervisor. I'm a loyal Prime customer.,1496640,1496635.0
86013,134783,Thu Nov 30 14:00:49 +0000 2017,@AmazonHelp I paid and ordered footwear and this is what you deliver??!!! I am totally disgusted and shocked! Give me a refund right now! #Cheaters https://t.co/l6tYHkUFzi,86011,
493499,232644,Fri Dec 01 17:15:58 +0000 2017,"Very much doubt @AmazonHelp will be delivering my copy of Xenoblade 2 today. It dispatched yesterday and I've heard nary about it since, and there's 3 hours until 8pm.",493496,
2032983,601148,Sun Nov 26 16:50:31 +0000 2017,@AmazonHelp I clicked on the 2nd link you gave and it also has mysteriously manifested into https://t.co/orlpEuxbdj????,"2032984,2032985",2032982.0
225526,169871,Thu Oct 05 06:37:59 +0000 2017,@AmazonHelp Didn't get picked up and now is meant to be today but again no details,,225524.0
576501,255523,Sun Dec 03 09:31:09 +0000 2017,"@AmazonHelp I was not provided any more than is already on the USPS tracking page, which as you know says that a package that was out for delivery on Saturday is now expected to be delivered by tuesday(?)",576502,576500.0
1474043,462186,Tue Oct 17 08:09:22 +0000 2017,@AmazonHelp Yes. A ridiculous offer. If I order a product 4 months in advance I clearly want it. You are at fault for not fulfilling the order.,1474044,1474042.0
1421985,450496,Fri Nov 03 17:25:03 +0000 2017,@AmazonHelp you guys aren't going make your delivery time. Every time I preorder you miss release day. https://t.co/6EWr8EmHqW,1421988,1421984.0
1800801,356734,Wed Oct 18 01:27:38 +0000 2017,@AmazonHelp AMZL US,1800803,1800800.0
497328,233681,Fri Dec 01 19:14:04 +0000 2017,"@AmazonHelp Je vais le faire merci. Mais j'ai contacté @120535 par téléphone et on me sort qu'ils vont voir avec le livreur et que j'aurai une réponse dans les 48h. J'ai donc demandé qu'il me soit livré soit ce soir, soit demain matin !  La personne a donc ouvert une réclamation.",497329,497327.0
2192402,641712,Thu Nov 09 20:37:54 +0000 2017,"@AmazonHelp I haven't received such an email, as of yet.",2192401,2192403.0
144220,148604,Fri Nov 24 13:45:48 +0000 2017,"@AmazonHelp 返品のリクエストをしました。
わざわざありがとうございます。",144222,144219.0
2372405,684467,Tue Nov 14 00:37:27 +0000 2017,@AmazonHelp still waiting on that package due last Friday....😑  terrible service.  Good to know your shipping department is on top of things. https://t.co/2MHGp7LMoQ,2372403,
315317,191268,Sat Oct 07 07:24:15 +0000 2017,@AmazonHelp The order confirmation email says ‘arriving 6th October’.,315318,315310.0
73499,132435,Thu Nov 30 10:41:52 +0000 2017,@AmazonHelp A seller. It wasn’t obvious that they’re in the States when ordering.,73497,73501.0
532639,116933,Sat Dec 02 21:44:58 +0000 2017,@AmazonHelp Schade. Da bin ich immer neugierig 😁,532640,532638.0
661411,733703,Thu Nov 30 08:58:42 +0000 2017,@277595 @AmazonHelp 突然失礼します。全く同じ症状で悩んでいたので、大変助かりました。ありがとうございます。,,661410.0
2469465,706432,Wed Nov 15 10:18:44 +0000 2017,"@AmazonHelp Vendido por amazon, enviaron un correo para advertir de la tardanza",2469464,2469466.0
2308947,669716,Mon Nov 13 03:02:46 +0000 2017,@AmazonHelp .com,2308949,2308946.0
363719,202194,Sun Oct 08 19:11:55 +0000 2017,@AmazonHelp &amp; this is nt the 1st case of default. months ago I hd booked a question paper book&amp;paid it online. a day bfr delv date order got 'cancelled',363720,363717.0
937983,342341,Sat Oct 21 18:50:11 +0000 2017,@AmazonHelp É..daqui uns dias vou mandar uma foto assim...,937985,937981.0
219587,168355,Mon Aug 14 07:50:52 +0000 2017,"@AmazonHelp I have filled all d details but yet 2 hear frm u.I have been following up on this problem for the last 1 month,but all in vain.",219586,219588.0
1056769,369518,Mon Oct 23 11:55:33 +0000 2017,@AmazonHelp 23 oct is delievery date,1056771,1056768.0
2004723,592820,Thu Oct 19 21:58:54 +0000 2017,@AmazonHelp Called and got it squared away.,2004724,2004722.0
1366257,438056,Fri Oct 27 22:03:22 +0000 2017,"@AmazonHelp Un paquete que no ha podido entregarse a tiempo, pese a haber tenido suficiente margen como para rectificar el problema.",1366259,1366256.0
206781,164973,Wed Oct 04 21:46:09 +0000 2017,"@AmazonHelp Lo último ha sido hoy, que está pendiente de resolver una consulta para el reemplazo...",206779,206782.0
465846,225836,Fri Dec 01 05:58:44 +0000 2017,@AmazonHelp The first one was UPS and the second was/is with AMZL US,465848,465845.0
2349509,679139,Mon Nov 13 16:37:28 +0000 2017,"@AmazonHelp @115850 Product not delivered to me but on your app / site, it says product delivered. Please resolve asap. I am a prime customer.","2349507,2349526",
1503856,469052,Fri Nov 03 20:53:50 +0000 2017,@AmazonHelp No options. I’ve dm’d you guys,,1503855.0
2524389,528218,Thu Nov 16 02:58:41 +0000 2017,@AmazonHelp I already called and got a refund but that's not the point. The point is as a company you guys are starting to decline.,,2524388.0
2606147,737120,Mon Oct 30 20:51:12 +0000 2017,"@AmazonHelp I hv DM you,check it out",2606146,2606148.0
691106,212123,Tue Oct 10 18:36:12 +0000 2017,@AmazonHelp Solo es pasar la bolita,,691104.0
1038150,365591,Mon Oct 23 02:47:59 +0000 2017,@AmazonHelp I would but they are going to tell me the same thing the tracking shows. It should arrive in the next couple of days. Still not same day.,,1038149.0
284799,125354,Fri Oct 06 14:24:41 +0000 2017,@AmazonHelp Thanks!,,284798.0
2098740,619946,Thu Oct 19 03:49:46 +0000 2017,"@AmazonHelp chat, and a phone call unhelpful. not sure what I need to do. as a prime member I am not impressed with USPS level of service",2098738,
1100934,379749,Sun Oct 15 06:44:29 +0000 2017,"@AmazonHelp i bought a siemens hearing aid,order id 171-6203649-6666747.. it became non functional.. service centre not covering warranty","1100933,1100935",
2604295,269151,Fri Nov 17 15:24:09 +0000 2017,@AmazonHelp Grazie mille. Amazon 4 ever,2604296,2604294.0
579873,237003,Sun Dec 03 11:33:47 +0000 2017,@AmazonHelp How much is the voucher worth?  Champagne level or sprite level?,,579872.0
537471,244588,Sat Dec 02 18:35:57 +0000 2017,@AmazonHelp @134789 Estáis seguros??? Porque a nosotros nos estáis tratando fatal,537478,537469.0
2166111,635746,Sun Nov 26 13:43:34 +0000 2017,"@AmazonHelp Customer service reset password to allow same email with US &amp; AUS accounts. worked yesterday, but CAN’T LOG IN TO ANYTHING TONIGHT.   ?????","2166108,2166114",
234749,171901,Thu Oct 05 13:28:48 +0000 2017,"@AmazonHelp I received an email alerting me to the changing of my accounts registered email address. I have tried to log in with my real email, no luck!","234751,234752",234748.0
232918,171441,Thu Oct 05 11:49:00 +0000 2017,@AmazonHelp Previous laptop too which i cancelled but it says you can order maximum one quantity of this laptop,232920,232916.0
1729607,522741,Tue Nov 07 11:02:31 +0000 2017,@AmazonHelp Can I have a contact telephone number for your Executive Customer Relations Complaint team. I have an open complaint there,"1729602,1729618",
1431977,452521,Fri Nov 03 08:57:30 +0000 2017,"@AmazonHelp yes they said to order new product , again same issue with new order, I paid 150 extra for one day delivery.","1431982,1431983",1431976.0
566693,227508,Sun Dec 03 01:02:30 +0000 2017,@AmazonHelp My package was due yesterday and now it’s two days late 🙄🙄,566692,
792743,309033,Thu Oct 12 13:04:21 +0000 2017,Still waiting for a response to a non-delivery of item query I have had since 9/10/17 Any chance @AmazonHelp can step in and sort it? ta.,792741,
237751,158284,Mon Oct 09 07:21:05 +0000 2017,@AmazonHelp Haven't received any mail. Why do you say all this everytime I don't understand?,237752,237750.0
520666,240193,Sat Dec 02 03:24:52 +0000 2017,@AmazonHelp Yes it was recent,520668,520665.0
1140855,388546,Wed Oct 25 09:54:25 +0000 2017,"@AmazonHelp Sim, quando eu voltar pra casa compartilho.",,1140854.0
991862,158484,Sat Oct 14 12:02:38 +0000 2017,"@AmazonHelp Just had a word with your reiterative, thanks for your support.",991864,991860.0
2679498,753935,Sun Nov 19 14:28:35 +0000 2017,@AmazonHelp Nach Neustart dann so! 😡😡😡😡 https://t.co/8aDn7dl3fB,,2679496.0
1157935,392389,Tue Oct 24 17:07:21 +0000 2017,@AmazonHelp I absolutely will. Thank you for your help. I’ve been a LONG time Prime customer and this was a poorly handled call.,1157936,1157934.0
1950203,579265,Wed Oct 18 18:38:08 +0000 2017,@AmazonHelp Kauft eurem CEO ein Eis von dem Freimonat Prime Mitgliedschaft.,,1950200.0
5328,116936,Sun Nov 26 00:06:14 +0000 2017,@AmazonHelp Trying to place an order this happened before and deleting and rentering my address fixed it but now it's across multiple prime accounts to the same address,5326,5330.0
2459994,649133,Wed Nov 15 08:17:28 +0000 2017,@AmazonHelp They told me over the phone it would be here by 9pm last night now it’s updated to today or tomorrow,2459996,2459993.0
145730,149056,Fri Nov 24 14:09:31 +0000 2017,@AmazonHelp it's ok - I just can't get on and do things until you've delivered 😑,,145729.0
1337142,431892,Fri Oct 27 17:21:12 +0000 2017,"@431891 @AmazonHelp 1/ Nan mais @AmazonHelp la c'est quand même grave, tapez ""Colis Privé"" dans la barre de recherche twitter et regardez le nombre de personnes",,1337138.0
644024,272882,Mon Oct 30 13:27:25 +0000 2017,@AmazonHelp No,644025,644023.0
1548337,152508,Sun Nov 26 03:01:23 +0000 2017,Wayfaring by Tikuli https://t.co/Z1vnpFMkTu via @115850 @AmazonHelp This is the link to the book. Just as info. The browsing categories are now removed. The other book is listed wrongly. I have followed all instructions. Can't they just be put rightly? #fail,1548335,
2616336,310805,Fri Nov 17 15:52:39 +0000 2017,@AmazonHelp Have reported to your support team vide the link you had sent. Kindly refund my amount.,2616338,2616335.0
2573830,729900,Thu Nov 16 19:52:31 +0000 2017,@AmazonHelp should probably refund me my monthly subscription for Prime. Yet another package is a week late... so much for 2 day shipping..,2573828,
180473,158439,Thu Oct 05 14:00:13 +0000 2017,@AmazonHelp It's not my duty to contact ur idiot team. Your duty to update it. I just want a solution asap.,180474,180471.0
2397219,580474,Tue Nov 14 12:57:28 +0000 2017,@AmazonHelp  https://t.co/3KQPQJixfT,,2397217.0
1313902,426972,Fri Oct 27 07:00:14 +0000 2017,@AmazonHelp  got locked out of my amazon account for irrelevant reason. already sent all required documents to unlock my account but,1313900,
2756044,771373,Tue Nov 21 02:14:52 +0000 2017,@AmazonHelp Already did for the last 4 days and I get the same response. No one know what's going on.,2756042,2756048.0
431550,217596,Tue Oct 10 15:21:46 +0000 2017,@AmazonHelp C'est pas comme si j'avais commandé a la dernière minute faut dire https://t.co/p71qwcjJgm,,431543.0
2457057,703797,Wed Nov 15 10:19:17 +0000 2017,"@AmazonHelp link is diffrent order showing which is not myne😂😂😂🤣🤣🤣😆😅
are you check your ans again when sent to customers reply ?

my order was GYM BAG not hindwer shower,
take care when replying here.
do the needful 
also pay attention on last tweet , i already had talk twice to cs",2457059,2457056.0
237372,172527,Wed Oct 04 12:54:47 +0000 2017,"@AmazonHelp Hmm...... Sennheiser , tenor and iPhone 6s which was newly launched ......",,237371.0
2719384,131800,Mon Nov 20 08:17:28 +0000 2017,"@763147 @AmazonHelp Bonjour, nous ne proposons pas non plus cette possibilité. Bonne journée",,2719382.0
1437396,453677,Thu Nov 02 14:42:19 +0000 2017,@AmazonHelp No as it doesn’t mention missing orders?,1437398,1437395.0
1569527,484115,Sat Nov 04 17:30:29 +0000 2017,@AmazonHelp I do. I'll take another look in the mailbox room and see if I can find it,1569528,1569526.0
907489,335497,Fri Oct 20 14:34:31 +0000 2017,@AmazonHelp .@115821 's new direct fulfillment keeps leaving packages on sidewalk to get stolen despite requests they stop. Will @AmazonHelp respond?,907487,907490.0
1768942,531832,Tue Nov 07 22:31:53 +0000 2017,Thanx @123967 glad it wasn't something expensive i order other wise it would be gone. Don't get why this happened. @AmazonHelp https://t.co/2Un0ibYznK,1768941,
2614019,738974,Fri Nov 17 13:23:00 +0000 2017,"@AmazonHelp No I haven't. I I've only received the regular confirmation codes, but I followed by a confirmation email of the password change.",2614018,2614020.0
133882,146160,Sun Nov 12 12:18:21 +0000 2017,@AmazonHelp One thing is for sure that I am never going to use you website for any of the future purchases.,,133881.0
1252967,413925,Thu Oct 26 05:55:24 +0000 2017,@AmazonHelp I was charged 79 pounds and I use .co.uk,1252965,1252969.0
379881,206120,Mon Oct 09 08:18:15 +0000 2017,@AmazonHelp pas de souci j'avais bien compris :) je suis d'ailleurs en contact avec vos services,379882,379880.0
2452908,702297,Sun Oct 29 18:01:11 +0000 2017,@115821 @115830 @AmazonHelp No delivery attempt was made today there wasn't a point during the day where the property was empty,2452906,2452909.0
1525070,139242,Fri Nov 03 21:35:18 +0000 2017,"@AmazonHelp This may be easier as a DM. Prime customer, ordered item as a gift. When the item had not arrived by 6pm I checked my Amazon account...",1525072,1525069.0
2329640,298983,Fri Oct 20 00:44:15 +0000 2017,"@AmazonHelp @115821 With skyrocketing stock value,  I see why you have no desire to solve customer issues #BadService #LosingACustomer",2329638,
726103,293937,Wed Oct 11 05:57:55 +0000 2017,@AmazonHelp I know this.. But wanted to know is there a quick way to get invite.. My friend has got a invite already.. @115850,"726105,726106",726102.0
1572205,484671,Sat Nov 04 13:59:52 +0000 2017,@AmazonHelp No me pone nada de eso,1572207,1572204.0
518757,239685,Sat Dec 02 02:23:51 +0000 2017,@AmazonHelp 検索からわざわざありがとうございます。無料体験出来る登録はしてありますが、有料じゃないと見れないのもあるんですよね？ネットでショッピングする時も書いてある『prime』っていう動画は無料体験では有料で、見れないんでしょうか？,518759,518756.0
547922,247485,Sat Dec 02 19:30:46 +0000 2017,"@AmazonHelp That's true. But that's why used products have item descriptions as shown in the photos I attached. I ordered an item marked as very good, which according to descriptions should be complete. I received an acceptable hence missing manual...",,547920.0
572413,254496,Sun Dec 03 05:11:43 +0000 2017,@AmazonHelp I have done a promo like this before.  :/  thanks for the response,,572412.0
959387,347621,Sat Oct 14 02:32:55 +0000 2017,"@AmazonHelp リプライありがとうございます。
確認してみたら多分そのようで…「まとめて発送」があると聞いたことがあったので送料を抑えようと今回まとめて注文しようとしてたのですが、出品者が違えばその設定はできないのですね……わかりました。ありがとうございました。",959385,959389.0
382787,206723,Sat Oct 21 14:32:16 +0000 2017,@AmazonHelp October 24th but with the comment that I should explore other options if it isn’t here on the 25th. Why is pkg delivery so mysterious?,382789,382786.0
998029,356323,Sun Oct 22 16:36:50 +0000 2017,@AmazonHelp Ok,998027,998030.0
1581323,306603,Sat Nov 04 18:48:06 +0000 2017,Since I don’t have to sign for my packages can your carriers just leave them. @115821 @AmazonHelp,1581321,
960703,347983,Sun Oct 22 02:55:55 +0000 2017,@AmazonHelp 通常の使用には特に問題ないので今回は「意見」をお送りするに留めました。気に留めていただければ幸いです。,960705,960702.0
697278,286371,Tue Oct 10 18:53:46 +0000 2017,@AmazonHelp it’s for school and i leave at 8am,697280,697277.0
2501924,713655,Wed Nov 15 20:13:29 +0000 2017,@AmazonHelp Thank you!,,2501923.0
918034,337944,Sat Nov 25 16:22:53 +0000 2017,"@AmazonHelp hey! Got an email about a $10 promo for getting the app. Decided to make a purchase and followed all the steps, never received the email with the code! https://t.co/mkECMGdyUm",918032,
969816,350165,Tue Oct 24 07:42:41 +0000 2017,"@AmazonHelp it's the same standard replies again, why was the shipment sent back when delivery was promised to me? answer that!!!",969817,969815.0
922714,336223,Sat Oct 21 16:19:17 +0000 2017,"@AmazonHelp @115821 my refund was initiated with loss of 3 Diwali offer - Good Exchange Benifit, Discount of ₹ 1500 and No Interest on EMI. Want it back",922716,922712.0
2427435,696994,Tue Nov 14 20:56:54 +0000 2017,"@AmazonHelp Tout s’est bien passé livré avant 22h.
Merci à vous 😘","2427437,2427438",2427434.0
716061,291348,Wed Oct 11 00:53:26 +0000 2017,@AmazonHelp Got it. Thanks!,,716060.0
661404,277592,Thu Nov 23 01:22:28 +0000 2017,"@AmazonHelp Hasta donde tengo entendido, sí.",661405,661397.0
264958,179123,Thu Oct 05 23:13:47 +0000 2017,@AmazonHelp Please make sure it is packed properly this time as I have again ordered it on dewali sale now. Fingers crossed hopping it is delivered good,264960,264957.0
2472447,627857,Wed Nov 15 12:25:51 +0000 2017,@AmazonHelp Yes both by Amazon prime,2472449,2472446.0
1197934,401468,Wed Oct 25 14:12:11 +0000 2017,@AmazonHelp Good dodge.,1197936,1197933.0
287991,184635,Fri Oct 13 09:31:46 +0000 2017,@AmazonHelp Thank you so much.. @115850 @115821,,287990.0
2226777,264539,Fri Nov 10 09:55:56 +0000 2017,"@AmazonHelp まさかイニシャルだったとは！
こいけやんの誕生日プレゼントは車であります！
IY(いけやん)
https://t.co/2uHM6yLSci",2226779,2226776.0
721757,292780,Wed Oct 11 02:11:55 +0000 2017,@AmazonHelp Paid for overnight for today &amp; now I'm getting check back in Friday,721759,721756.0
565845,252630,Sun Dec 03 00:33:01 +0000 2017,Yup I’m sure for my new $100 webcam this was a good choice for packaging options thanks @AmazonHelp https://t.co/crc8C3WeQT,565844,
2599764,726323,Fri Nov 17 07:31:38 +0000 2017,@130737 @AmazonHelp Amazon team said wait 5 days after5 days they said we won't refund you amount,"2599765,2599766,2599767",2599684.0
1585050,487717,Tue Oct 17 19:00:51 +0000 2017,@AmazonHelp Do you know what is a feedback and how works your website?,1585051,1585049.0
1326265,247552,Fri Oct 27 19:27:11 +0000 2017,@AmazonHelp It hasn’t been reimbursed? How do I get my replacement?,1326267,1326264.0
2303328,668360,Sun Nov 12 20:12:29 +0000 2017,"@AmazonHelp Thanks, I did that already.",,2303327.0
2662998,126080,Tue Oct 31 07:16:23 +0000 2017,@AmazonHelp Seems AppStore shows category as Music for the app and doesn’t show the Publisher name. Found the app. Thanks!,,2662997.0
382290,206641,Fri Oct 27 10:21:39 +0000 2017,Ordered BGR 34 Blood glucose metabolisor and u sent BGR 34 carbohydrate metabolisor. Pl exchange. @AmazonHelp @115821,382286,
661460,277605,Thu Nov 23 00:53:21 +0000 2017,@276073 @115821 @AmazonHelp Time to call the old Credit Card company and just get the old Charge Back initiated,661459,656065.0
1461517,459211,Thu Nov 02 18:29:50 +0000 2017,"@AmazonHelp Will do, thank you!",1461519,1461516.0
2236268,280741,Fri Nov 10 18:37:18 +0000 2017,@AmazonHelp Problèmé lié à Adblock,2236267,2236269.0
793937,309302,Thu Oct 12 15:23:12 +0000 2017,"@AmazonHelp Sir it is less attractive even than last Festival few days back

#Diwali deals were the best in earlier years

May b u can have a relook",793938,793936.0
627643,268652,Tue Nov 21 21:36:59 +0000 2017,@268651 @115830 @AmazonHelp My last 6/7 orders over the last month have been shocking. Also prime. Not one delivered on time and plenty of bollocks line “we tried to deliver but you weren’t in” when I actually was. @115830 service is usually good but recently it’s been terrible.,627642,627644.0
2383734,310700,Fri Oct 20 08:06:25 +0000 2017,@AmazonHelp I didn’t know that thanks for letting me know,2383735,2383733.0
751253,299560,Sat Nov 04 20:40:36 +0000 2017,@AmazonHelp: Hace casi 1 mes compré 1 artículo y a pesar de que en el sitio aparece como disponible aún no me la han enviado. A qué se debe?,751252,
2473391,707232,Thu Nov 16 04:00:18 +0000 2017,@AmazonHelp I asked your executive whether ms Office is already installed in the laptop or not she said yes it is installed.,"2473392,2473393",2473388.0
290419,185175,Fri Oct 06 15:55:44 +0000 2017,@AmazonHelp Wollte erstmal mit DHL telefonieren,290421,290418.0
2126222,599002,Thu Oct 19 07:10:23 +0000 2017,Oh @AmazonHelp I'm so disappointed. 10x I asked CS to call me. Crickets. Found a number for Kindle CS and called that. They transferred me.,"2126220,2126223",
1567442,399203,Sat Nov 04 16:04:28 +0000 2017,Hey @AmazonHelp is there a problem with @117795 currently? The app is opening but videos won't stream?! Download at 48MB! #help 😭,1567441,
343862,197813,Tue Nov 07 14:28:19 +0000 2017,@AmazonHelp Please don't promote prime services when you cannot deliver on time @AmazonHelp @115850,,343861.0
1249718,413214,Thu Oct 26 02:53:32 +0000 2017,@AmazonHelp I have a xbox one x scorpio edition on pre-order. Is this a guaranteed Nov 7th delivery date?,1249717,
592133,260129,Sun Nov 12 06:14:10 +0000 2017,@AmazonHelp @115850 @AmazonHelp one more so that u can see the depth of the box https://t.co/O8AlA12v12,,592132.0
58750,129372,Wed Nov 01 20:35:38 +0000 2017,@AmazonHelp who do I️ contact about my missing package,58748,
885357,330228,Sat Oct 14 05:03:11 +0000 2017,@AmazonHelp Can you please arrange it.,885358,885356.0
1689284,512906,Wed Oct 18 04:30:42 +0000 2017,@AmazonHelp Please have my review put up OR have the product removed from Primr,1689287,1689283.0
1623532,497320,Sun Oct 29 22:37:17 +0000 2017,"@AmazonHelp I have contacted @115821 .. always saying they'll sort it, four days late is too late @amazonhelp",1623534,1623531.0
1735206,451042,Tue Nov 07 17:27:59 +0000 2017,@AmazonHelp Winners hasn't announced yet!,1735208,1735205.0
235739,172147,Thu Oct 05 13:31:31 +0000 2017,@AmazonHelp plz provide the nmbr wch is working. I m watng for my order frm last 2 days. The nmbr gvn in email is also switched off. Shame! https://t.co/QZmA21HmSc,"235737,235742,235743",
2678072,753645,Sun Nov 19 21:16:56 +0000 2017,@AmazonHelp I am in the UK and the link signs me in to the USA website,2678074,2678071.0
1500710,468417,Fri Nov 03 15:26:14 +0000 2017,@AmazonHelp No. I wanted to ask directly to mr. @115851 . I used two emails. But I do not know if they are active. Or if he opens all the emails. Surely he receives many emails. Jeff does not have a personal secretary? :(,,1500709.0
876964,308067,Fri Oct 13 16:08:52 +0000 2017,@AmazonHelp @115850 only you make promises and nothing. https://t.co/XK1ObDZuHq,876962,876973.0
2316644,671691,Mon Nov 13 05:46:16 +0000 2017,"@AmazonHelp  Hi there, I would like to know your customer care email address. I need to send a scanned copy of courier receipt which I used to return my item
ORDER # 113-9946175-7467403",2316643,
414013,213793,Tue Oct 10 01:56:46 +0000 2017,"@AmazonHelp わざわざありがとうござます。
調べてみると、色々な会社名を使用したメールが多発してるらしいですね。",414015,414012.0
2279013,662611,Sat Nov 11 19:17:31 +0000 2017,@AmazonHelp It says from https://t.co/1ai8xcqa5p LLC,2279012,2279014.0
2198860,643156,Fri Nov 10 02:01:34 +0000 2017,"@AmazonHelp This is obviously nonsense, using your own AMZL delivery. And over and over again during checkout and in confirmation emails I was told this package was arriving today.",2198859,2198861.0
1953563,579971,Thu Nov 16 12:20:02 +0000 2017,@AmazonHelp #so what is the solution to this????,1953562,1953564.0
1349178,322303,Sat Oct 28 08:04:35 +0000 2017,@AmazonHelp #amazoncashbackoffers are #fake,1349179,1349174.0
787657,307870,Fri Oct 13 07:43:14 +0000 2017,@AmazonHelp El pedido no sale en el listado sólo puedo verlo en Amazon Prime,787658,787656.0
390440,208432,Mon Oct 09 15:39:53 +0000 2017,@AmazonHelp  https://t.co/0sXMioQzk8,390443,390439.0
2488921,710766,Sun Nov 26 19:33:16 +0000 2017,"@AmazonHelp Il est bien indiqué là https://t.co/IHLVxAuAKD ?? 
Et pourtant tjrs pareil 194€",,2488919.0
1170102,395217,Sun Oct 15 20:30:30 +0000 2017,"@AmazonHelp Kept saying her computer was ""loading"" too.","1170106,1170107",1170101.0
183582,159173,Wed Oct 04 12:06:33 +0000 2017,@AmazonHelp ありがとうございます〜ご飯食べながら堪能します〜〜😇😇😇,183581,183583.0
2513914,716344,Mon Oct 30 07:34:45 +0000 2017,@AmazonHelp 404-7174115-8804331 my order cancel without any intimation. I want it as per schedule. This is 3rd time bad experience pls solve,"2513911,2513916",
1863455,556787,Fri Oct 20 13:21:40 +0000 2017,@AmazonHelp My Echo stopped working.  How do I get support for it?  Please advise or PM me directly.  THanks!,1863454,
74826,132745,Sun Nov 26 16:50:06 +0000 2017,"@AmazonHelp No new mail received till now, previously you said you're working on it and need some time",74825,74827.0
989675,354443,Sat Nov 25 11:15:05 +0000 2017,@AmazonHelp No.,989676,989674.0
17918,119974,Wed Nov 01 05:06:23 +0000 2017,@AmazonHelp Please elaborate. If the charges are of prime subscription on https://t.co/PDFhxlk2Fc then why was i charged 499 in the first place??,17919,17917.0
562893,251768,Sun Dec 03 18:18:24 +0000 2017,@AmazonHelp I love being a prisoner in my own home still no sign of this delivery 1hr 40mins to go before I phone customer service,,562891.0
1356319,271091,Sat Oct 28 03:20:02 +0000 2017,"@AmazonHelp If any 'attempt' was made, why were the items not left in my requested safe location? Answer - your driver was never even near here!",,1356318.0
605163,263841,Wed Nov 22 10:18:38 +0000 2017,"@AmazonHelp Bonjour
Cela est conditionné par la capacité de votre service à décrocher le tel et de chercher une information... j'attends toujours",605162,605164.0
2372404,684467,Tue Nov 14 00:44:52 +0000 2017,@AmazonHelp Shows due tomorrow,2372406,2372403.0
479328,228912,Fri Dec 01 12:49:56 +0000 2017,"@AmazonHelp I bought a computer monitor during the cyber monday sales, and now its suddenly being refunded. It's back to the original price. Why does an error that is out of my control mean that I don't get what I paid for, when you clearly have the item in stock? Disappointing",479327,
1540963,312123,Fri Nov 03 21:35:25 +0000 2017,@AmazonHelp my redeem code sent for Call of Duty: WW2 isn't working??,1540961,
1557702,481486,Sun Nov 05 14:49:15 +0000 2017,"@AmazonHelp bah via le chat, il dise qu'il y a aucun lien entre le faite qu'une expédition avant se faisait le même jour que la commande",1557704,1557701.0
2504831,714307,Wed Nov 15 21:23:42 +0000 2017,"@AmazonHelp Also tried Firefox, Chrome, IE and Edge.  Tried home and work internet connection...  I'm at a loss",2504829,2504832.0
753536,300095,Sat Oct 14 10:28:38 +0000 2017,@AmazonHelp @115850 haven't received any email.i have even checked spam,753537,753535.0
1693564,417954,Mon Nov 06 19:28:01 +0000 2017,"@AmazonHelp Worst experience ever. Rude CSRs, saying they are unable to help when it's clear they can. Loyal customer of 14 years gets this?",1693562,
297414,186837,Fri Oct 06 18:05:21 +0000 2017,@AmazonHelp why do I pay for prime when my last 2 deliveries haven't come the next day? (Despite being prime),297413,
2303008,668272,Sun Nov 12 19:18:39 +0000 2017,@AmazonHelp .fr :),2303009,2303007.0
163574,153834,Fri Nov 24 19:21:21 +0000 2017,@AmazonHelp These are picture if packing. I cannot send your email due to size limitation even though I have send it https://t.co/N7DESwPSTH are harassing me with unnecessary question. @9406 https://t.co/7iMsLKjrbe,163573,163575.0
746693,298509,Wed Oct 11 17:31:32 +0000 2017,@AmazonHelp After I decided what my next step was and just get notification it was proceeded with and I did not give concent,,746690.0
609389,264862,Wed Nov 22 12:44:33 +0000 2017,"@AmazonHelp hello, can we still return a product without the Amazon original box? We received an oven, opened all the boxes but never used it. Thanks",609387,
222704,169201,Tue Oct 03 17:19:49 +0000 2017,@AmazonHelp Any update ??? Issue persist,222703,222705.0
2427468,696253,Tue Nov 14 20:10:02 +0000 2017,"@AmazonHelp Gracias @AmazonHelp, como no quererte! https://t.co/57Iphs8agW",2427470,2427467.0
2394969,689506,Tue Oct 31 15:25:07 +0000 2017,@AmazonHelp 16 days and still waiting for your pickup or replacement #worstAmazonExperienceEver,2394970,2394968.0
2565550,499853,Thu Nov 16 19:01:41 +0000 2017,@AmazonHelp Thanks for the reply. I’ll reach out later today. Just thought you should know. Loyal Amazon cust. Never had this exp. before.,,2565549.0
1044248,366917,Mon Oct 23 09:49:54 +0000 2017,"@AmazonHelp nope: both at the same time, it was sold and shipped from amazon .es",1044250,1044247.0
603150,263272,Sun Dec 03 22:32:18 +0000 2017,"@AmazonHelp Hello! I have a Chromecast. If I sign up for Amazon Prime, will I be able to cast videos?",603148,
180377,158425,Wed Oct 04 11:42:08 +0000 2017,"@AmazonHelp After canceled orders and delayed order, the only thing left was your customer executives raising their voice. Pathetic services",180375,
783396,306987,Fri Oct 27 10:07:07 +0000 2017,@AmazonHelp U don't appreciate it. U are testing it right now. I am sure u are a bot And not a human being.,,783395.0
2500185,713293,Fri Dec 01 00:04:16 +0000 2017,"@AmazonHelp Hi! My most recent order was undeliverable to that address. I read in a help article that I should re-place the order for the same items. I'm ok with that, but will my original order be refunded? Can you please confirm?",2500184,
232464,170800,Thu Oct 05 10:10:59 +0000 2017,@AmazonHelp I cannot find any reply on the given link.,232462,232466.0
1135015,387408,Fri Nov 03 17:12:13 +0000 2017,@AmazonHelp why hasn’t my cod ww2 came yet it is 5 in the afternoon and I pre ordered it what is the point if it’s not here on release?,1135014,
121097,142953,Thu Nov 23 23:42:13 +0000 2017,@AmazonHelp I have emailed from that link.,,121096.0
420038,215139,Tue Oct 10 20:16:41 +0000 2017,@AmazonHelp Sorry for some reason I didn't get a notification. I've spoken with someone online and sorted it thank you.,420040,420037.0
654250,275640,Mon Nov 27 18:04:10 +0000 2017,@AmazonHelp The status says delivered however it was not. The postman here in sunnyvale is the worst and constantly delivers things to the wrong address. Is it possible to have this resent to another address?,654252,654249.0
1219913,406216,Wed Oct 25 15:50:29 +0000 2017,"@AmazonHelp Ah oui vous inquiétez pas je vous tiendrai au courant, bonne soirée",1219914,1219912.0
455453,144616,Thu Nov 30 23:49:20 +0000 2017,@AmazonHelp De Volta Para o Futuro!,455451,455455.0
22563,120930,Wed Nov 01 14:02:34 +0000 2017,@AmazonHelp  https://t.co/HWXuUYZUsi,22564,22561.0
1030383,363787,Sat Oct 14 17:55:19 +0000 2017,"@AmazonHelp I have no mail service at my home, so anything you ship by USPS goes to the post office, which has limited hours in my area. I need UPS.",,1030381.0
1192302,400233,Wed Oct 25 09:02:37 +0000 2017,@AmazonHelp That link led me to Amazon UK but I will find the appropriate page for my country. Thank you.,1192303,1192301.0
2603029,559935,Fri Nov 17 08:58:52 +0000 2017,Bon @AmazonHelp pour chaque sortie de Pokémon vous comptez mettre en retard les livraisons ? C'est dommage mais j'vais retourner chez Fnac j'pense trop d'abus,2603027,
2150941,197181,Thu Nov 09 03:45:30 +0000 2017,@AmazonHelp So I'll just cancel the order and place it with @127271 for pick up,2150939,2150942.0
479407,228934,Sun Dec 03 07:30:41 +0000 2017,@AmazonHelp how many times I have to provide you details! Its not my work to sit and entertain you by sending you details again n again!! This is the 8th time I am asking amazon to deliver my order for which I have already paid😡 and each time I have given all details you asked me!!,,479405.0
432963,217977,Tue Oct 10 17:08:32 +0000 2017,@AmazonHelp ...customer service representative. No acknowledgement that it’s a repeat of exactly the same dishonest assertion from a driver. Terrible.,,432961.0
2644128,746058,Tue Oct 31 04:08:15 +0000 2017,@AmazonHelp I've already spoken to a customer service rep. You need to fix #AmazonFresh because it is broken!,,2644127.0
612733,265724,Thu Nov 23 11:20:46 +0000 2017,@AmazonHelp Nouthing problame is solved,612734,612732.0
2146420,206718,Thu Oct 19 10:43:08 +0000 2017,"@AmazonHelp You guyz have my all details. Instead of playing in mail. Please send it early, i need today itself https://t.co/dcmEF7rISn",,2146417.0
1710,116084,Tue Oct 31 22:33:35 +0000 2017,@AmazonHelp where can I chat with a support member for a false charge,1709,
1212717,357392,Sat Oct 28 12:25:09 +0000 2017,@AmazonHelp @115851 Sir compete amazon india team is just giving me fake excuses. I don’t have any idea about my product and ur customer service team is getting horrible with the time. Need you to intervene.,1212718,1212716.0
2543913,382602,Thu Nov 16 14:04:10 +0000 2017,"@AmazonHelp Not sure if I have recently. I have to on a semi regular basis, as it stops loading apps or content and freezes. 

I'll try it today and see if the issue continues.",2543914,2543912.0
663833,278205,Thu Nov 23 14:39:45 +0000 2017,"@AmazonHelp “Practice regular charity and to those who ask,” Asking for charity can be a form of assistance to the OTHER person; xref: “...but deliver us,” xref: three breaths, or less, is giving charity, &gt; 3 breaths is ASKING for charity. https://t.co/XvBLS2lLaz",,663832.0
1429408,452000,Mon Oct 16 18:20:13 +0000 2017,"@115850 @AmazonHelp please review Order

404-8576879-1321164

payed through sbi master card on mobile site am i eligible for sbi cashback?","1429407,1429409,1429410",
248095,174943,Thu Oct 05 16:29:21 +0000 2017,"@AmazonHelp I need the book, but I can’t bring it to school with me to do homework because it’s falling apart. Here’s a picture of what amazon sent me https://t.co/zd6m8UK0Kc",,248094.0
207763,165137,Wed Oct 04 21:15:26 +0000 2017,Hey @AmazonHelp 4th day now without my order which is made up entirely of Prime items.. No cancellation allowed.. what the hell?,207761,
2238605,652741,Sun Nov 26 14:31:24 +0000 2017,@AmazonHelp Vous êtes sûrs de vouloir continuer à travailler avec Megaport ? L'unité centrale est arrivée mal montée.....,2238604,
399845,192913,Mon Oct 09 18:59:12 +0000 2017,Well it looks like @AmazonHelp could be failing AGAIN this time with @116324. they have 1 hour left. breath is not being held,399844,
494966,233037,Fri Dec 01 18:25:36 +0000 2017,"@AmazonHelp Euh non  pas vraiment 🤔 A vrai dire je me suis adressée à la poste pour savoir si je pouvais avoir des infos sur le suivi de mon colis et ils m'ont répondu ""Ce colis a été affranchis par l'expéditeur le 29/11, il n'a toujours pas été posté ce jour. """,494968,494965.0
1013058,60163,Sun Oct 22 19:43:35 +0000 2017,"@AmazonHelp I bet I will be able to order for Sunday delivery to @247022 Westfield Stratford City next week, and a month later. /2",,1013057.0
2395799,689671,Tue Nov 14 16:40:48 +0000 2017,"@AmazonHelp Non mais vraiment c'est pas grave, je peux attendre demain, j'apprécie que vous preniez le temps de me répondre, faudrait juste penser a ne pas utiliser la poste pour les livraisons rapides. Je n'ai jamais de problème avec les autres transporteur. Merci pour votre réponse.",2395800,2395798.0
277155,182220,Sat Oct 14 18:06:26 +0000 2017,@AmazonHelp They haven’t given a cal,"277156,277157",277154.0
758426,301229,Wed Oct 18 21:18:53 +0000 2017,"@AmazonHelp My order was returned by aramex, so i ordered a new with support promising to use free express shipping (1)",758428,758423.0
1478864,170310,Fri Nov 03 09:25:17 +0000 2017,@AmazonHelp C'est bien parce que le livreur se fait petit (Salut @120534) que je vous contacte.,1478866,1478863.0
294246,185733,Sat Oct 07 15:09:04 +0000 2017,@AmazonHelp What do i have to revert? You guys have asked for 24-48 hours time again. No solution in sight. When will this harassment end?,"294247,294248",294245.0
1285522,420700,Thu Oct 26 18:46:09 +0000 2017,@AmazonHelp Alles klar danke für eure Hilfe dennoch,,1285521.0
1919888,571567,Wed Oct 18 16:57:47 +0000 2017,"@AmazonHelp Thank you, just filled everything out",,1919887.0
1075275,354052,Thu Oct 26 02:45:35 +0000 2017,@AmazonHelp Just don't ping back once more without complete information..you have done enuf to irritate ur customer..dnt dare tweet agn widout info,"1075276,1075277",1075273.0
2621071,740594,Fri Nov 17 15:52:52 +0000 2017,@AmazonHelp Can I purchase items on Amazon UK from the US and have them shipped to Romania? If so how would that work? Thanks!,2621069,
1466804,460454,Sat Nov 25 12:58:31 +0000 2017,"@AmazonHelp I've never had problems with Amazon before but it wasn't a cheap item and if anyone saw it being put in the bin they would have took it. I'll call, thanks for the reply.",,1466803.0
513551,238193,Fri Dec 01 23:44:25 +0000 2017,"@AmazonHelp why are packages being delayed in Paletine, IL?",513550,
299610,187417,Sat Oct 07 01:56:05 +0000 2017,@AmazonHelp Order placed for the same day delivery but now it shows for the Monday. I always prefer Amazon to purchase but this time i feel cheated.,299612,299609.0
643816,272842,Fri Oct 13 10:38:54 +0000 2017,"@AmazonHelp I haven't receive the product
As it shown delivered https://t.co/ra7c0ZwqTA",643817,643814.0
1423065,161035,Thu Nov 02 09:41:15 +0000 2017,@AmazonHelp I've a requested cancellation,,1423064.0
1738519,524739,Tue Oct 17 20:12:07 +0000 2017,@AmazonHelp This has happened to two other people I know and they still haven’t received their items. I’m not sure what’s going on.,,1738518.0
382571,206695,Mon Oct 09 12:26:31 +0000 2017,"@AmazonHelp No, despite saying you'd placed another order, no new tv on the way. How much worse can this get Amazon? 3 missed delivery dates, now this!",,382569.0
665441,278557,Fri Nov 03 09:55:09 +0000 2017,@AmazonHelp Stuck in dispatch. Advisor didn’t really explain what that means but assured me it will be dispatched today. Not great though.,665442,665440.0
138151,147119,Fri Nov 24 10:27:23 +0000 2017,"@AmazonHelp Ich habe eine Blu Ray bestellt, die kam auch an, aber ich sehe nirgends den 1€ Gutschein für Amazon Video, der laut Aktion dabeisein sollte. (nicht das erste Mal bei DVD/Blu Ray Kauf)",138149,
13880,118918,Tue Oct 31 08:57:19 +0000 2017,@AmazonHelp yeah and i will get it after i murder service center owner. I would rather throw this product in dumpster and let wll india know abt u cheat,13879,13881.0
1741042,525277,Tue Nov 07 17:09:52 +0000 2017,@AmazonHelp Sí. Compré en preventa ese libro y salió a la venta el 31 de octubre. Aún no me lo envían.,1741044,1741041.0
1394416,437501,Tue Oct 17 09:51:36 +0000 2017,@AmazonHelp I hope u r still positive,1394417,1394415.0
1178912,230690,Tue Oct 24 21:36:59 +0000 2017,"@AmazonHelp why not make a drop down option. i've visited the url a bunch of times, but shouldn't have to enter new URL from within Amazon. Crazy town.",1178914,1178911.0
1464248,459863,Mon Oct 16 19:33:39 +0000 2017,"@AmazonHelp adding 3 books for £10 to my basket but the promotion isn't being applied, can you help please?",1464247,
237800,158284,Thu Oct 05 12:43:02 +0000 2017,@172600 @AmazonHelp Not yet..,,179523.0
1545460,478635,Sat Nov 04 06:19:25 +0000 2017,@AmazonHelp Well. Then you are kindly requested to expedite the process and arrange to get the product delivered as early as possible!,1545461,1545459.0
416959,214481,Wed Oct 11 22:16:17 +0000 2017,@AmazonHelp Just received another fake jersey. This is insane https://t.co/y5FntICb7r,416960,416958.0
1773986,533149,Fri Nov 10 15:11:35 +0000 2017,"@AmazonHelp By the time I received your message it was too late to cancel. My package was FINALLY ""preparing to ship"". Anything else you can for me?",1773988,1773985.0
2540279,523619,Thu Nov 16 11:43:29 +0000 2017,"@AmazonHelp In fact, get someone competent to DM so one of you can actually take care of this instead of giving me the same canned non-answers.",2540281,2540277.0
2471681,706884,Wed Nov 15 12:11:40 +0000 2017,@AmazonHelp Ah non justement !!! Je ne m’imagine pas ne pas utiliser Amazon au quotidien 😉,2471683,2471680.0
297919,186973,Sat Oct 07 06:10:00 +0000 2017,@AmazonHelp Wait for your response.!,"297921,297922",297918.0
2396359,689766,Sun Nov 26 17:45:12 +0000 2017,@115830 @AmazonHelp when I try and log in it says 'no account found for that email address' - it's an amazon account I've had for years linked to my hotmail email. I am worried! Help! It's got e.g. all my kindle books on it!,2396357,
564883,252340,Sun Dec 03 00:39:56 +0000 2017,"@AmazonHelp Hi. An item I ordered is showing as delivered on 29/11/2017, except there is no sign of the parcel and no note saying where the delivery is. How can I find out what's happened?",564881,
1373675,439724,Sat Oct 28 01:04:40 +0000 2017,"@AmazonHelp 3 I chose to start using @115821 for as much as possible bc it was saving me time and I loved it, but now it's saving me less and less time.",1373677,1373672.0
728787,294575,Thu Oct 12 10:32:23 +0000 2017,"@AmazonHelp RW: Unable to open the link you sent. Please contact me @ 9850717857
Please SMS. my phone is on silent. We can fix a time and talk. Thanls","728792,728793",728785.0
1480800,463842,Fri Nov 03 08:00:32 +0000 2017,@AmazonHelp Hab ich und krieg auch immer sehr nette Antworten. Ich brauch aber keine Verlängerung meiner Prime-Mitgliedschaft ....,1480805,1480798.0
1843592,552388,Sun Nov 26 07:46:16 +0000 2017,@AmazonHelp We have been trying to contact amazon customer service but it says your account has been blocked. We are unable to connect to your team. We have some order issue. This type of inconvenience was not expected from Amazon. I'm a proud customer of Amazon but I'm really disappointed.,,1843590.0
1429169,451962,Thu Nov 02 06:47:15 +0000 2017,@AmazonHelp 714.50 INR Charged from Visa Card on 31-OCT-17 with remarks VSI*Amazon Prim,1429171,1429168.0
1082235,346398,Mon Oct 23 20:20:13 +0000 2017,@AmazonHelp I have received 1 email saying my accounts on hold and how to reaccess it and then they won't let me access it when I ring. No other emails,1082233,1082236.0
2311179,670290,Mon Nov 13 05:26:54 +0000 2017,@AmazonHelp  https://t.co/BSVlWpKVa6,2311183,2311178.0
2252834,656296,Sat Nov 11 17:29:57 +0000 2017,"@AmazonHelp Funnily enough, the parcel mysteriously appears on my doorstep overnight...",,2252832.0
965116,326613,Tue Oct 17 13:33:21 +0000 2017,@AmazonHelp In the details I have mentioned that I want a call after 5 p.m. please make sure...,965164,965114.0
2532233,720664,Mon Oct 30 12:16:34 +0000 2017,@AmazonHelp I have already sent an email two hours back from my registered email idm,2532234,2532231.0
1794126,539145,Wed Oct 18 00:03:00 +0000 2017,"@AmazonHelp hi, I wasn't provided a return ship label for damaged package and don't see option on website",1794125,
1499775,305441,Fri Nov 03 14:53:01 +0000 2017,@AmazonHelp Again you changed the Delivery date!! I cancelled the order and expect a full refund for both the product and for my prime membership😡 https://t.co/MVm4A1w222,1499773,1499777.0
1959505,581264,Sun Nov 26 10:12:34 +0000 2017,@AmazonHelp No not yet!,1959507,1959504.0
77508,133266,Thu Nov 30 12:05:27 +0000 2017,@AmazonHelp I am a prime member. Organised delivery for today. Delivery driver made no attempt to deliver and said no one was home. Apparently now you can't deliver again today even though I am a prime member and organised a day off today to take delivery.,77507,77509.0
292306,185617,Fri Oct 06 16:42:40 +0000 2017,"@AmazonHelp Actually, have spent much time by phone &amp; chat.No results. Bad service all around.Amazon used to be amazing before AMZL. Sharing far &amp; wide.",292308,292305.0
729701,294770,Wed Oct 11 09:38:21 +0000 2017,@AmazonHelp Any estimated time of arrival?,,729700.0
445620,220521,Wed Nov 22 09:49:31 +0000 2017,"Salve @AmazonHelp, perché vendete questo libro a 8,50€ indicando 10,00€ come ""prezzo consigliato"" e sconto di 1,50€, quando in realtà il prezzo di copertina dello stesso è 8,90€? https://t.co/i5DC24rbwF",445619,
746023,298342,Wed Oct 11 16:27:02 +0000 2017,@AmazonHelp amazon pfvr qual o seu 0800? O 0800 03 707 17 não tá completando. Vocês têm a ferramenta de chat? Obrigada!,746022,
283550,183546,Fri Oct 06 13:31:57 +0000 2017,@AmazonHelp I have already informed to customer care centre 1 week before...still no reply from there @AmazonHelp,283551,283549.0
726757,294088,Wed Oct 11 13:31:23 +0000 2017,@AmazonHelp It being returned,726759,726756.0
2739395,767517,Mon Nov 20 16:56:36 +0000 2017,@AmazonHelp hi there waiting for a pre ordered DVD to arrive suppose to be here today and doesn't say its out for delivery yet will it still arrive?,2739393,
1206143,403254,Wed Oct 25 09:33:28 +0000 2017,@AmazonHelp Already spoke to team. They ask to reschedule the pickup. I have already done it 5 times for my current order and 6 times for previous 1,"1206146,1206147",1206141.0
846827,321262,Fri Oct 20 14:35:32 +0000 2017,@AmazonHelp Nur mit dem Lieferdienst ;-) .,846826,846828.0
2754574,505075,Tue Nov 21 08:02:08 +0000 2017,@AmazonHelp Still awaiting a reply about a timed slot,2754575,2754572.0
1286984,421025,Thu Oct 19 14:16:14 +0000 2017,@AmazonHelp What's the U.S. customer support contact?,1286983,1286985.0
2321076,292688,Mon Nov 13 15:03:09 +0000 2017,@AmazonHelp u guys r really pissing me off and making me say those fu@#ing words.....why don't u check it up urself u @%@%@,2321077,2321075.0
2457772,703812,Wed Nov 15 06:03:02 +0000 2017,@AmazonHelp I have replied  to the same..kindly investigate on d same and give my refund,2457774,2457771.0
1178046,397063,Tue Oct 24 21:24:26 +0000 2017,@AmazonHelp Yes,1178048,1178045.0
358789,200977,Sun Oct 08 15:55:12 +0000 2017,"@AmazonHelp Did that already, twice actually absolutely useless, delivery man didn’t actually delievery item now im being told it might be another day?",358791,358786.0
1434919,375444,Thu Nov 02 14:55:48 +0000 2017,@AmazonHelp Danke. Hinweis: Heute früh war auch nichts von Lavazza dabei.,,1434918.0
2273198,661255,Sat Nov 11 13:42:49 +0000 2017,@AmazonHelp Your #recommendation engine. Not sure if that can be fixed today 😂 #Prodmgmt,,2273197.0
320585,190972,Sat Oct 07 14:50:50 +0000 2017,"@AmazonHelp Now i don't have patience cheaters, fraud Amazon @115850  @AmazonHelp",320586,320582.0
98791,137623,Thu Nov 23 16:32:49 +0000 2017,"@AmazonHelp what mail?
Not received my parsal yet. check status. Its delivered
investigating??
U r doing really biggest fraud.
#fraud_amazon",98789,98795.0
1037142,365349,Sat Nov 25 13:36:47 +0000 2017,@AmazonHelp think you should change the TV ads that show things arriving the next day with Prime. Or refund 10% per day over next day.,,1037141.0
612697,265714,Wed Nov 22 14:13:27 +0000 2017,@AmazonHelp It was online and all we got was an email saying it wasn't possible and to contact customer services.,612698,612696.0
2728991,765145,Tue Nov 21 19:52:37 +0000 2017,@AmazonHelp @AmazonHelp @115821 @115830 disappointed re customer service. No response to continued complaints #cancelledprimesubscription complaint lodged with Trading Standards #toobigtocare,,2728989.0
137024,146903,Fri Nov 24 10:34:58 +0000 2017,"@AmazonHelp I WAS looking at this (deal now run out): https://t.co/3hBBJm1zj6
Delivering to central London. None of the Black Friday Deals I'm looking at are next day, all are Tuesday/Wednesday next week.",137026,137023.0
2604197,471966,Fri Nov 17 09:27:36 +0000 2017,@AmazonHelp Sir no problem in echo dot but problem is only that ur servers of prime music which is available on echo devices is down. Also we can't create personalized Playlist on prime music.,2604196,2604198.0
1750522,527533,Tue Nov 07 18:25:13 +0000 2017,@AmazonHelp Thanks,,1750521.0
1003675,357564,Sun Oct 22 14:57:46 +0000 2017,@AmazonHelp Plz track the package with track no : 211178196277.I got sms 2 times for successfully delivery but hvn't received product.,"1003673,1003681",
1515997,471736,Fri Nov 03 18:56:10 +0000 2017,"@AmazonHelp My packages are scheduled for delivery TODAY and according to the tracking, AMZL_US has not yet even loaded them onto a delivery vehicle. Not happy about the ulcers Amazon is causing! #EndAMZL_US_NOW",1515996,
2287099,664510,Sun Nov 12 14:38:01 +0000 2017,@AmazonHelp Muito :D,2287100,2287098.0
2159222,529827,Thu Nov 09 04:30:13 +0000 2017,@AmazonHelp Yes. I only have trouble when it is YOUR carrier (AMZL). Never issues with UPS/FedEx/USPS. Only your guy.,2159221,2159223.0
2192562,641742,Mon Nov 13 10:11:41 +0000 2017,"@AmazonHelp I replied to your mail with all information in previous link, I contacted customer care from 4 days on wards. still no luck .",2192564,2192560.0
457711,223697,Fri Dec 01 01:01:10 +0000 2017,@AmazonHelp Why don't you call the 1-800 number like we did? Why is it my responsibility to make sure you deliver items when you promise? Maybe you'll see how annoying your customer service is.,,457710.0
363681,202186,Sun Oct 08 21:32:29 +0000 2017,@AmazonHelp geht wieder. Nun spricht auch Alexa wieder mit mir! 😉,363682,363680.0
1421321,450384,Thu Nov 02 08:49:40 +0000 2017,"@AmazonHelp __email__
Please chek n call me","1421323,1421324",1421320.0
2733968,766291,Tue Nov 21 13:18:26 +0000 2017,@AmazonHelp I’ve had a missed delivery already. Can I set my preference for all further orders to an address?,2733969,2733967.0
144038,137810,Sun Nov 26 14:59:38 +0000 2017,@AmazonHelp I gave additional delivery address info and was advised it would be delivered yesterday. But it wasn't. Not sure what else I can do?,144039,144037.0
206190,164817,Mon Nov 06 12:52:19 +0000 2017,@AmazonHelp Filled this form out about 5 days ago. No one's contacted me yet.,"206189,206191",206192.0
2135663,148218,Wed Nov 08 21:21:36 +0000 2017,@AmazonHelp Didn't received my package today,2135665,2135662.0
1587365,150316,Sat Nov 04 21:28:59 +0000 2017,"@AmazonHelp Thankyou so much for the reply! 
Really appreciate it! 
The phone exchange offer! 
With one plus 5 
Why did that offer shut down 4 hours ago","1587362,1587366",1587338.0
2634798,743834,Fri Nov 17 20:03:04 +0000 2017,@AmazonHelp 20.11.....kann ich es auch im laden kaufen gehen wenn ich zum release nen spiel haben will und es ned da ist,,2634797.0
2391842,688853,Tue Nov 14 10:21:37 +0000 2017,"@AmazonHelp @115850 
#WorstRefundExperienced 
#NoRefundEvenAfterOneMonth
#WrittenComplaint2times.
#OrdrID:407-1150899-8303549
8884449512",2391841,
510236,237227,Fri Dec 01 23:00:16 +0000 2017,@AmazonHelp Place a new order? Does asking for a replacement not do that for me? Thanks for the help!,510238,510235.0
463358,225139,Fri Dec 01 03:18:52 +0000 2017,"@AmazonHelp I ordered it Monday and it’s still not here. You guaranteed delivery by 8PM today, and I ordered it at 2PM CDT. I think it’s completely ridiculous you guys keep using this piss poor delivery service.",,463356.0
2004775,229449,Wed Oct 18 20:02:32 +0000 2017,@AmazonHelp Vendedores suelen tardar 2 días en contestar? Espero que tarde bastante menos en llegar el paquete. Dónde se valora la empresa d mensajería? https://t.co/SYNTCgVsYQ,2004773,2004777.0
1043684,366798,Mon Oct 23 17:59:02 +0000 2017,@AmazonHelp @115821 @115850 I have not received any email from you. All I have received is an email asking for feedback of the resolution provided,1043685,1043683.0
2260755,658266,Sun Nov 26 16:26:16 +0000 2017,@AmazonHelp Thanks for acknowledging this. Amazon prime contents are really great 👍.,2260757,2260754.0
1664422,507251,Mon Nov 06 10:27:42 +0000 2017,@AmazonHelp None 👌 trying to get it sorted but hitting a brick wall tbh.,,1664421.0
528209,242290,Sat Dec 02 09:30:06 +0000 2017,@AmazonHelp  https://t.co/usHCkx9OSl,,528207.0
1751858,141721,Tue Oct 17 21:03:42 +0000 2017,@AmazonHelp buttons aren't pressing correctly and when they do finally work it's the wrong ones like I pressed the middle but it went up it's strange,1751857,1751859.0
485227,230449,Fri Dec 01 15:28:07 +0000 2017,@AmazonHelp cont' account specialist and they would call me back within 24-48 hours.,485229,485225.0
602311,262970,Sun Dec 03 21:45:46 +0000 2017,@115851 @115821 @AmazonHelp dears I ordered 7 items last Wednesday all in stock when following up on shipping I noticed 4 weren't shipped although checking stock they were in stock now customer service are rude about me asking about my order which I was charged  this not good https://t.co/yVPV57o0c0,602310,
2673193,164789,Tue Oct 31 11:48:57 +0000 2017,"@AmazonHelp Ne dites pas ""GRATUIT"" si ce n'est pas gratuit ! 
Donnez-nous le prix TOTAL (livraison incluse) AVANT saisie de carte bancaire.",2673194,1908341.0
431621,217611,Tue Oct 10 15:24:00 +0000 2017,@AmazonHelp It was supposed to be here yesterday been bouncing around East point and Smyrna Georgia. Two packages now expected by oct 11th wtf,431623,431620.0
2727985,764941,Mon Nov 20 13:51:05 +0000 2017,"@AmazonHelp Just wanted to say well done to the Amazon Delivery Driver that managed to throw my parcel onto a first floor balcony, which was then left in the rain over night. You Sir, are a credit to the profession. #amazonprime",2727984,
227766,162760,Thu Oct 05 07:56:37 +0000 2017,Woke up to my email being flooded with over 100 amazon password assistance emails from amazon.ca and amazon.it. @AmazonHelp whats going on??,227764,
2739397,767518,Mon Nov 20 17:20:28 +0000 2017,"@AmazonHelp Non, je n'ai pas le numéro. 
De plus, c'était mon premier achat et lors de la commande il y a eu un message me disant que mon achat devrais d'abords passer par une vérification. Je voudrais donc savoir si je dois attendre jusqu'à demain ou si je dois appelé directement le SAV.",2739399,2739396.0
2236396,652196,Fri Nov 10 18:36:07 +0000 2017,"@AmazonHelp A parcel of mine says it has been delivered and it hasn’t been. 
Would love some help please x",2236395,
86202,134817,Thu Nov 30 14:05:09 +0000 2017,@AmazonHelp Ufffff bastanteeeeeeeees 😉,86201,86203.0
1666537,507682,Mon Nov 06 11:00:14 +0000 2017,@AmazonHelp I received an email about my email address being changed on my account and I didn't do so...now have no Amazon acct to get help,1666536,
1457979,458398,Thu Nov 02 20:46:41 +0000 2017,@AmazonHelp It’s unacceptable to “deliver to someone in the area” to a person that signed as me. That is pure laziness and completely unprofessional,1457980,1457978.0
290444,185178,Mon Oct 09 01:25:11 +0000 2017,@AmazonHelp I did. It was what happened after that. Mailed you the details. I am at loss for words right now.,290445,290443.0
1447940,456013,Thu Nov 02 16:39:07 +0000 2017,2nd day has passed and no sign of delivery. Am I paying amazon prime for a snail mail service? What is going on @AmazonHelp,1447939,
1340608,432687,Fri Oct 27 15:40:50 +0000 2017,@AmazonHelp @9474 Y encima el unico contacto es un 902......,1340606,1340610.0
11060,118086,Wed Nov 01 00:43:30 +0000 2017,@AmazonHelp still have not received my package I paid extra for guaranteed next day. Won't do that again,11058,
1235532,138274,Wed Oct 25 18:30:43 +0000 2017,@AmazonHelp Fiz minha compra através do site.,1235531,1235533.0
667764,279170,Thu Nov 23 03:32:23 +0000 2017,@AmazonHelp Yeah my issue is that I pay for prime and my orders still arrive late,667763,667765.0
147285,149068,Sat Nov 25 12:39:13 +0000 2017,@AmazonHelp I did see their email. I gave up on trying.,147286,147284.0
1960941,581600,Wed Oct 18 17:08:41 +0000 2017,@AmazonHelp Livros 😁,1960943,1960940.0
972510,350682,Sun Oct 22 09:25:30 +0000 2017,@AmazonHelp Also i have tried clicking the offer bit and its not working,972508,972515.0
2770707,774543,Tue Nov 21 14:08:03 +0000 2017,@AmazonHelp When is it expected in the uk? Google had it on chrome cast for ages! Come on @116439 sort it out!!,,2770705.0
1454132,329233,Mon Oct 16 20:04:29 +0000 2017,@AmazonHelp They said I had to talk to some other department. Then they disconnected.,1454134,1454131.0
1031868,364157,Sun Oct 22 23:22:29 +0000 2017,Hi @AmazonHelp my account has been suspended and i don't have a FAX or a Visa statement to prove my identity (i'm french),1031867,
955054,346598,Fri Nov 10 22:31:58 +0000 2017,@AmazonHelp L'application @33156 fait booter en boucle mon #firetvstick tout neuf. Apres désinstallation et réinstallation j ai maintenant une erreur -116. Netflix fonctionne bien sur gsm/chromecast actuellement,955052,955058.0
1738501,524736,Tue Oct 17 20:28:39 +0000 2017,"@AmazonHelp Is there anyone who can actually help so far email answers a question I didn’t ask, same again on the chat and then he disconnected",,1738499.0
1666091,507582,Tue Oct 17 16:00:17 +0000 2017,"@AmazonHelp Just said to get ahold of Canada Post and I did. Amazon says they have it, Canada Post says they don't. I'm stuck w/ no phone &amp; no ETA.",1666092,1666090.0
559852,250915,Sat Dec 02 22:12:55 +0000 2017,@115821 @AmazonHelp I have to pay a buck to return a defective product that cost $6.99? I  also don't have a working printer which means either paying another buck to print the label at the UPS store or wait around all day Monday until UPS shows up to get the return. What a joke!,559851,
226737,169744,Sat Oct 07 15:32:07 +0000 2017,@AmazonHelp i haven’t received any mail from your side.,226738,226736.0
1121256,384506,Tue Oct 24 07:04:30 +0000 2017,@AmazonHelp Is there anything you can do to help?,,1121254.0
500755,234618,Sat Dec 02 10:30:07 +0000 2017,"@AmazonHelp I have sent an email - I am disappointed that I have been lied to, it makes a mockery of paying for Prime membership.",500756,500754.0
965181,349039,Sat Oct 14 07:25:05 +0000 2017,"@AmazonHelp I have an idea. I will use the Data protection act to force you to give me all the information you have on myself.
@309403 Am I right?",965196,965179.0
592085,260120,Sun Dec 03 18:03:05 +0000 2017,"@AmazonHelp thanks for the advice! never thought naked shipping was even a consideration, but i’ll be more careful to avoid it in the future!",,592084.0
395040,169172,Tue Nov 29 16:45:09 +0000 2016,@AmazonHelp @115830 103rd day requesting any kind of response,395041,395039.0
1726368,522113,Tue Nov 07 05:23:47 +0000 2017,@AmazonHelp I return one product 2 times every time courier went to my house with comment of address not found. Is this a joke.,1726370,1726367.0
2700790,758690,Sun Nov 19 20:46:36 +0000 2017,@AmazonHelp Is it just the black scan-able box that I print?,2700788,2700791.0
141033,147309,Fri Nov 24 14:20:46 +0000 2017,@AmazonHelp I've been in touch with Amazon Customer services - the Designated Delivery order has not left Preston yet. They couldn't confirm the order will be delivered today. The replacement order has just been dispatched and is due for delivery on Monday. Not impressed.,141034,141031.0
2310303,277679,Mon Nov 13 04:41:11 +0000 2017,"@AmazonHelp I already reached out, but mistakes like these happen on every other orders. At least something is delivered this time. Most time, items are missing.",2310305,2310302.0
2318610,151500,Mon Nov 13 11:10:24 +0000 2017,"@AmazonHelp I dropped tens of times and today searched Google for office of @145529 and got my product. Sorry to say, You didn't even provide cell NO of sxr office of Gati",2318612,2318609.0
2374505,660193,Tue Nov 14 01:51:49 +0000 2017,"@AmazonHelp Order damaged in transit and I already spent 45 minutes on the phone today to try and have everything reordered properly and expedited as it should have all already arrived.  Very frustrated, still not done.",2374502,
2346175,678398,Mon Nov 13 16:08:43 +0000 2017,"@AmazonHelp Hallo! Habe ein neues smartphone bestellt, das leider defekt war. Am Donnerstag zurückgesendet und um Ersatz gebeten. Status: ""Die Anforderung Ihrer Ersatzlieferung wird gerade von unserem Kundenservice bearbeitet."" Wie lange kann das etwa dauern?",2346173,
612702,219317,Wed Nov 22 13:52:58 +0000 2017,@AmazonHelp Gracias.,612704,612701.0
333125,195347,Fri Oct 13 06:37:26 +0000 2017,@AmazonHelp @AmazonHelp  . Still no resolution from your side and order not delivered,"333126,333127",333123.0
2072985,613127,Thu Oct 19 21:26:45 +0000 2017,@AmazonHelp filme. queria saber mais informações de quais cinemas em que posso utiliza-lo,2072986,2072984.0
838609,215995,Fri Oct 13 12:27:15 +0000 2017,@AmazonHelp Can't afford.. really want my hands on it or feed my voice to improve it.. may nt b early users bt wil get it later @115850 #Alexa #Echo,838611,838608.0
473152,227675,Fri Dec 01 10:09:42 +0000 2017,"@AmazonHelp Oh no! It came earlier than I was told, which is great. Thanks!",473154,473151.0
2300019,667563,Sun Nov 12 16:33:04 +0000 2017,@AmazonHelp Nada ningún problema pero introduzco la nueva contraseña y me dice que hay un error!!! https://t.co/4EyHiHqBMb,2300018,2300020.0
324396,193278,Sat Oct 07 16:20:56 +0000 2017,@AmazonHelp Done,324398,324395.0
437303,164787,Tue Oct 10 18:45:48 +0000 2017,@137605 @218856 @AmazonHelp Y habéis asociado mi móvil a otro pedido y ahora me llama un puto contestador sobre la fecha de envío de otro pedido que no es mio. Inútiles,,437300.0
379401,206022,Mon Oct 09 07:21:52 +0000 2017,@AmazonHelp And this is your fault so refund is not a solution right?,379407,379398.0
1565937,483385,Sat Nov 04 14:42:10 +0000 2017,"@AmazonHelp, I've had major issues with my last Prime order. I've been refunded and given a £15 credit, but still require the items.","1565938,1565939,1565940,1565941,1565936",
788668,308066,Thu Oct 12 11:27:24 +0000 2017,"@AmazonHelp The account details through which the order was placed are not available, please help in getting duplicate invoice based on shipping detail",,788666.0
570822,254053,Sun Dec 03 03:57:57 +0000 2017,Hola Chicos. La aplicación  de Prime Video  no inicia hace unas horas ya. @AmazonHelp,570821,
1386518,442627,Tue Oct 31 20:32:08 +0000 2017,@AmazonHelp apparently you just made a 2nd delivery attempt- I’ve been in all afternoon/evening and nobody has even rung the bell.,1386517,
2474957,420286,Wed Nov 15 13:10:47 +0000 2017,"@AmazonHelp hi, fake email doing the rounds. Awful grammar and spelling. I've deleted it https://t.co/A9iWn7JcbN",2474956,
525618,241603,Sat Dec 02 05:39:12 +0000 2017,@AmazonHelp Still Awaiting solution to my grievance. It's been two days and now Amazon will say It's been over a month since delivery so can help even though I have been raising the issue since 01 November 2017.,525616,525635.0
2367939,683416,Tue Nov 14 00:10:52 +0000 2017,@AmazonHelp Je vous ai envoyé une question en message privé,2367940,2367938.0
2276484,662095,Sat Nov 11 17:13:11 +0000 2017,"@AmazonHelp je passe commande et toujours rien, la en direct : au fait ce n'est pas un bon de réduction , c'est un code promo valable sur une selection d'articles
je vous envoie le lien de la liste des article par e-mail . Wow!!! Je tente d'avoir le fin mot de l'hisoitre et https://t.co/7kuehEcoGf","2276485,2276483",2276486.0
99832,137859,Thu Nov 30 19:43:23 +0000 2017,@AmazonHelp OK merci pour votre aide. Bonne soirée.,99835,99830.0
175360,157181,Mon Nov 27 11:09:42 +0000 2017,"@157182 @AmazonHelp Bon @AmazonHelp le réassort est pour le 5/12 et vous ne remettez toujours pas l'article ? Il vous faut quoi exactement pour faire votre boulot ?
On sera les seuls cons en France à passer à côté de l'article à cause de vous ?",175361,175359.0
2136241,628428,Wed Nov 08 21:09:31 +0000 2017,Hey @AmazonHelp on hold for fifteen minutes now as your advisor doesn't know what to do...!? Here's a clue. Faulty unit. Fire hazard. Good customer. Send a replacement! https://t.co/7tBfLq9o7W,2136239,
2478853,708438,Wed Nov 15 14:25:55 +0000 2017,"@115851 @115821 @AmazonHelp @115821 @115851 2 day prime shipment is already delayed by 3 days and still counting...... as an extra reward, I got scold by my wify for being lazzy and not picking up from @Walmart !! You guys need to fix your logistics 😖 https://t.co/P8QffeDd7h",2478852,2478854.0
494938,233032,Fri Dec 01 17:55:22 +0000 2017,"@AmazonHelp Yes I have contacted them. But I needed the item for an elderly person, in light of the current cold weather &amp; now received he wrong item.",,494937.0
1328585,429963,Fri Oct 27 14:37:23 +0000 2017,@429962 @AmazonHelp @429961 Sorry what was the mistake ?,1328586,1328583.0
205212,164613,Thu Oct 05 01:01:24 +0000 2017,"@AmazonHelp Obg 🙈💙 Sim, é o meu primeiro",205214,205211.0
1086025,194202,Mon Oct 23 20:25:14 +0000 2017,@AmazonHelp Ich hoffe...!,,1086024.0
283537,183546,Fri Oct 06 12:51:26 +0000 2017,@115850 @AmazonHelp I have never performed this amazon prime member transaction .. Already complained in the customer service but no reply https://t.co/el9v6w9Jwq,"283535,283546",
2770748,774550,Tue Nov 21 13:21:21 +0000 2017,@AmazonHelp @14523 Could you let me know which is the nearest Micromax service centre to Delhi-110025,2770750,2770747.0
2059471,166854,Thu Oct 19 00:34:14 +0000 2017,@AmazonHelp That sinking feeling you get in your stomach when you see that AMZL is delivering your package...,2059469,
1126118,385520,Tue Oct 24 08:46:27 +0000 2017,@AmazonHelp どうでもいいのでオーソリ取り消しデータの送信してください,1126120,1126117.0
377970,205685,Mon Oct 09 04:35:17 +0000 2017,@AmazonHelp Arriving Oct 8-10. Second “prime” book order that arrives late. Last one was very late.,,377967.0
2103071,136095,Wed Nov 08 12:50:29 +0000 2017,@AmazonHelp All right,,2103069.0
1202752,402575,Wed Oct 25 13:36:08 +0000 2017,@AmazonHelp Et oui ça vien de vous,,1202751.0
96839,137137,Thu Nov 30 16:07:18 +0000 2017,@115821 @AmazonHelp How do i get in contact with Amazon Logistics? The App is not working. No dropdown menu. No options. It signs in to a frozen screen. Uninstalled Reinstalled. Deleted Data &amp; cache. Nothing is working. #AmazonFlex,96837,
69617,131777,Thu Nov 30 10:18:04 +0000 2017,"@AmazonHelp I mean, either way I'd still be waiting 4 days longer for my package. Might as well get off my butt for once and grab a copy at retail 😅
Thanks for the help all the same, hopefully it will be a non-issue next time I use Amazon",69618,69616.0
2385483,687525,Fri Oct 20 10:32:43 +0000 2017,@AmazonHelp Hope this helps https://t.co/s8aXDa02jX,,2385482.0
1100540,379651,Sun Nov 26 20:08:35 +0000 2017,"@AmazonHelp Yes, I got an email minutes after the phonecall. It also said ""Please allow up to 24hrs to investigate this"". I want someone to speak to me as promised to give me an update!",1100541,1100539.0
1802913,161464,Wed Oct 18 00:56:57 +0000 2017,@AmazonHelp How can I specify that you DON'T use USPS to ship my purchases? I have two orders that did not arrive as promised today.,1802910,
254588,176511,Thu Oct 05 18:22:43 +0000 2017,@AmazonHelp came home to this just left on my doorstep... good thing I live in a safe neighbourhood https://t.co/XcfNFSDDAf,254586,
2374559,684982,Tue Nov 14 02:24:55 +0000 2017,@AmazonHelp AMZL US is the carrier,2374561,2374558.0
2291333,665498,Sun Nov 12 11:30:59 +0000 2017,"@AmazonHelp すいません、書き方が悪かったようで。
これは前にiPhone落として割ってしまった写真で、今回届いた商品ではありません",2291335,2291332.0
191618,161038,Wed Oct 04 17:14:24 +0000 2017,@161037 @AmazonHelp THIS!,,191617.0
1357259,436435,Fri Oct 27 20:27:01 +0000 2017,@AmazonHelp But before today id not changed anything. My prime had stopped and I’ve no reason why? This has now caused me issues which shouldn’t happen,,1357258.0
431200,217525,Fri Nov 03 18:59:54 +0000 2017,@AmazonHelp @115850 @AmazonHelp @115821 Still not resolved.Should i write a letter to CEO now because that's the only option remaining,"431201,431202",431197.0
981988,352829,Sun Oct 22 14:35:00 +0000 2017,@AmazonHelp Please let me know the guaranteed delivery time now @115850.,981990,981987.0
2170873,636787,Thu Nov 09 12:42:51 +0000 2017,Does e-Commerce sites comes under accountability &amp; Cheating act ? What can I do to show Amazon is cheating customers @115850 @AmazonHelp #RealAmazonStories,2170872,
2216535,647618,Fri Nov 10 07:16:11 +0000 2017,@AmazonHelp shared,2216534,2216536.0
2533175,720874,Mon Oct 30 12:38:21 +0000 2017,@AmazonHelp They were sold by ST3 Group! Ugh I'm so sad!,2533174,2533176.0
2141293,629675,Wed Nov 08 22:46:46 +0000 2017,@AmazonHelp the individual plan is like .099 not 39.99 a month,2141292,2141294.0
2297559,390419,Thu Oct 19 20:23:57 +0000 2017,@AmazonHelp Its inconvenient and I honestly don't want to order anything else because it more than likely will not show up on time.,,2297554.0
138910,147310,Fri Nov 24 10:59:34 +0000 2017,"@AmazonHelp D'accord, merci !",138909,138911.0
2451306,294046,Sun Oct 29 17:39:53 +0000 2017,@AmazonHelp Better now? https://t.co/pWQUPEjegJ,,2451305.0
248091,174941,Thu Oct 05 16:09:58 +0000 2017,"@AmazonHelp should have received my delivery Tuesday, nothing. Supposed to arrive today, nothing. I need it for Saturday. What's happening?",248090,
380168,202512,Mon Oct 09 07:45:20 +0000 2017,"@AmazonHelp OMG!  Once again you have proved that your representative are under-experienced. They didn't gave a damn about customers. 
#boycottAmazon",380166,380170.0
1076293,373967,Tue Oct 24 11:04:26 +0000 2017,@373968 @AmazonHelp My register email I'd __email__ &amp; Mon no 8100647519,"1076294,1076295,1076296",1076290.0
2273321,661279,Sat Nov 11 11:50:50 +0000 2017,"@AmazonHelp Buenos dias, quería saber si se puede seguir ordenando la ""lista de deseos"" por orden de precio ascendente, o es una opción que ha desaparecido con la nueva actualización de la app. Gracias",2273320,
1056803,369523,Fri Oct 20 11:24:34 +0000 2017,@AmazonHelp Seguiré esperando,1056802,1056804.0
191516,161020,Wed Oct 04 15:52:38 +0000 2017,@AmazonHelp It’s crazy. Do you need the order #?,191518,191514.0
1651567,504353,Mon Nov 06 07:13:28 +0000 2017,@AmazonHelp First was supposed to despatch Saturday the dates keep getting changed and no money has been taken either. https://t.co/z3PmX7V16N,1651568,1651566.0
1031090,363982,Mon Oct 23 04:10:57 +0000 2017,@117634 why so easy for kids to buy apps on the kindle? Why can’t we put a password or something. Now I’m out $30. So mad @AmazonHelp,1031088,
2449365,120092,Wed Nov 15 03:15:51 +0000 2017,"@AmazonHelp i had the exact same conversation a month back over a similar issue and filled a similar looking form. i was promised an action, which never happened. what is the guarantee that u will look into this? #badcustomerservice #amazonsucks",2449367,2449364.0
870168,326613,Fri Oct 13 16:12:55 +0000 2017,@AmazonHelp No I am not worried. I have a lot of options. Amazon has let me down as a business. I don't feel u value ur customers.,870169,870161.0
275560,171906,Fri Oct 06 07:42:01 +0000 2017,@AmazonHelp Il est de 60 c à une minute pour appeler. Je pars aujourd'hui et demain. Mais je m'attends à ce que la société de livraison ne réessaye pas,275561,275559.0
988268,354148,Sat Oct 14 11:12:44 +0000 2017,@AmazonHelp nd it cld hv bn told to me at ny 1st rqst tht it can not be changed..,"989108,989109",988267.0
1223634,283673,Wed Nov 15 13:51:51 +0000 2017,@AmazonHelp I have send countless times,2474968,1223630.0
2767565,773897,Tue Nov 21 11:16:40 +0000 2017,@AmazonHelp ギフトで貰ったので、大切に使います！わざわざ有り難うございます！,2767567,2767564.0
1137287,259977,Wed Oct 25 08:19:40 +0000 2017,Hi @AmazonHelp I bought something from a 3rd party through amazon. Item arrived broken and inadequately packaged. No response to messages.,1137285,
1550773,479948,Sat Nov 04 03:32:22 +0000 2017,@AmazonHelp Thank you.I did not ask for sensingan email .Why are you saying this on day of delivery.nd your call centre people ask me to place new order,1550775,1550770.0
1318997,428025,Sat Oct 28 08:51:41 +0000 2017,@428024 @AmazonHelp @428022 Das bei Amazon war eine LIMITIERTE Ausgabe. Stand zumindest immer dabei. Bei Saturn und Co gibt es die DVD in normal.,,1318996.0
2124836,625781,Wed Nov 08 18:24:28 +0000 2017,@AmazonHelp Thanks. Would be also great if you can provide CEC protocol for users and turn on/off the TV with Alexa,"2124838,2124839",2124835.0
2117617,624121,Thu Oct 19 07:29:41 +0000 2017,@AmazonHelp I'll be sharing these communications. Such poor service.,,2117614.0
553334,249045,Sat Dec 02 19:59:38 +0000 2017,"@AmazonHelp constantly gettign a message ""Your account has been locked for security purposes.  Please check your e-mail for instructions on how to unlock your account"" had this issue for ages. Havent had an e-mail!",553333,
2286358,664360,Sun Nov 12 01:05:53 +0000 2017,"@AmazonHelp Carrier: Intelcom Courrier Canada Inc., 
Tracking #: INTLCMA019502892",,2286357.0
1838959,551155,Wed Oct 18 06:24:25 +0000 2017,@AmazonHelp  https://t.co/m4Shf0NY6q,,1838957.0
2221852,648915,Sun Nov 19 06:34:33 +0000 2017,@AmazonHelp Why  my call not connected to ur cc,2221851,2221853.0
1390717,245497,Sat Oct 28 12:00:17 +0000 2017,"@AmazonHelp deliver it round 2. Backwards ass logic, y'all losing business from me cuz literally the only thing I look for in online",,1390715.0
1314588,183640,Fri Oct 27 07:27:33 +0000 2017,@AmazonHelp I have almost always gotten terrific support and resolution from your Customer Support team. Exceptions are a rarity. Thanks again!,1314590,1314587.0
1869747,558445,Wed Nov 08 05:39:33 +0000 2017,@AmazonHelp whatever was available for pre-release.  I made the same decision for this that I made for video games I have pre-ordered in the past with you all.  Teach me to put faith in your brand to deliver on expectations.,,1869746.0
431242,204063,Tue Oct 10 15:36:16 +0000 2017,"@AmazonHelp Yes. Pre-order said ""pre-order and get it on the date if release."" I even called your cs to make double check. They confirmed as well.",431243,431241.0
2523397,718613,Thu Nov 16 02:01:33 +0000 2017,"Thank You @134682 for carefully delivering my Mirror, MARKED FRAGILE, from @AmazonHelp today. https://t.co/9YW4eRQoIY","2523396,2523398",
394460,209459,Mon Oct 09 18:11:08 +0000 2017,@AmazonHelp No - the driver didn't attempt delivery- but updated tracking to say so. I don't appreciate being lied to by @122232 multiple times.,394461,394459.0
1791664,538164,Wed Oct 18 00:01:13 +0000 2017,@AmazonHelp Promised me my delivery will be in today by 8 and I called and it's still in transit,1791662,1791666.0
2208184,496885,Fri Nov 10 02:03:19 +0000 2017,"@AmazonHelp I just contacted your customer service department and the issue was resolved! Your customer service is A+, thank you again!! #loveAmazon",,2208183.0
1266335,328635,Fri Nov 03 18:06:02 +0000 2017,@AmazonHelp @15471 @120697 @115821 @2517 @4030 @118702 @14281 @75897 @120697 amazon has cheated n harassed me tactfully for Rs 35000 i ve all proofs,,878788.0
2367249,683314,Mon Nov 27 01:55:36 +0000 2017,@AmazonHelp @683312 NO THE PUNS,,2367247.0
2540282,523619,Thu Nov 16 11:58:06 +0000 2017,@AmazonHelp Cool. Then what’s the point of your twitter account?,,2540281.0
137110,146919,Fri Nov 24 09:49:45 +0000 2017,@AmazonHelp I have sorted it now sorry. I was selecting the standard delivery instead of free delivery. Thank you,137109,137111.0
2032947,140033,Sun Nov 26 12:05:24 +0000 2017,"@AmazonHelp Sí, una sorpresa lo del reparto en domingo la verdad, pero viene muy bien :)",2032949,2032946.0
191766,161063,Wed Oct 04 15:33:46 +0000 2017,@AmazonHelp Hey MJ thanks for quick response but I’m actually chatting with someone on the website to get the code. Have a nice day,,191765.0
1441936,327647,Thu Nov 02 15:06:17 +0000 2017,@AmazonHelp Thanks that helped,,1441935.0
400303,206514,Tue Oct 10 07:52:34 +0000 2017,@AmazonHelp @115850 the issue is of not the refund im asking how can you sell such fake products i want a new and original product at my doorstep,400304,400302.0
969919,350179,Mon Oct 23 07:23:11 +0000 2017,@AmazonHelp Still not received any response from your end r u seriously interested in solving the problem,969921,969918.0
1521155,387617,Sat Nov 04 12:43:07 +0000 2017,"@AmazonHelp Its waste, smartchk app asks pin for activation, activation pin from your side only, how you give silly things for cover this problem...",1521157,1521154.0
1387134,442767,Mon Nov 20 07:53:26 +0000 2017,@AmazonHelp 9923106405 Ayub Dange,,1387133.0
602335,262976,Sun Dec 03 21:51:03 +0000 2017,"@AmazonHelp Encontre esta megaoferta pero se perdio en el camino, llamé a centro de atencion a cliente y me devolvieron mi dinero. Esperaba encontrar un articulo similar pero desafortunadamente no hay nada. https://t.co/tTz6uUE4Sa",,602334.0
2644745,325008,Tue Oct 31 04:22:48 +0000 2017,@115851 @115821 @115821 @AmazonHelp why so silent?Seriously fully fed up.To whom it is delivered?A ghost?because i didn’t recieved it https://t.co/Yc8qf9E1n5,"2644743,2644748,2644749",
2678050,753639,Sun Nov 19 13:10:53 +0000 2017,@AmazonHelp Olá! Eu sou do Brasil e quero comprar dois livros na Amazon US. Vocês sabem me informar se haverá cobrança de impostos? Obrigado pela ajuda!,2678048,
2692787,756901,Sun Nov 19 17:05:11 +0000 2017,@AmazonHelp https://t.co/zsUenRXO4a LLC,,2692785.0
1213309,122923,Fri Oct 27 09:33:34 +0000 2017,@AmazonHelp Danke und ebenso :),,1213308.0
1431054,452318,Thu Nov 02 07:54:53 +0000 2017,@AmazonHelp how can I know who used my account to sign up to amazon videos?!?!,1431053,
2528273,719855,Thu Nov 16 05:32:30 +0000 2017,"@AmazonHelp Yes I have already sent an email regarding this.
Also when I chatted with the customer care they said they have a limited warranty of 1 year and çannot do anything since it maybe a defective piece.",2528275,2528272.0
1374047,256157,Sat Oct 28 09:22:18 +0000 2017,@AmazonHelp @439817 The lady I spoke to on the phone is amazing thank you to her,1374049,1374046.0
2745927,768989,Mon Nov 20 22:15:47 +0000 2017,@AmazonHelp  https://t.co/zkJKsnilku,"2745926,2745928,2745929",2745930.0
1739868,525034,Tue Nov 07 16:56:26 +0000 2017,@AmazonHelp @525033 Espérons que tout rentre dans l'ordre pour toi ;),,1739867.0
2171050,636820,Fri Nov 10 04:57:15 +0000 2017,@AmazonHelp Any update or shall I pay express or prime fee for faster resolution,2171052,2171049.0
2318879,672174,Mon Nov 13 15:49:41 +0000 2017,@AmazonHelp The date has passed,2318881,2318878.0
2115649,623680,Thu Oct 19 10:19:11 +0000 2017,@AmazonHelp I ordered something on Diwali occasion and this is how your customer experience is????,,2115647.0
245898,174403,Thu Oct 05 15:21:22 +0000 2017,Y yo que creía que comprar por @AmazonHelp era sencillo ☹️,245896,
171014,155886,Fri Nov 24 21:53:02 +0000 2017,@AmazonHelp No it’s all good! :) Truck was making a loop around before it came back! Thanks for the reply though!,171013,171015.0
350583,199408,Mon Oct 09 12:08:06 +0000 2017,@AmazonHelp go to hell.,,350582.0
391200,208628,Mon Oct 09 15:56:50 +0000 2017,@AmazonHelp @115830  I’ve only received 3 out of 4 items of my order even though it says all dispatched together?,391199,
1547016,254045,Sat Nov 04 06:51:35 +0000 2017,@AmazonHelp Okay. Please don't place the replacement without the concern of the costumers. It is problematic if we want refund. And time consuming too.,1547015,1547017.0
960460,297359,Mon Aug 21 00:19:14 +0000 2017,@115850 @AmazonHelp who are the winners of #amazonsaletrail contest held on app please post update you people sad that announcement on 20,960458,
334103,195344,Sat Oct 14 07:33:34 +0000 2017,@AmazonHelp Its been 12 days oreder was placed. It was placed on 2/10/17 and today is 14.10.17,,333111.0
972261,350627,Sun Oct 22 08:53:40 +0000 2017,@AmazonHelp Tracking is showing out of delivery from last two days...every time delivery boy informs will delivered in one hour,,972258.0
2432802,698191,Tue Nov 14 21:12:24 +0000 2017,"@AmazonHelp hi!Ordered my first prime delivery, it’s saying my parcel was handed to resident but I wasn’t here. I have no idea who it’s been handed to. Any ideas?!",2432801,
969857,350065,Sun Oct 22 08:31:11 +0000 2017,"@AmazonHelp Filled up this form also. Any other form to fill SIR, before you begin to actually help us? We are here to fill the forms only, after all.",969858,969856.0
721750,163493,Wed Oct 11 03:11:15 +0000 2017,@AmazonHelp Yes we have submitted everything more han 3 times and get not even a word back!,721751,721749.0
2731204,124092,Mon Nov 20 15:50:44 +0000 2017,@AmazonHelp I would like the Amazon number for the Scottish call centre please,,2731203.0
321118,192508,Sat Oct 07 12:57:31 +0000 2017,@AmazonHelp Merci,321120,321117.0
346239,198407,Mon Oct 09 06:26:05 +0000 2017,@AmazonHelp I want solution not feedback. The solution will be my order. Is this wht u do with ur customers,346241,346237.0
2166640,635876,Thu Nov 09 10:01:12 +0000 2017,@AmazonHelp No problem sir if you will not solve my problem then i will go to the media,,2166638.0
579848,256566,Sun Dec 03 11:33:21 +0000 2017,When @115830 send you a letter offering you a free trial of Prime and then charge you for it. And then keep you on hold forever. Thanks Amazon. Good use of paper and time. @AmazonHelp,579846,
765708,302998,Sat Nov 25 09:02:16 +0000 2017,@115821 @AmazonHelp This is impressively bad! Do better! #shipwithcare https://t.co/Po2DDgn2FO,765707,
510348,237246,Sat Dec 02 00:23:07 +0000 2017,"@AmazonHelp As I've said, already have response from customer support. However, Sold by: Sunvalley Brands. Order: 112-1041964-7258666. Carrier UPS.",,510347.0
163514,141439,Fri Nov 24 19:27:15 +0000 2017,"@AmazonHelp For the pillows I was to receive a placement which I did today, however it was for the wrong quantity. The second order for the incense I refunded a full amount. I’m just frustrated that 3 orders in 3 days were for the wrong amounts.",163513,163515.0
2376198,142541,Tue Nov 14 11:13:43 +0000 2017,@AmazonHelp You're welcome.,,2376197.0
1501891,468413,Fri Nov 03 15:39:44 +0000 2017,@AmazonHelp  https://t.co/wMlldF8fOA,1501892,1501889.0
1254137,286218,Thu Oct 26 06:44:22 +0000 2017,@AmazonHelp Der Erscheinungstermin war gestern noch heute. https://t.co/LJNqffCd9O,1254139,1254136.0
2438176,393065,Sun Oct 29 16:03:07 +0000 2017,"@AmazonHelp You guys have only one reply ""kindly fill the form"" what the f***","2438175,2438177",2438178.0
1532990,475469,Sat Nov 04 22:21:00 +0000 2017,@AmazonHelp they refused to disconnect the chat so there wasn’t a survey.,1532992,1532989.0
1178881,397274,Tue Oct 24 21:52:49 +0000 2017,@AmazonHelp Nothing buy it again and hope that I get it then to call in and request for a refund what kind of solution is that and in the same,,1178875.0
1746069,526446,Tue Nov 07 15:06:12 +0000 2017,@AmazonHelp was there the whole day. No delivery was attempted. https://t.co/auOTuBxdgC,"1746067,1746071",
128774,144968,Fri Nov 24 05:23:50 +0000 2017,"@AmazonHelp I have already send you all guys many times call, email, Fb post talk But i'm not getting proper response from your side. IN many link i have posted provide by @115850 So, plz don't make me fool return my money.",128775,128773.0
825874,316696,Fri Oct 13 01:27:02 +0000 2017,@AmazonHelp したのポストに、注文した荷物まるっと入ってました。わーい。ごめんなさい おさわがせして。,825876,825873.0
26933,121897,Wed Nov 01 10:13:44 +0000 2017,@AmazonHelp It’s not recognizing the name of the podcast (Slate Presents Lexicon Valley) which can be found on Spotify. Says “I can’t find songs by...”,,26931.0
927513,305262,Thu Oct 19 20:37:09 +0000 2017,@AmazonHelp @115850 @119625 Same issue was faced by me also ...and was literally harassed by ur guys ..will never ever order from your shitty app,2304178,927512.0
964974,326613,Sat Oct 14 06:30:24 +0000 2017,@AmazonHelp Sure u will receive them by evening today,,964972.0
622393,267733,Wed Nov 22 17:41:00 +0000 2017,"Bonjour @AmazonHelp, vos estimations d'envoi et de livraison c'est comme pour la météo, c'est vrai qu'une fois sur 2 ? 😒",622391,
348200,198902,Sun Oct 08 17:24:28 +0000 2017,@AmazonHelp He assured me if problem will not resolved before 11am then he will take action against slowness of customer services.,,348198.0
2438428,228045,Tue Nov 14 21:40:27 +0000 2017,@AmazonHelp It’s not two-day shipping when you send my package to the wrong part of the state! 😑,2438427,
2282523,663413,Sat Nov 11 22:26:57 +0000 2017,@AmazonHelp Non mais c'est pas grave merci comme même de votre attention,2282524,2282522.0
475060,228058,Fri Dec 01 10:39:17 +0000 2017,@AmazonHelp Not really. Going out now hopefully be home before the parcel is out for delivery. Just a bit mad cause this is the first time in the 10 or so years of using amazon my prime delivery hasn’t come on time,475059,475061.0
1326885,295979,Fri Oct 27 22:57:52 +0000 2017,@AmazonHelp Lastly i have to take this step as you are not taking any action on this case. It was diwali gift and its already gone still waiting 😡😡😡,1326886,1326883.0
197661,162491,Thu Oct 05 13:41:36 +0000 2017,"@AmazonHelp Not at the moment , still sticking to the line it’s been delivered",197662,197658.0
1135146,387426,Tue Oct 24 13:40:45 +0000 2017,@AmazonHelp Please look into it urgently. It's been a month exactly and I've already paid but no communication from your end!ORDER # 171-9162803-4161918,"1135147,1135148",1135145.0
584612,257955,Sun Dec 03 14:52:17 +0000 2017,@AmazonHelp they count help. dont want to do business with amazon anymore. need to save fellow Book reader from this scam of amazon of selling products and not providing service,584613,584611.0
512433,237846,Fri Dec 01 23:52:12 +0000 2017,@AmazonHelp It was supposed to be here Wesneday. The new  expected date is today. I'll try to wait till 8pm,,512432.0
1612451,494806,Sun Nov 26 04:00:15 +0000 2017,@AmazonHelp Pretty much done with Amazon after this,1612449,1612452.0
994360,355538,Sun Oct 22 15:40:01 +0000 2017,".@AmazonHelp Help! Your website won’t load! Tried rebooting my router, cleaning cache, etc....called customer service too

Here’s a pic: https://t.co/wj89gtB2MQ",994358,
2610742,738306,Fri Nov 17 11:44:15 +0000 2017,@AmazonHelp Yes. Ordered on the 15th for next day delivery. Hasn’t arrived yet,2610744,2610741.0
294829,186217,Wed Oct 11 12:09:21 +0000 2017,"@AmazonHelp yes plz, but i want a solution not the harassment again as earlier",294830,294828.0
1385702,442457,Sat Oct 28 09:56:30 +0000 2017,@AmazonHelp I have cancelled. So does it matter?,"1385703,1385704",1385700.0
781200,210971,Thu Oct 12 06:03:25 +0000 2017,@AmazonHelp I am yet to receive the cashback for AmazonPay which I had loaded a week back and used as well. Haven't heard from CS Ankit yet,"781198,781201,781202",
2464823,705396,Sun Oct 29 20:20:13 +0000 2017,@AmazonHelp Ok thank you,,2464822.0
976865,351687,Sat Oct 14 07:56:15 +0000 2017,@AmazonHelp I have been in touch with them but some honesty would be refreshing. I've so far got 4 different reasons for why the order was cancelled.,"976867,976868",976864.0
1222625,244579,Wed Oct 25 15:34:45 +0000 2017,Umm @AmazonHelp this note was stuck on my guinea pig hay package delivery. The driver found it weird too. Did you want nudes of the guineas? https://t.co/TkzgTxcqfe,"1222623,1222627",
861241,190745,Fri Oct 20 05:48:31 +0000 2017,@AmazonHelp  https://t.co/kgs9nGqTIu,"861242,861240,861243",861244.0
1141918,354326,Wed Oct 25 07:45:06 +0000 2017,@AmazonHelp My regret of this Diwali that I laid my trust for Diwali shopping on you guys. I got the product for 11990 with 10% cash back from SBI.,1141920,1141917.0
1135916,387609,Tue Oct 24 09:30:00 +0000 2017,@AmazonHelp 考えられるとしたらあす楽が使えるみたいなボタンを何かの時に押したかもしれません。無料体験に入った事がわかるような表示はされないんでしょうか？,1135918,1135915.0
1206963,403419,Fri Oct 27 03:38:04 +0000 2017,@AmazonHelp Fraud not got any mail,"1206964,1206965",1206962.0
49921,127182,Wed Nov 01 17:39:50 +0000 2017,"@AmazonHelp Over 50 orders. More than a hundred books. Not a single free bookmark. I'm heartbroken, Amazon! :(",49923,49920.0
514647,238171,Sun Dec 03 12:44:09 +0000 2017,"@AmazonHelp All items arrived by last night, one day past the ""guaranteed"" delivery date, but I have them.",514649,514646.0
1082969,338385,Mon Oct 23 17:16:43 +0000 2017,That is when I can actually retrieve what I ordered from said neighbour @AmazonHelp,1082967,
173466,156608,Sat Nov 25 07:49:46 +0000 2017,"@AmazonHelp I fucking take that back shit awrful crap customer service, time to contact trading standards now about this.",,173465.0
481539,229458,Fri Dec 01 14:13:13 +0000 2017,"@AmazonHelp Et je ne suis pas sûr de pouvoir tomber sur le ""résident"" en question pour peu qu'il parte en week-end ou qu'il ai décidé de sortir ce soir.
Le mieux serait que vous proposiez une 2nde livraison au jour de notre choix, ça éviterais que vos clients s'inquiètent pour leurs colis ;)","481540,481541",481537.0
654256,274503,Wed Nov 22 22:22:21 +0000 2017,@AmazonHelp Will I be refunded though is what I mean ?,654255,654257.0
1443262,454873,Thu Nov 02 13:04:32 +0000 2017,@AmazonHelp Already rang amazon  about as much use as a chocolate tea cup offered longer on prime when they can’t keep there next day delivery promise,1443261,1443263.0
1394403,447205,Mon Oct 16 16:16:50 +0000 2017,@444277 @AmazonHelp Wow...,1407709,1394401.0
2129450,626835,Sun Oct 29 10:01:30 +0000 2017,"@115850 Will anybody call, cancel my order and refund my money immediately @115850 @AmazonHelp",2416976,2129449.0
2457193,703826,Thu Nov 16 16:52:59 +0000 2017,@AmazonHelp Its not a feedback its a complain. Its customer harassment!! I need proper response to this. And i also want my prime memebership refunded!! Its not any worth! #Noprime #NoAmazon,2457194,2457192.0
1566725,483565,Sat Nov 04 20:07:03 +0000 2017,@AmazonHelp Non car l'article fonctionne malgré tout. Je trouve tout de même ça regrettable et ce n'est pas la 1er fois.,1566728,1566681.0
503405,235303,Fri Dec 01 20:40:16 +0000 2017,"@AmazonHelp No, just says a carrier delay has occurred. Which means it won't get to me today. I'm having it shipped to my work, which means now I won't get it until Monday, almost a week after ordering.",503407,503404.0
133773,146146,Fri Nov 24 19:01:21 +0000 2017,@AmazonHelp Ok,,133772.0
644005,272880,Thu Oct 26 18:59:54 +0000 2017,"@AmazonHelp Cest expédié, merci 😍",644006,644004.0
280379,182810,Fri Oct 06 10:04:04 +0000 2017,@AmazonHelp Can you pls follow up with my series of tweets herein ?,"280381,280382",280378.0
2195575,642398,Thu Nov 09 21:54:40 +0000 2017,"@AmazonHelp Merci pour vos réponses. Je l'ai fait, ma commande est perdue. Je vais passer une bonne nuit 👍🏼",2195577,2195574.0
306169,189097,Fri Oct 06 23:30:04 +0000 2017,"@AmazonHelp Thank you! I've called the number, is there anything else I can do to protect my information?",306171,306168.0
684803,283444,Thu Nov 23 12:51:07 +0000 2017,@AmazonHelp I don't understand how my hue lightbulb is going to turn up before the echo,,684801.0
441931,219794,Wed Oct 11 05:48:16 +0000 2017,@115850 I don't mind if it's public....ppl should know about @115850 pathetic courier service. @AmazonHelp,441929,441932.0
752948,297352,Wed Oct 11 15:46:49 +0000 2017,@AmazonHelp I request you to resolve this issue soon. Really appreciate this quick response and concern.,,752947.0
1307759,120538,Mon Oct 16 12:25:12 +0000 2017,@AmazonHelp I ll think that I have given my money to an online BEGGAR called amazon,,1307758.0
1743886,525976,Tue Nov 07 15:18:56 +0000 2017,"@AmazonHelp Oh yes - each time an email is sent to me advising the refund has been ""issued"" and each time it is NOT applied to my credit card.  #ANGRY",1743887,1743885.0
18119,120030,Wed Nov 01 05:37:57 +0000 2017,@AmazonHelp I have filled the form but I don't expect anything concrete to happen besides paying lip-service. No one comes back to say why this happens,18121,18118.0
1727593,522441,Tue Oct 17 19:03:51 +0000 2017,@AmazonHelp could you please tell me why I ordered Wooden (as it says on the box) coat hangers and received plastic? https://t.co/cP1SW4oClh,1727592,
2139204,318696,Thu Oct 19 08:55:45 +0000 2017,@AmazonHelp lost my lens and won’t reimburse me for their mistake and neglect. What thieves and robbers.,2139202,
1240540,410972,Mon Nov 13 07:09:49 +0000 2017,"@AmazonHelp my order has been picked since 24th and the product has still not reached your warehouse and because of that your team is not refunding my money. Its been 18 days now and the service is just pathetic, i am just given fake dates.",1240539,
2721684,763619,Mon Nov 20 10:59:51 +0000 2017,@AmazonHelp Not at all I'm afraid. I pre-ordered on the 16th.,2721685,2721683.0
2245188,654396,Sat Nov 25 15:30:54 +0000 2017,"@AmazonHelp Had to wait for 24hrs before they could do anything,due to “process”. This item has clearly been tampered with as well as being late. 2nd time this has happened in a month on prime. 1st time you delivered and empty box ????",2245190,2245187.0
311496,190393,Sat Oct 07 04:36:23 +0000 2017,"@AmazonHelp Dears today morning I received text msg for another order with delivery guy number but that guy says he resigned, now whoom should I contact",,311494.0
2770683,774213,Tue Nov 21 13:08:29 +0000 2017,@AmazonHelp Pas du tout je suis passé ici directement,2770681,2770688.0
2254680,656737,Fri Nov 10 21:38:15 +0000 2017,@AmazonHelp Just wanna know when i’ll get my new MacBook? Still not here and it is already almost 11 pm. https://t.co/lmQ7ty8dUP,2254678,
141084,147822,Fri Nov 24 18:28:15 +0000 2017,@AmazonHelp Mon colis a été livré il y a 6 jours en point relai et j’avais jusqu’au 30 pour le récupérer. Or j’ai reçu un mail aujourd’hui disant qu il avait été retourné dans vos entrepôts... nous sommes le 24 !!,,141083.0
174591,156937,Sat Nov 25 12:16:44 +0000 2017,"@AmazonHelp Vuelvo a llamar y me dicen hoy que debo esperar un lapso de 5 a 15 dias para que se resuelva mi caso, lo cual me parece un lapso inaceptable",,174588.0
1086026,194202,Tue Oct 24 11:41:09 +0000 2017,@AmazonHelp Wie lange muss ich noch auf einen Kollegen warten? Es ist 13.40 Uhr und Tag 17 „Videofehler“. Es REICHT! Massiv noch dazu 😡,1086027,1086024.0
2269132,660325,Sat Nov 11 10:42:10 +0000 2017,"@AmazonHelp In fact two customer reps tried to help me. Both said they would send an email and non received yet I can receive the chat transcripts. Even more strange they can deliver to my works address today, my friends address tomorrow or my home address Monday! I'm in a town not a chasm!",,2269131.0
1682667,229177,Mon Nov 06 18:56:05 +0000 2017,@AmazonHelp C'est bon ! C'est envoyé ! &lt;3,1682669,1682666.0
656092,127727,Wed Nov 22 23:37:24 +0000 2017,@AmazonHelp This order was USPS. The one who dorked my Xbox Scorpio order was UPS; Amazon just made that incident worse.,,656091.0
1067706,371963,Mon Oct 23 15:20:36 +0000 2017,"@AmazonHelp Haven't been able to pick up my items for over a week now, I called yet nothing was done.",,1067705.0
2219927,648437,Wed Nov 15 09:36:38 +0000 2017,@AmazonHelp kindly call me  on this contc +918709311705,2219929,2219925.0
2431244,263543,Wed Nov 15 19:56:01 +0000 2017,"@AmazonHelp So package has arrived, delivered by our postman (seen on Security Camera). I can only assume he's found it somewhere on his rounds of our street and decided to complete your job for you! Shame your original delivery staff couldn't do that in the first place!",,2431243.0
1079380,374607,Sun Oct 15 14:59:51 +0000 2017,@AmazonHelp I have already shared detail in your mail correspondence.,1079381,1079379.0
386438,207486,Mon Oct 09 13:16:27 +0000 2017,@AmazonHelp And i call customer care not receive call,,386437.0
2483982,709640,Thu Nov 16 13:16:35 +0000 2017,@AmazonHelp Merci pour votre aide et celles de vos collègues du site @120533 qui ont fait une remontée d'informations à BPOST qui a livré mon colis aujourd'hui.,2483983,2483981.0
2593133,734371,Fri Nov 17 04:28:51 +0000 2017,"@AmazonHelp Shipped with UPS
Tracking ID 1Z3764E80307408907",2593135,2593132.0
180050,158376,Wed Oct 04 11:09:50 +0000 2017,@AmazonHelp My account is __email__ n after 6 hours .. Amazon india is still making jokes.nor confirming the order.,"180049,180051",180052.0
757130,300938,Wed Oct 11 19:15:04 +0000 2017,@AmazonHelp Thanks. Can you give me a human being to call to discuss? We are a merchant. Unbelievable that no number for merchants to call for help.,757132,757129.0
2488487,710665,Wed Nov 15 16:54:37 +0000 2017,@AmazonHelp ok j'ai laissé une évaluation ais ca m'avance à rien 😔,2488486,2488488.0
880018,328925,Fri Oct 20 18:54:30 +0000 2017,@AmazonHelp @165805 I believe the results for the quiz held on 25th september will be out on 25th October if I am not mistaken. Pls confirm.,880017,880019.0
2688066,755822,Sun Nov 19 14:07:07 +0000 2017,@AmazonHelp I don’t know who my delivery was handed to but it certainly wasn’t me... how can I find out where my parcel is?!! https://t.co/hvRZ7V36H9,2688065,
1307673,425580,Fri Oct 27 19:27:58 +0000 2017,@AmazonHelp Un lector de tarjetas SD para darle con todo a los videos!! https://t.co/7NLIAB0JoT,,1307672.0
147301,147113,Fri Nov 24 14:03:35 +0000 2017,"@115851 @AmazonHelp @115850 #jeffbezos Can I expect little bit of honesty and motility from you on my complaint against Amazon India?? Amazon India haf cheated and then harassed but you have been mute on my emails. 
A BIG SHAME!!! DO YOU WANT YO EATN MONEY BY CHEATING INNOCENT INDIAN PEOPLE?","147300,147302",145863.0
511728,237645,Sat Dec 02 10:21:19 +0000 2017,@AmazonHelp You keep saying ‘undeliverable.’ Yet we receive many other amazon items - this time and a few others no one  is coming to the door. How is that undeliverable? https://t.co/PJg1cLbSZU,511730,511727.0
749743,299213,Wed Oct 11 17:20:08 +0000 2017,.@AmazonHelp help,749741,
972722,350719,Sun Oct 22 04:00:30 +0000 2017,@AmazonHelp how many times i have to fill this type of forms,972721,972723.0
1773804,533101,Tue Oct 17 22:20:27 +0000 2017,Love the 50/50 chance of a Prime order coming in 2 days. Predictable is just boring! @AmazonHelp,1773803,
463354,225138,Fri Dec 01 03:14:14 +0000 2017,@AmazonHelp Whatever...it’s not the first time this has happened with your “3rd party seller asshat parade”,,463351.0
464289,225398,Fri Dec 01 03:50:32 +0000 2017,"@AmazonHelp CoF as in the Champions of Fire event in NY this weekend. Doors open at 10am Saturday, but I'm sure the competition starts much later. Is there any reason to come that early or early in general? And is there a start time for the competition yet?",,464288.0
457783,223711,Fri Dec 01 01:09:57 +0000 2017,@AmazonHelp @134568 @21190 So there went my Utilities no Christmas Lights this year. https://t.co/pkCcT5CU6S,457784,457781.0
99905,137876,Thu Nov 30 19:37:59 +0000 2017,"@AmazonHelp Neues voraussichtliches Lieferdatum: 30. Nov. - 7. Dez. 
Es tut uns leid, dass Ihre Lieferung verspätet ist. Bitte besuchen Sie diese Seite erneut, sollte die Sendung nicht bis zum Freitag, 8. Dez. eingetroffen sein, um die weitere Vorgehensweise zu klären.

WAS!?",99906,99904.0
2135622,483221,Thu Oct 19 08:33:01 +0000 2017,@AmazonHelp I've given u d tracking number.  Y'all need to sort it out https://t.co/pNgY8LQJgs,"2135624,2135625,2135626",2135621.0
1081759,375172,Sun Oct 15 02:56:20 +0000 2017,"@AmazonHelp 1st you answer t
For this",1081760,1081757.0
21850,120762,Wed Nov 01 08:14:23 +0000 2017,@AmazonHelp Oh 🙄,,21849.0
454534,222867,Thu Nov 30 23:16:04 +0000 2017,"@AmazonHelp Actually, I made an order on @115937 but they’re using Amazon Logistics, so can’t access to my @115821 account to see it",454532,454535.0
619199,266930,Thu Nov 23 10:23:45 +0000 2017,"@AmazonHelp That’s a nice case., prefer it in red tho so match the tablet 😊",619200,619198.0
105070,139211,Fri Dec 01 16:18:53 +0000 2017,"@AmazonHelp Get home from work and see Amazon delivery driver outside my block. Excitedly approach him asking if he’s got anything for me, after 10 minutes of checking in the van, no 😒😂 Not sure what else I was expecting tbf. Will I ever get my package?",,105069.0
757682,301076,Wed Oct 11 21:37:53 +0000 2017,@AmazonHelp I have emailed the customer service line due to I do not wanting all my info on a social media site . Thank you,,757680.0
1627795,323707,Tue Oct 17 12:50:29 +0000 2017,@AmazonHelp It’s a business address. You know it closes at five.,"1627798,1627799",1627794.0
1480103,463680,Fri Nov 03 07:29:54 +0000 2017,"@AmazonHelp Super, danke. Dann ist der Abend ja gerettet. 😂",1480105,1480102.0
2627631,536400,Fri Nov 17 16:57:07 +0000 2017,"@AmazonHelp Missing half of one of my orders... was supposed to be delivered on the 11th, and no emails, or mentions of when it will arrive.  😡",2627630,
2111043,622707,Wed Nov 08 16:15:53 +0000 2017,"So beyond irritated with @AmazonHelp and @123967. Package says it was attempted delivered, but no notice left. Called USPS and wait time to talk was &gt;1 hr. Look on Amazon’s site for help and am just given USPS phone number",2111042,
248155,174955,Thu Oct 05 16:27:53 +0000 2017,@AmazonHelp   I was already board to ​purchase this item from Amazon so can not any contact &amp; deliver if can't​reach not get any options,,248153.0
2633001,743438,Fri Nov 17 19:04:34 +0000 2017,@AmazonHelp DM ???,,2633000.0
1390019,442795,Sun Oct 29 06:26:13 +0000 2017,@AmazonHelp I don't have any prob to share my details. I just want the contact details of delivery person. And NY product for wch I m waiting from 3 dys,"1390020,1390021",1390016.0
1707989,517572,Mon Nov 06 23:38:13 +0000 2017,"@AmazonHelp Someone has called me now, thanks!",,1707988.0
21399,120682,Wed Nov 01 08:38:23 +0000 2017,@AmazonHelp *ihr,,21397.0
1421929,450488,Thu Nov 02 09:49:02 +0000 2017,"@AmazonHelp The lady I've just spoken to has told me it'll definitely be delivered tomorrow, and to contact you if anything is wrong",1421930,1421928.0
2571843,729303,Thu Nov 16 20:05:31 +0000 2017,@AmazonHelp Que es la misma fecha que me pone desde el 28 de julio que lo pedí,2571841,2571846.0
752969,299947,Wed Oct 11 14:35:56 +0000 2017,@AmazonHelp I've never bought anything on Amazon Prime.,,752968.0
1051886,336306,Mon Oct 23 08:51:20 +0000 2017,@AmazonHelp Ich liege aber mit 33330 nicht im Same Day Liefergebiet glaub ich!,1051887,1051885.0
64210,130736,Wed Nov 29 13:21:33 +0000 2017,"@AmazonHelp No they said they can’t speak to them only send an email, I have wrote on the delivery instructions to call me but haven’t heard anything, your courier has lied about delivering the item and lied that they attempted delivery yesterday. Can I contact him/her directly?",64209,64211.0
2399787,690531,Fri Oct 20 11:54:35 +0000 2017,"Bonjour @AmazonHelp , j'ai un colis ""en transit"" depuis 14/10, ni le transport ni moi n'avons reçu le colis. Vais-je le recevoir un jour ?",2399785,
1500967,468467,Fri Nov 03 16:36:19 +0000 2017,@AmazonHelp Apparently the item was sold by igm prime who never sent my product to you amazin fullfillment center,1500963,1500968.0
1426714,126339,Fri Nov 03 11:39:42 +0000 2017,@AmazonHelp Not rec'd. till now,"1426715,1426716",1426712.0
1748578,527064,Tue Oct 17 21:14:04 +0000 2017,"@AmazonHelp I chatted before, they were beyond not helpful.",1748581,1748577.0
701432,270743,Thu Nov 23 17:24:55 +0000 2017,"@AmazonHelp Hallo:) ja ich hatte mich gemeldet, jedoch gibt es noch nicht wirklich eine Lösung. Könnten sie nicht einfach postnl kontaktieren wenn ich ihnen alle nötigen Daten per dm schicke..?:/",701433,635677.0
283180,183461,Fri Oct 06 12:29:43 +0000 2017,"@AmazonHelp If I need to go to pick my order, it would be easier for me to buy from Walmart next door.
Thank you.",283178,283182.0
230106,170827,Thu Oct 05 13:47:31 +0000 2017,"@AmazonHelp I was. I was told it won't happen again, and to please accept the apology. And it continued to happen.",230107,230105.0
362469,201764,Sun Oct 08 18:17:26 +0000 2017,@AmazonHelp Only 13 minutes left.,,362468.0
1018179,199686,Mon Oct 16 07:58:25 +0000 2017,@AmazonHelp Please reply soon as you team has invoice with no IMEI #fraud #service @115850 @119351,"1018181,1018182",1018178.0
505020,235779,Fri Dec 01 20:51:51 +0000 2017,"@AmazonHelp Bought a phone case Monday. Promised delivery was Thursday (which technically isn't 2-shipping) Didn't get it Thursday, or today...",505022,505019.0
1770464,532242,Wed Nov 08 00:46:33 +0000 2017,"@AmazonHelp realmente no encuentro útil esa información, pese a que me dice que liga seguir, sigue sin haber forma de descargar la factura.",1770463,1770465.0
813250,313788,Thu Oct 12 21:31:09 +0000 2017,@AmazonHelp It was originally set to be delivered Friday but the shipping email listed Monday as delivery. Not sure on change.,,813249.0
2720464,763354,Mon Nov 20 10:07:22 +0000 2017,"@AmazonHelp そうそれです！
わざわざすみません😅",2720466,2720463.0
479317,228911,Fri Dec 01 13:09:56 +0000 2017,@AmazonHelp Hola. El pedido fue realizado a través de Amazon.es vía app. El número de seguimiento es EA0024140113.,479319,479316.0
1020070,361371,Sat Nov 25 17:29:04 +0000 2017,Porque a demora para sair de recebemos seu pedido? 😐 😐         @AmazonHelp https://t.co/aaJ9eDBHys,"1020071,1020069",
422323,215592,Tue Oct 10 09:33:23 +0000 2017,@AmazonHelp I purchase the machine directly from Amazon,422325,422322.0
972288,350636,Sun Oct 22 08:08:11 +0000 2017,"@AmazonHelp Very bad feeling with amazon,alway send used and defective product and never accept to replace product and refund money",972287,972289.0
559815,247927,Sat Dec 02 22:24:49 +0000 2017,@AmazonHelp Already done this waiting all day tomorrow now to so two days with my son wasted great stuff thanks .,559817,559814.0
290437,185178,Sat Oct 07 14:28:09 +0000 2017,@AmazonHelp Please share Mr Amit Agarwal's mail id and the id of the gentleman who heads customer service ASAP.,290438,290436.0
1860358,402034,Wed Oct 18 10:55:21 +0000 2017,@AmazonHelp Is it all you got? Filled up a form and wait for automated empathising message???,1860359,1860356.0
701485,287448,Thu Nov 23 16:58:55 +0000 2017,@AmazonHelp Je l'ai signalé pour la première commandé mais pas pour la deuxième... Je vais pas passé mes soirées avec votre SAV 😧,701484,701486.0
314739,191152,Sat Oct 07 11:15:14 +0000 2017,"@AmazonHelp I find it very funny that you cheat a customer, and simply prefer to reimburse the price difference... Unethical in all aspects I'd say...",314740,314738.0
510267,237233,Fri Dec 01 23:05:51 +0000 2017,"@AmazonHelp Ca me fait une belle jambe, j'aimerais juste avoir mon colis avant la St Glinglin, d'autant que c'était un cadeau à offrir pour demain. Pourquoi s'encombrer de livreurs comme @120535 alors que de toute évidence ils n'ont que des soucis ?",,510266.0
911493,333332,Sat Oct 21 12:36:16 +0000 2017,@AmazonHelp  https://t.co/XHUICxYUuP,,898374.0
1329528,430211,Fri Oct 27 12:27:50 +0000 2017,@AmazonHelp Please help.  I have been trying for ages to get someone to close the seller account opened by mistake.  Please help me.,1329527,
972772,119796,Mon Oct 23 17:21:30 +0000 2017,@AmazonHelp After several requests and reminder I got my mobile today. The received mobile is used one. How you people are cheating coustmers,972773,972771.0
65842,131059,Thu Nov 30 09:24:13 +0000 2017,"@AmazonHelp Also, I just want to let y'all know, all my anger and frustration is directed at this seller and not y'all. Amazon has actually been nice, professional , and helpful in trying to help me.",65843,65840.0
939547,309722,Sat Oct 14 20:50:53 +0000 2017,"@AmazonHelp If you don’t already know, TCL is an Amazon Exclusive in India. Which is being heavily pushed by Amazon. With no Amazon Prime its a bummer",939548,939545.0
2427490,697008,Thu Nov 16 15:23:11 +0000 2017,@AmazonHelp Na verdade a minha reclamação é com relação ao péssimo serviço prestado pelos @47130 . A @117086 enviou dentro do prazo.,2427492,2427489.0
643887,272847,Sat Oct 14 05:06:37 +0000 2017,"@AmazonHelp aah,not again. please 4th or 5th time u r making me do this and it all will eventually shrink, to sorry we can't help.",643888,643885.0
1823888,134059,Sun Oct 29 11:27:49 +0000 2017,"@AmazonHelp &gt;moment. Our Customer Service Associates are working hard to respond as quickly as possible. You may prefer to contact us by e-mail."" Makes&gt;","1823886,1823901",1823902.0
982329,352911,Sat Oct 14 11:28:06 +0000 2017,"@AmazonHelp Ok, thanks.",,982328.0
350115,199294,Sun Oct 08 10:36:51 +0000 2017,@AmazonHelp Please take quick action.. offer is running out.. do not ask the users to raise another ticket. Raise a ticket please on my behalf,350117,350114.0
183435,159137,Wed Oct 04 10:49:27 +0000 2017,@AmazonHelp Bought LG Q6 on 18 September with No Int. EMI. While checking out Use wallet was automatically checked and now the support wont make it EMI,183437,183431.0
408803,212456,Mon Oct 09 22:35:41 +0000 2017,@AmazonHelp I can't get anyone who can give me an answer as to why I am having errors shipping to Puerto Rico.  Can someone help me?,408802,
2142864,470542,Wed Nov 08 23:36:42 +0000 2017,"@AmazonHelp None of the listed options seem pertinent under the phishing/emails section. It's not a give away and it's not an account change.  It's asking for a conversation to see if I am able to supply items that Amazon has identified as being ""hot""",2142866,2142863.0
985048,218632,Sun Oct 22 10:44:34 +0000 2017,@AmazonHelp Très  bien renvoyez le. Je ne n'accepterait pas.,985050,985047.0
1500638,468408,Fri Nov 03 15:28:06 +0000 2017,"@AmazonHelp Can't stream anything on laptop or ps4 on Amazon, the help page that it tries taking you to is dead too..",,1500637.0
246978,174670,Thu Oct 05 15:49:20 +0000 2017,@AmazonHelp hi. Im trying to use my amazon firestick&amp;its not working. Says theres network problems. But i tested the connection&amp;its strong,246977,
669190,279587,Mon Nov 20 05:52:07 +0000 2017,"@AmazonHelp i got email from amazon mention as tht we are removing your seller account as per my request, but i didnt request for remove but reqst for solve problem, not even given link for reply, whr thy ask for waiting for confrmtion",669189,669191.0
559882,250924,Sun Dec 03 10:28:15 +0000 2017,@AmazonHelp No it was due to be delivered yesterday the 2nd of December. I wouldn’t have tweeted if it wasn’t due until today 3rd would I???,559884,559881.0
2457780,703812,Wed Nov 15 06:59:01 +0000 2017,@AmazonHelp i re appealed claim and again in status it is showing my claim denied...amazon is such a fake company denying my claim without investigation,,2457778.0
1598817,367057,Tue Oct 17 09:46:51 +0000 2017,@AmazonHelp @115851 @118919 @115821 Pls get my last order delivered. Your support and delivery is pathetic. Refund my prime charges  also.,,1598812.0
1739880,525036,Tue Nov 07 16:53:08 +0000 2017,@AmazonHelp Bei meiner Bestellung steht Zustellung heute und unten drunter noch nicht versandt. Eure Hotline konnte mir leider auch nicht weiterhelfen .,1739882,1739879.0
2376125,685369,Tue Nov 14 03:07:46 +0000 2017,@AmazonHelp 了解しました。ありがとうございました。,2376124,2376126.0
1136210,387674,Sun Oct 15 16:10:40 +0000 2017,@AmazonHelp I am going to fb wid order id.  Aur fake commitment. Why r u not updaing e where is my courier.  Already going to tweet to your founder,,1136208.0
1519870,463037,Fri Nov 03 16:43:09 +0000 2017,"Quand @120533 @AmazonHelp avoue avoir fait une connerie, et ne veut pas la réparer
Histo: J'ai refusé le colis, mais relivré le lendmain 🤔 https://t.co/2iqV9Y8jCH","1519868,1519877",
911533,336497,Sat Oct 21 07:25:23 +0000 2017,"@AmazonHelp Will update details, and let you know.",,911532.0
243185,164599,Thu Oct 05 14:50:50 +0000 2017,"@AmazonHelp but I called amazon and they sent me to an account specialist, and he told me to fax a utility bill(which I did) and all you did was close",243186,243183.0
2170948,636804,Thu Nov 09 12:51:01 +0000 2017,"@AmazonHelp because it was sold by amazon warehouse deals, you only had one of the item, not very happy",,2170944.0
856025,323282,Fri Oct 20 03:10:05 +0000 2017,@AmazonHelp Im still wondering am i gonna receive this after my account is down at the moment. https://t.co/cpHJZoydj8,856024,856026.0
1251738,170979,Thu Oct 26 04:49:24 +0000 2017,"@AmazonHelp Xiaomi Redmi 2 prime
VIP2",,1251737.0
1373225,439609,Sat Oct 28 00:30:40 +0000 2017,@AmazonHelp DM’d,,1373224.0
1322558,200366,Fri Oct 27 09:56:11 +0000 2017,@AmazonHelp There wasn’t one given it just says it’s in pending delivery without a delivery date the  release date for the book is today,1322560,1322557.0
351149,199541,Sun Oct 08 11:01:17 +0000 2017,@AmazonHelp @AmazonHelp Chk DM,351432,351148.0
796485,309923,Fri Oct 13 15:41:48 +0000 2017,@AmazonHelp Check DM and reply after investigation.,,796484.0
1201960,402407,Wed Oct 25 13:04:08 +0000 2017,@AmazonHelp Most noticeably with USPS however some of the delays are on Amazon’s initial fulfillment of the items to the shipper.,1201958,1201962.0
1618370,496195,Sun Nov 05 14:35:54 +0000 2017,@115850 @AmazonHelp Dropped package 15 days ago to drop off location &amp; no refund yet. Pkg has been picked up already. Support not helping.,1618369,
384417,128418,Mon Oct 09 15:56:24 +0000 2017,@AmazonHelp STILL NOT HERE,384420,384415.0
1655113,505120,Mon Nov 06 03:10:02 +0000 2017,"@AmazonHelp 920019__credit_card__ 

Honestly, just cancel it. Should have just gone to Walmart.  USPS can’t be trusted to deliver on time",1655112,1655114.0
2195606,522278,Thu Nov 09 19:13:10 +0000 2017,"@AmazonHelp I think you gave me the wrong link, it won’t show me any of my orders",2195607,2195605.0
1766875,325125,Tue Nov 07 22:35:38 +0000 2017,@AmazonHelp You're supposedly giving me store credit. So I can't even go get the product I NEED from somewhere competent and have it today. Not shipping a new one. Not even giving me a shipping upgrade so I can at least use same day delivery. Thanks for everything.,,1766874.0
279524,182627,Fri Oct 06 10:06:49 +0000 2017,@AmazonHelp La fecha d compra el 15-09- https://t.co/YBxHdkrpIM,,279522.0
2254656,656730,Fri Nov 10 22:55:36 +0000 2017,@AmazonHelp Done. One for my ring and the other for the book using the respective buttons. Not impressed with packaging but am glad the items are in immaculate condition as I'd expect. But amount of packaging was way too much. Thanks.,2254655,2254657.0
745048,298107,Wed Oct 11 16:23:19 +0000 2017,"@AmazonHelp Uninstalled/installed it twice. Same problem. Works perfectly on IPad and android, just not on my laptop. Very frustrating.",745047,745049.0
1043707,366798,Tue Oct 24 17:09:56 +0000 2017,@AmazonHelp @115821 @115850 @115851 If you can kindly tell me when will I get my product. It was 2 day gurrantee delivery to be delivered on Saturday. It's Tuesday now,,1043706.0
1968397,583223,Wed Nov 08 09:24:53 +0000 2017,@AmazonHelp Still you guys just excusing me what are you doing in the last 2 months. Thats sounds so stupid. Plzz guys just doo it ASAP,1968398,1968395.0
288295,183040,Fri Oct 06 15:24:50 +0000 2017,@AmazonHelp Have done so.,,288294.0
1939130,264487,Wed Oct 18 15:51:12 +0000 2017,"@AmazonHelp hi, I ordered 6 of an item and 2 arrived this morning. The app showed 2 further shipments due by 9pm. I am trying to track...","1939131,1939132,1939127",
1224557,324482,Wed Oct 25 16:30:58 +0000 2017,@AmazonHelp With time name list post tell me now,1224559,1224556.0
2128995,626697,Wed Nov 08 19:10:22 +0000 2017,@AmazonHelp Appalling service from you. Prime delivery due by 8pm today (which is in 52mins) still preparing for dispatch. CS agents unable to help as getting no response to their emails/queries to fulfillment centres. Not good enough.,2128994,
742475,297525,Wed Oct 11 15:22:45 +0000 2017,@130709 imposible contactar con su delegación. Todo el dia en casa esperando un envío de @AmazonHelp ...,"742474,742476",
340182,197180,Sun Oct 08 00:22:53 +0000 2017,@AmazonHelp gone through all the steps 4 hrs ago &amp; stuck to a script instead of directing me to support that could help.,340183,340180.0
1125118,385295,Sun Nov 26 12:31:07 +0000 2017,"@AmazonHelp FYI, I have clicked the link. Done the details.",1125119,1125117.0
1212709,357392,Sat Oct 28 11:37:05 +0000 2017,@AmazonHelp I understand Particular department can be horrible but how come the whole company is horrible. Amazon is the company of sick and retarded people who don’t know how to work. I want my money back.,,1212707.0
2657213,749122,Sun Nov 19 08:38:42 +0000 2017,@AmazonHelp Pas de problème mais l’autonomie est loin d’être celle annoncée. Elle dure moins longtemps que mon ancienne #KindleVoyage,,2657212.0
91342,135810,Thu Nov 30 16:30:40 +0000 2017,@AmazonHelp C’est envoyer........,,91340.0
1271906,362769,Wed Oct 18 06:44:54 +0000 2017,@AmazonHelp @115850 amazing service. No pick up yet. Keep it up,1271907,1271905.0
2230345,521436,Fri Nov 10 15:21:24 +0000 2017,@AmazonHelp The order came in very very late post 8.30 pm but its here https://t.co/kj7D86kyoq,2230347,2230344.0
379949,206133,Mon Oct 09 07:16:38 +0000 2017,@AmazonHelp A big scam from @115850. Delivery boys will mark product delivered even before delivery to meet the deadline. It happened for 4th time.,379947,379952.0
1123683,384993,Sun Oct 15 14:08:54 +0000 2017,@383009 @AmazonHelp Yes there is no option for dm👍,1123684,1123682.0
1193299,400402,Sun Oct 15 23:41:04 +0000 2017,"@AmazonHelp Yes I have. I've even gone so far as to reset to factory,and it still won't display correctly. Literally, if my TV was 4x the size, wld b ok",1193298,1193300.0
2578499,587014,Thu Nov 16 21:57:58 +0000 2017,@AmazonHelp You guys were. It was an amazon delivery service delivery,,2578498.0
179948,158359,Wed Oct 04 11:32:44 +0000 2017,@AmazonHelp Amazon. A mi padre no le ha dado tiempo a Comer el telefono y el repartidor ya no ha venido,179950,179947.0
382198,206625,Fri Oct 27 11:04:58 +0000 2017,@AmazonHelp Dove lo nascondiamo? 🌋 https://t.co/Pq1jJFt7fg,382196,382202.0
575917,255516,Sun Dec 03 08:41:23 +0000 2017,@AmazonHelp Via amazon,575919,575916.0
2033213,524857,Wed Nov 08 08:27:03 +0000 2017,"@AmazonHelp No, sorry. Pritak helped me last night via online chat. He was awesome. Nothing on the delivery notice to say where it had been left, so he has contacted the carrier to get them to collect from my 1 of 40 neighbours.",2033215,2033212.0
965031,326613,Sat Oct 14 15:07:15 +0000 2017,@AmazonHelp I have already sent an email to u. Please read it an reply.,,965021.0
1733075,138640,Tue Nov 07 13:16:05 +0000 2017,@AmazonHelp I sent an email,1733077,1733074.0
891497,331691,Sat Oct 21 00:12:41 +0000 2017,"@AmazonHelp ahora me vuelven a enviar por Estafeta, cuando nunca tuve un solo problema con otras empresas...",891498,891495.0
1753369,528148,Tue Nov 07 18:52:09 +0000 2017,"@AmazonHelp Gracias, solucionado vía web",,1753368.0
93682,136304,Wed Nov 29 18:50:43 +0000 2017,"@AmazonHelp Yes, but this is becoming unacceptable. Every other order from you is late. Spoke to a rep and saw that one part of my order was available via @117795 but wouldn’t schedule the delivery for today.",93681,93683.0
2690692,756424,Sun Nov 19 16:29:23 +0000 2017,@AmazonHelp Grandios 👌morgen schon da,,2690691.0
1420535,450237,Mon Oct 16 18:44:37 +0000 2017,@AmazonHelp Done,1420536,1420534.0
1736151,131779,Tue Nov 07 14:13:27 +0000 2017,@AmazonHelp Trying to get free standard locker delivery to my office building but it's not offering it to me. Faust or Katy lockers.,1736153,1736150.0
295778,186445,Mon Oct 09 17:22:10 +0000 2017,@AmazonHelp Esattamente. La consegna prevista adesso è per giorno 12/10. Mi sembra assurdo,295780,295777.0
2549016,431264,Mon Oct 30 14:17:05 +0000 2017,@AmazonHelp This is what you get on the app not he best way to ship a kids toy would be best to ship it in a box as a standard to avoid ruining suprises https://t.co/fh2mrLu0F3,2549018,2549015.0
965068,326613,Mon Oct 16 11:08:35 +0000 2017,@AmazonHelp To whom these r all standard replies.,,965067.0
1284560,420481,Thu Oct 26 19:49:15 +0000 2017,@AmazonHelp Can I just get another one shipped?,1284562,1284559.0
1987005,588167,Wed Nov 08 08:07:24 +0000 2017,@AmazonHelp Got an email saying my “next day delivery” is now due between Nov 7-9. Yet it was supposedly on a truck in my town this afternoon. Was that a lie too?,,1987004.0
152034,150741,Fri Nov 24 16:12:33 +0000 2017,"@AmazonHelp Full story, cancelled Amazon Prime as don't use it. Received an email asking to confirm suspicious activity on account. Clicked link and it's asked for my bank details and address..is this correct practice?",152037,152033.0
1431971,452519,Thu Nov 02 08:33:48 +0000 2017,My #echo dot has been failing mid games all night #alexa #echodot :( @115821 @AmazonHelp,1431970,
2344021,677895,Mon Nov 13 14:23:14 +0000 2017,"@AmazonHelp Can two fire sticks be used in the same room, or will the remotes control any unit?",2344020,
2769024,341709,Tue Nov 21 17:09:20 +0000 2017,"@AmazonHelp sorry, I didn't click the link, just assumed it was another link to send a DM. Will do it shortly",2769025,2769023.0
320021,192278,Sun Oct 08 05:07:05 +0000 2017,"@AmazonHelp No updates received yet! No call nothing,I want my product to be delivered by EOD, since deadline already passed yesterday.",320023,320020.0
2342090,677447,Mon Nov 13 14:39:24 +0000 2017,dear @AmazonHelp please don't do delivery with DPD_UK. worst delivery service ever.,2342088,
1624731,486191,Sat Oct 28 22:48:39 +0000 2017,"@AmazonHelp So will this be a call from ""Account Services"", or will this be another call from a representative reading off a script?",1624733,1624730.0
1438211,118090,Thu Nov 02 10:48:17 +0000 2017,@AmazonHelp 3 Online chat that said something about being out of stock then revised to say would be delivered next morning (10/30),"1438212,1438213,1438214",1438210.0
1200969,402144,Wed Oct 25 05:55:06 +0000 2017,@120533 @AmazonHelp vous êtes sérieux avec vos 2 ans d'attente pour une commande prime ?,1200968,1200795.0
2762770,494681,Tue Nov 21 07:25:19 +0000 2017,"@AmazonHelp you think the customer is a fool? you take 50 rs for next day delivery and today i see the delivery date is changed to tomorrow? 
u want 50 rs ask me..dnt fool around please",2762769,
2119330,381555,Wed Nov 08 17:30:29 +0000 2017,"@AmazonHelp Care to explain it @115850 @amazonhelp 
https://t.co/E871lrvsJz
Total disappointment especially with customer care
@132994 think about selling the products in general market too! https://t.co/jvec2oz5I4",2119332,2119329.0
1892130,189069,Thu Nov 16 00:09:39 +0000 2017,@AmazonHelp Here's a screenshot of my kindle app when I'm looking at my library https://t.co/dNTGcAPgXU,,1892128.0
80737,133911,Thu Nov 30 14:44:36 +0000 2017,@AmazonHelp Thank you for your assistance :),,80736.0
1732575,523360,Tue Nov 07 13:01:22 +0000 2017,"@AmazonHelp For example, 22:35 , conv. between Riveira and Rodrigo. Just says ""[speaking spanish]"" in the subs. Nothing else",1732577,1732572.0
557012,250061,Sat Dec 02 21:03:42 +0000 2017,"@AmazonHelp How about when I'm not trying to add the locker at checkout, but just adding it to my account so it's available for future purchases?",557011,557013.0
1548200,479295,Sat Nov 04 08:07:50 +0000 2017,"@AmazonHelp I’m told there was an attempted delivery, but I was in for the entire delivery day yesterday and there has been no card left! https://t.co/fApBr9TqCg",1548199,
377971,205685,Mon Oct 09 04:36:34 +0000 2017,@AmazonHelp Both times shipped via USPS. Online help cannot help as USPS is closed and will not have someone contact me back with updates! Grrrrr!,,377967.0
680653,183038,Thu Nov 23 08:28:31 +0000 2017,@AmazonHelp can I pay to @117144 through Amazon pay balance??,680652,
873728,327439,Fri Oct 20 20:38:16 +0000 2017,@AmazonHelp what's your return policy on wireless routers?,873727,
2170994,636808,Thu Oct 19 12:35:21 +0000 2017,@AmazonHelp can you explain me what it means.,2176392,2170991.0
871089,326822,Sat Oct 21 14:34:51 +0000 2017,@AmazonHelp No reason why and it was a Prime item,871090,871088.0
1262235,415651,Thu Oct 26 10:41:46 +0000 2017,"@AmazonHelp comprei um kindle na promo ontem,recebi email de confirmação mas ainda n foi descontado o valor no cartao, preciso me preocupar?",1262234,
1266453,416534,Thu Oct 26 13:00:38 +0000 2017,"@AmazonHelp There were 3 seperate charges... £6.99, and 2 £1 charges.",1266455,1266452.0
2245218,654400,Sat Nov 25 15:23:56 +0000 2017,"Really enjoyed having my amazon parcel turn up, OPENED and half hanging out. Literally handed to me that way by the delivery man. Shoddy work. 😤@AmazonHelp","2245216,2245220",
1223227,407010,Sun Nov 05 14:40:53 +0000 2017,"@407008 @130878 @AmazonHelp Now, I’m a casualty as well and I’ve been an @115821 customer for 20 years! I’m going to cancel all my memberships: Prime, KU, Audible. Feel terrible about all this!","1223229,1223230",1223225.0
1525956,473920,Sat Nov 04 09:25:25 +0000 2017,@AmazonHelp Vale muchas gracias,,1525955.0
253417,156910,Sat Oct 07 05:24:29 +0000 2017,@AmazonHelp ok thanks I will give a follow back regarding the order and hope will be delivered correctly and soon 😀,,253416.0
1341691,432939,Fri Oct 27 15:55:18 +0000 2017,@AmazonHelp My query is regarding SPN not for any of my orders. Can you please help to get details of that! @115850 @115821 @115851,1341693,1341690.0
118787,142330,Thu Nov 23 23:21:07 +0000 2017,@AmazonHelp Thanks for solving my problem so fast! And at no extra costs. 5 stars!,,118786.0
387963,203788,Mon Oct 09 15:49:54 +0000 2017,"@AmazonHelp How many chances though? Nothing's updated, I'm not sure what's happen if I cancel the order.",,387962.0
40381,124852,Wed Nov 01 15:46:07 +0000 2017,"@AmazonHelp No, I do t see anything.",40382,40378.0
1652466,504534,Mon Nov 06 07:00:07 +0000 2017,"@AmazonHelp I am a regular Amazonian, I request your kind attention and quick resolution. I shall feel grateful.","1652465,1652467",1652468.0
131700,145700,Fri Nov 24 07:36:07 +0000 2017,@AmazonHelp Yeah I got an error message the add basket button was there. It’s disappeared off the site again now :( will you be getting more in stock?,131702,131699.0
971808,164814,Sat Oct 14 06:39:52 +0000 2017,@AmazonHelp No u can't understand now I will not go for replacement I wil go for cancellation of product after ur harassment.either by this way or court,,971806.0
1020269,361426,Sun Oct 22 23:30:56 +0000 2017,@AmazonHelp .es (spain),1020270,1020268.0
1760546,529871,Tue Nov 07 21:08:24 +0000 2017,@AmazonHelp Do these help? https://t.co/77Kg2p3l4q,1760547,1760545.0
549349,212570,Sat Dec 02 18:26:35 +0000 2017,@AmazonHelp I've ordered windows 10 and it originally said that i would get an email to my amazon messages with product key. Why is there a delivery date? https://t.co/KyoHDuLec0,549348,549350.0
1213439,404803,Wed Oct 25 16:13:47 +0000 2017,@AmazonHelp Is there something specific you are referring to?,1213437,1213440.0
1363821,437561,Fri Oct 27 22:16:12 +0000 2017,@AmazonHelp 31 a 1 https://t.co/0L22OSUXX0,1363822,1363820.0
1702216,516092,Tue Nov 07 04:25:18 +0000 2017,"@AmazonHelp No need, now I have ordered from flipkart and they are delivering the same item in 24 hours.
Just see ur service and compare  with flipkart.","1702218,1702219",1702215.0
1289734,421618,Thu Oct 26 20:10:00 +0000 2017,@AmazonHelp No I have not,,1289733.0
2301390,426862,Sun Nov 12 17:36:09 +0000 2017,"@AmazonHelp no!!!!!! Nothing delivered today??? The wonderfulness of Prime next day!! Nothings delivered the next day
?
ordered Friday  on prime, delivered may be Monday

If we can be arsed,,,, which we probably cant",2301389,
1838856,551075,Wed Oct 18 06:26:30 +0000 2017,"@AmazonHelp Your message has been sent. We will contact you within 12 business hours, 7 days a week 10:00 to 19:00 IST.
Do you think I will wait for 12?",,1838839.0
19191,120262,Wed Nov 01 06:01:43 +0000 2017,@AmazonHelp is my parcel lost in transit I’ve never experienced a delay with delivery from you!! https://t.co/DJ4tGuR94P,19189,
1674890,509606,Mon Nov 06 17:25:42 +0000 2017,@AmazonHelp Can someone contact me? I have talked to 6 reps and no one is getting it. Why should I pay for a package I never received?,1674897,1674889.0
806262,312135,Thu Oct 12 17:49:06 +0000 2017,@AmazonHelp USPS.,806261,806263.0
2669228,730251,Sun Nov 19 10:51:49 +0000 2017,"@751790 @AmazonHelp ça ne s'arrange pas @AmazonHelp :( ça y est, vous êtes dépassés ? https://t.co/0eQYmmsjkc",2669226,2575212.0
183073,159057,Wed Oct 04 17:06:50 +0000 2017,@AmazonHelp Replacement hes been made but not dispatched,,183072.0
2219921,648437,Tue Nov 14 08:09:16 +0000 2017,@AmazonHelp i dont want any excusesense from your side just  look after my products and kindly contact me as soon as,2219925,2219919.0
1457304,458239,Thu Nov 02 20:24:40 +0000 2017,"@AmazonHelp Well that’s great, apart from not helping at all.",,1457303.0
515247,238678,Sat Dec 02 01:30:53 +0000 2017,"@AmazonHelp I really don't want to deal with it anymore.  I wasted too much time and energy on this.  My only take on this is my business isn't appreciated, so my XMAS shopping will be done elsewhere this year.",,515246.0
388493,207926,Sat Oct 21 16:50:08 +0000 2017,"@AmazonHelp @115851 is a cheater , selling used laptop.customers satisfaction zero . Only makes profit. Last 12 day feeling torture by Amazon",,388492.0
1155101,391732,Tue Oct 24 17:59:05 +0000 2017,@AmazonHelp esp bc two day shipping was F R E E,,1155098.0
2756722,436861,Tue Nov 21 02:52:14 +0000 2017,@AmazonHelp I complained about not receiving my amazon package in late October. Since then I have had nothing but terrible delivery experiences and items not arriving. My last package was “delivered” but it never was. Then they told me it was misscanned. Then they told me it never sent. ??,2756724,2756721.0
1786599,144298,Tue Oct 17 23:38:45 +0000 2017,"@AmazonHelp eu comprei um livro, aí um minuto depois cancelei pq esqueci de colocar mais um livro no carrinho. Eu já fui cobrada?",1786597,
1099606,379494,Mon Oct 23 22:43:08 +0000 2017,"@AmazonHelp Don't give me any advice,if u cannot solve my problem okk??",,1099605.0
86051,134789,Thu Nov 30 14:27:19 +0000 2017,@AmazonHelp Muchas gracias 😁,,86050.0
1271929,417745,Mon Oct 16 07:14:09 +0000 2017,@AmazonHelp Can I place new order with same price band?,"1271931,1271932",1271928.0
991720,354909,Sun Oct 22 15:12:44 +0000 2017,@AmazonHelp Decided to roll the dice and hit send. It actually shows the correct mailing address. Thanks for the quick response.  #fistbump,991722,991719.0
612632,265697,Wed Nov 22 13:47:11 +0000 2017,"@AmazonHelp I have tried 4 times to return an item , your customer services are appalling, I am now losing patience with this and will involve @20646 if this is not resolved",612631,
988009,354101,Sat Oct 14 11:03:10 +0000 2017,"@AmazonHelp Chanel, c'est une experte en réalité !
Sa mère s'appelle Gucci donc bon ^^",988010,988008.0
1194508,400676,Wed Oct 25 04:45:14 +0000 2017,@AmazonHelp Also I've paid twice and expecting refund on both.,"1194509,1194510",1194507.0
1132044,386756,Tue Oct 24 12:27:21 +0000 2017,"@AmazonHelp Tá difícil, Amazon, lançamento do Stephen King, complicado!!",,1132043.0
923689,339212,Sat Oct 21 15:22:09 +0000 2017,@AmazonHelp Suppose a book is scheduled to release on 10/10/17 via amazon prime. On 10th it will no longer be available on your site or afterwards,,923686.0
576043,255537,Sun Dec 03 09:21:46 +0000 2017,@AmazonHelp There is no option to mark as commercial. There is a business name with my address. It’s certainly clear enough. This is not my first order.,576044,576042.0
304384,188695,Fri Oct 06 22:59:37 +0000 2017,"@AmazonHelp @AmazonHelp as a matter of fact, you did. I never thought you would betray me, my only friend. #fakefriend #fakenews",304386,304383.0
149192,149989,Fri Nov 24 15:03:41 +0000 2017,"@AmazonHelp Tried on 2.4. 5ghz, different WiFi ssids",,149191.0
2560252,726696,Thu Nov 16 17:18:20 +0000 2017,@AmazonHelp I can’t seem to access any content in the Amazon Video Roku app. I get past the splash screen and then see a blank grid that never populates with content. I’ve verifies other apps on my device are working as expected. Any suggestions? https://t.co/G77azArspX,2560250,
2689311,756092,Sun Nov 19 15:59:04 +0000 2017,@AmazonHelp Hola me dicen que tiene que comprobar mi tarjeta de crédito y resulta que en mis estados de cuenta me retiraron 1 peso ese mismo día para verificar,2689312,2689309.0
1043699,366798,Tue Oct 24 10:35:18 +0000 2017,@AmazonHelp @115821 @115850 7 hours gone !! Still no resolution. I have not got delivery of my product. How much more time will it take ?,1043700,1043698.0
1223520,407056,Thu Nov 16 15:29:58 +0000 2017,@AmazonHelp Prefer online,1223521,1223519.0
2534525,721144,Thu Nov 16 18:28:19 +0000 2017,@AmazonHelp Please help !!,2534526,2534523.0
2678022,203470,Tue Nov 21 09:32:08 +0000 2017,@AmazonHelp Still no response🔥,2678023,2678021.0
1304644,424868,Fri Oct 27 01:57:13 +0000 2017,@AmazonHelp Jaja papel higiénico saludos,1304646,1304643.0
1125296,385327,Tue Oct 24 14:39:26 +0000 2017,@AmazonHelp I hve nt received ny mail I hve called ur cstomer care dere I ws updated and arrogantly asked to wait 4 delivery or ask for refund is dis..,1125298,1125295.0
1953442,579942,Thu Nov 16 11:38:08 +0000 2017,@AmazonHelp my parcel still hasn’t arrived even though it said I would receive it on 14th November,1953441,
1002644,357328,Tue Oct 17 02:16:15 +0000 2017,@115821 @115850 I contacted your customer service and they told cash will be added back on Monday &amp; today is Tuesday still no refund. @AmazonHelp @115850,"1544026,1544029",1002643.0
660432,277313,Wed Nov 22 23:51:35 +0000 2017,"@AmazonHelp Hola, ¿los 10€ que habéis dado por darnos de alta en Amazon Music caducan o se pueden usar en el futuro (dentro de 7-8 meses por ejemplo). Gracias.",660431,
989610,354431,Sat Nov 25 11:17:57 +0000 2017,@AmazonHelp Just finished that process. When do you send the replacement out though?,989611,989609.0
1403518,446306,Tue Oct 17 03:27:08 +0000 2017,@115850 What a joke @115850  @AmazonHelp .. delivering at an office space which was closed at the time of delivery.. Amazing! #subPrime #cheats https://t.co/gvyBj9IgZG,"1557204,1557203,1557205,1557206",1403515.0
1335085,431439,Fri Oct 27 14:10:58 +0000 2017,@AmazonHelp it says it's gonna be here today but it hasn't shipped yet?? Help https://t.co/4ObTGSIKBf,1335083,
1379503,441147,Sat Oct 28 04:40:04 +0000 2017,@AmazonHelp I left feedback on your systems and obviously no one bothers to check it. Coz i am having to xplain myself again.  Ur delivery 1/n,,1379500.0
509360,237015,Fri Dec 01 23:15:04 +0000 2017,@237016 @AmazonHelp Works for me.. Since I have no idea what the issue is..,,509356.0
2425987,696641,Fri Nov 17 11:00:23 +0000 2017,"@521223 @AmazonHelp Could be worse, they sent me a memory card instead of Fifa 17 on release day","2425988,2425989",2425984.0
2266826,659790,Sat Nov 11 06:57:04 +0000 2017,@AmazonHelp Purchased 2 Mob From Amazon. Delivers too late than any other. Parcel stucks @ a place for long time. Sometimes due to external factors. Plzzz care for it.,2266824,2266828.0
479338,228916,Fri Dec 01 12:59:26 +0000 2017,"@AmazonHelp Hi. Yes, it's on by default to leave with a neighbour if nobody is home. My neighbour was in all morning but the driver didn't make any attempt to leave it with him.",479337,479339.0
989852,197667,Tue Nov 21 16:43:08 +0000 2017,@AmazonHelp Done pls work on this,989851,989853.0
1943873,151037,Wed Oct 25 06:31:29 +0000 2017,@392393 @AmazonHelp Je vais les boycotter autant que possible et acheter mes bouquins à la FNAC. Tant pis pour eux !,1943874,1943872.0
2408693,692611,Tue Nov 14 20:53:35 +0000 2017,"@AmazonHelp Great, thank you!",2408694,2408692.0
2289150,665042,Sun Nov 12 05:18:15 +0000 2017,"@AmazonHelp Please read - i talked to chat support - at the website you directed me to, and @115821 employee told me to call the courier myself! how is that customer service and real time assistance?!? I reached out to twitter in order to get an appropriate response to a broken promise",2289152,2289149.0
1672273,508967,Sun Nov 12 19:17:36 +0000 2017,@AmazonHelp Amazon :/,1672274,1672272.0
421909,215505,Tue Oct 10 09:23:45 +0000 2017,@AmazonHelp E partiva dall'Italia,421911,421908.0
2718467,350528,Mon Nov 20 07:42:16 +0000 2017,"@AmazonHelp 
アマゾンさん、商品を4つ買った場合、
一緒に、届くのですか？",2718466,
1205441,203003,Thu Nov 02 01:51:57 +0000 2017,"@AmazonHelp there’s some typos in there, my mistake, but you get what I’m trying to say https://t.co/lgscE0EL0g",1205440,
2318348,523623,Tue Nov 14 06:19:20 +0000 2017,"@AmazonHelp Yesterday, i was committed, today order will be delivered. Now website says order will be delayed to 17 Nov. What kind of cruel joke is this.",,2318347.0
522450,213865,Tue Nov 28 02:26:05 +0000 2017,@AmazonHelp and how much space does the4 stick have?  (2/2),,522449.0
1247997,412804,Mon Oct 16 19:21:35 +0000 2017,@AmazonHelp Por Amazon: https://t.co/wWS7xGiO59,"1247996,1247998",1247999.0
1030410,363794,Sat Oct 14 17:54:05 +0000 2017,"@AmazonHelp I had made jio recharge few days back with @115823  , I am waiting for cashback from there.","1030412,1030413",1030409.0
946642,344471,Sat Oct 21 18:41:37 +0000 2017,"@115850 My issue is still unresolved , can you please comeback on this @115851 @AmazonHelp my concern is already conveyed to ur CS Team https://t.co/sUV1lqm9Ol",946640,
627678,144362,Wed Nov 22 15:54:14 +0000 2017,@AmazonHelp Now I am thinking Amazon Prime is not good after all. I just wasted ₹999 to get that.,,126363.0
1770497,532248,Wed Nov 08 01:39:53 +0000 2017,@AmazonHelp No,1770499,1770496.0
1345596,433766,Fri Oct 27 16:35:24 +0000 2017,Wow @115821 @amazonhelp has the worst customer service reps.,"1345602,1345603,1345594",
1719696,398594,Tue Nov 07 07:03:37 +0000 2017,@AmazonHelp Showing stats as ‘ being cancelled atm’,,1184690.0
1285159,420614,Mon Oct 16 09:25:59 +0000 2017,@AmazonHelp non,,1285158.0
2437240,699162,Sun Oct 29 15:43:53 +0000 2017,@AmazonHelp La talla del fabricante de la 39 es una 6UK pero en la web no queda claro.,,2437239.0
278987,182540,Fri Oct 06 08:53:32 +0000 2017,@AmazonHelp DidNt resolve..,278989,278986.0
2680345,754109,Tue Oct 31 16:08:17 +0000 2017,@AmazonHelp Now you are just talking jibberish @115850. And thanks but I have already seen how trustworthy your portal is.,2680346,2680342.0
1426743,451437,Mon Nov 06 15:21:36 +0000 2017,@AmazonHelp This is purchased as gift..,"1426744,1426745",1426742.0
2261671,576818,Thu Oct 19 18:16:18 +0000 2017,"@AmazonHelp Non aucune trace de livraison, livraison en cours... À priori @120534 à très mauvaise réputation.",2261673,2261670.0
1196334,401091,Wed Oct 25 02:34:01 +0000 2017,@AmazonHelp I bought a fire stick and your remote broke. please help,1196332,
210407,165802,Wed Oct 04 18:33:44 +0000 2017,@AmazonHelp Sold by Clever &amp; Easy.... no shipping details. I have mail forward with USPS already https://t.co/KAQcEn13H9,210405,210409.0
1744131,526006,Fri Nov 10 10:56:39 +0000 2017,"@AmazonHelp Aaaaagh, just wrote to this address and had a reply it does not accept an incoming email, why oh why is this so difficult 😡 disappointed with Amazon",1744132,1744130.0
816150,314347,Thu Oct 12 20:24:50 +0000 2017,"@115825 @AmazonHelp #mrrobotseason3 ist ja nun gestartet , gibt es schon ein Termin wen es bei euch verfügbar ist in deutsch?
#frage",816149,
2023077,367525,Wed Oct 18 21:06:29 +0000 2017,@AmazonHelp Tok Tok...! Are you a Human or a Bot...?,2023079,2023076.0
226695,170116,Thu Oct 05 07:20:07 +0000 2017,@AmazonHelp Ok Thanks. I will until Monday. Tomorrow it's seven days. Thanks for the information,226693,226699.0
2511628,715857,Tue Nov 28 01:12:08 +0000 2017,@AmazonHelp We have 1 Amazon fire running a video shot on an iPhone in our store...we want to set up 6 more but we are having trouble loading the videos onto one other  fire we own...so before we buy more we want to make sure it is doable. We have trouble shot all your suggestions ....,2511629,2511627.0
283531,183451,Fri Oct 06 13:09:06 +0000 2017,"@AmazonHelp I ain't got time for doing this shit daily, I'm cancelling my COD orders and provide me refund for the order which I requested to replace.",283532,283085.0
503425,235307,Fri Dec 01 21:24:44 +0000 2017,@235308 @AmazonHelp Prior to August when IntelCom took over I had 1 issue in 10+ years; since August I think 1 in 3 deliveries has issue,503430,503422.0
2474857,707541,Mon Nov 20 10:37:27 +0000 2017,"@AmazonHelp era previsto arrivasse oggi (dall'ultima mail), poco fa mi è arrivata altra mail: ""Siamo spiacenti di comunicarti che la disponibilità dell'articolo è cambiata e stiamo ancora aspettando una nuova consegna da parte dei nostri fornitori"". Sono 3 settimane che va avanti così",2474858,2474856.0
858779,323903,Fri Oct 13 13:59:25 +0000 2017,"@AmazonHelp I bought the S8 last May, &amp; now there's a problem with charging the phone
it's showing me  it needs 5 hours 2 charge it from 20%",858777,
128757,144965,Fri Nov 24 08:53:10 +0000 2017,@AmazonHelp sir do you read my reply ??,128759,128755.0
651644,274961,Fri Nov 10 07:57:37 +0000 2017,"@AmazonHelp j'ai bien compris, d'ou mon tweet car je me doute que ce n'est pas normal. J'arrive sur cette page en tapant votre URL directement sur un navigateur web.",651642,651650.0
1035980,365049,Mon Oct 23 16:48:13 +0000 2017,"@AmazonHelp The carrier's site also claims it was delivered, in my mailbox. But I ordered a CD, which couldn't fit in my mailbox, so I'm confused.",1035982,1035979.0
826604,316899,Fri Oct 13 02:03:05 +0000 2017,@AmazonHelp It says it was shipped via USPS.,826606,826603.0
601263,174146,Sun Dec 03 21:20:16 +0000 2017,"When someone asks you a question, giving an answer is the bestbthimg to do instead of apologizing and walking around the question. @AmazonHelp #customerservicenightmare",601262,
1650925,504211,Mon Nov 06 08:02:01 +0000 2017,@AmazonHelp 近所の靴屋では娘のサイズがなかったので、Amazonで購入できて助かりました！ありがとうございました😊✨,1650927,1650924.0
2675992,126720,Tue Oct 31 14:43:46 +0000 2017,@AmazonHelp Can I forward this to the concerned people present in organization wiki page,,2675991.0
62392,130292,Sun Nov 26 01:08:51 +0000 2017,"@AmazonHelp Funcionáis mejor que Netflix, con un peering mejor y American Gods está a la altura de series míticas como Sense8, y encima gratis con la suscripción de Prime, o sea un feedback de 10/10.",62393,62387.0
2408745,692623,Tue Nov 14 15:56:26 +0000 2017,@AmazonHelp Yes the delivery date was the 3rd of November and the tracking says this: https://t.co/4guTsE33IP,2408747,2408744.0
1323523,428850,Fri Oct 27 09:54:23 +0000 2017,@115850 @AmazonHelp @115821 plz help me understand the maths. How is 899-146=849.??? https://t.co/hAoFM1Ac3t,1323521,
1611043,318693,Sun Nov 05 11:36:36 +0000 2017,"@AmazonHelp Already done it, did it for the second time today.","1611045,1611046",1611042.0
2673175,752588,Tue Oct 31 11:49:50 +0000 2017,@AmazonHelp ご丁寧にすいません、ありがとうございます😊,2673174,2673176.0
224260,169580,Thu Oct 05 04:21:46 +0000 2017,@AmazonHelp  @115850  @169581  paid for Amazon prime service now they blocked the account with phone no 7982663407 for no reason,"224258,224262,224263",
2104913,136727,Wed Nov 08 16:55:15 +0000 2017,@AmazonHelp Voilà c'est fait.,2104914,2104912.0
1652478,504536,Mon Nov 06 07:40:58 +0000 2017,"@AmazonHelp Danke! Wäre schön, wenn das zurück käme!",,1652477.0
1122762,384799,Mon Oct 16 17:19:00 +0000 2017,"@AmazonHelp It came today, thanks for all your help 👍🏻",1122763,1122761.0
1741048,525277,Tue Nov 07 18:17:50 +0000 2017,@AmazonHelp Creo que no leíste o no entendiste la primera pregunta: ¿Cuándo van a tener los libros?,,1741046.0
1277067,418899,Sat Oct 28 15:38:29 +0000 2017,"@AmazonHelp need to more accurately report process - if it had gone missing from downstairs, your records would claim I had accepted the order, which",,1277063.0
1698697,515214,Tue Nov 07 01:53:32 +0000 2017,"@AmazonHelp Plus other things like phone bluetooth headsets. Btw, I appreciate you responding/inquiring out of concern","1698700,1698701",1698696.0
1869775,558453,Wed Nov 08 05:36:25 +0000 2017,"@AmazonHelp Habe euch per DN geantwortet, der Kundenservice (ich hatte ihn bereits gestern Kontaktiert) hat mir leider nicht helfen können/wollen.",,1869774.0
1721023,520848,Tue Nov 07 12:25:55 +0000 2017,"@AmazonHelp Comecei a ler ontem. Estou na metade e posso dizer que estou gostando, sim. Uma leitura que foge do habitual e mexe com você. Recomendo.",1721024,1721022.0
334875,195805,Sat Oct 07 20:34:48 +0000 2017,"“Out for delivery” since Wednesday. What gives?
.@3375 .@AmazonHelp .@115821 https://t.co/GF6gDxkAj4",334874,
1227972,408091,Wed Oct 25 21:10:31 +0000 2017,@AmazonHelp धन्यवाद।,1227973,1227971.0
180328,158418,Thu Oct 05 04:58:42 +0000 2017,@AmazonHelp Yest again courier agent came around 1:30/2 but told my mom that ur pickup is scheduled from 4-7 pm and again left..just an update,180329,180327.0
2111103,171829,Wed Nov 08 17:29:42 +0000 2017,"@AmazonHelp ""Exploring options"" isn't going to cut it. You charged me for things I never received. How can I get a supervisor to fix this mess?",,2111102.0
1014749,360103,Tue Oct 24 16:11:56 +0000 2017,@AmazonHelp I told u courier misbehave threat call to me,,1014746.0
2636801,744251,Fri Nov 17 20:46:06 +0000 2017,@AmazonHelp dann sollte es dort nicht beworben werden. wo kann ich den kaufbetrag zurückfordern?,2636803,2636800.0
1458049,458409,Thu Nov 02 21:31:47 +0000 2017,@AmazonHelp Done!,,1458048.0
127998,144768,Sun Nov 26 07:02:15 +0000 2017,@AmazonHelp Check out Ur database .. don't act like stupid always #digitalmafia in #DigitalIndia  @115821 @117634 @115851 @127586 @120844 @4211 @144772 @144769 @734 @120319 @4871 @144770 @144771 @144773 @116618,"127999,128000",127997.0
2657342,749142,Sat Nov 18 20:52:58 +0000 2017,@AmazonHelp Hi. Ordered a @749143 lens via @115821 and @118706 lost it. The sender didn’t insure the package so I can’t make file a claim on it. What are my options?,2657341,
834826,318782,Fri Oct 13 08:07:52 +0000 2017,@AmazonHelp I think it was just a glitch I’ve restarted it and now it’s okay. Thank you x,834828,834825.0
581146,193224,Sun Dec 03 12:28:32 +0000 2017,@AmazonHelp I have had a refund stuck for almost 2 months now. Can I get a contact form?,581145,
1709413,517962,Tue Nov 07 16:36:41 +0000 2017,@256157 @517957 @AmazonHelp Fair enough,,1709411.0
751272,299565,Sun Nov 05 02:58:49 +0000 2017,@AmazonHelp Tried going to help because your garbage system isn't sending verification codes. Problem is on your end. Fix it. NOW.,751270,751279.0
389673,208239,Tue Oct 10 07:28:43 +0000 2017,@AmazonHelp I just want to know in how many days I will recieve my refund,,389672.0
872664,327177,Fri Oct 20 21:19:49 +0000 2017,@AmazonHelp I only ordered because it was available with Prime.. Amazon support no help at all when enquiring where my order was.,,872663.0
1379554,122600,Sat Oct 28 04:55:13 +0000 2017,@AmazonHelp What about my money in my pay balance,"1379557,1379558",1379553.0
427763,216723,Tue Oct 10 13:32:22 +0000 2017,@AmazonHelp Cant help it,,427762.0
1220915,406472,Thu Oct 26 07:25:43 +0000 2017,@AmazonHelp I believe I have met all the law requirements,,1220913.0
436413,218639,Fri Oct 13 11:34:33 +0000 2017,"@AmazonHelp Shared details over there. Please see i have to travel after 2 days, so i am unavailable for next 8 days so get it picked up in next 2 days.","436414,436415",436411.0
777585,305636,Thu Oct 12 04:06:49 +0000 2017,@AmazonHelp Never expected this from.amazon.Ive raised a concern immediately after I've received a msg which says that the order has been delivered,,777583.0
13162,118701,Sun Oct 22 14:45:16 +0000 2017,@AmazonHelp This has been the most frustrating and useless customer service ever.,13161,13163.0
1188548,399497,Wed Oct 25 03:54:08 +0000 2017,"@AmazonHelp My Amazon account was suddenly closed for use of ""invalid gift cards"". I have had an Amazon account since 2012. Fix this.",1188547,
870173,326613,Sat Oct 14 01:04:33 +0000 2017,@AmazonHelp I was on a call for 1 hour. U think 1 hr is required to handle a query. They refused to escalate.,,870171.0
612703,219317,Wed Nov 22 13:36:19 +0000 2017,@AmazonHelp  https://t.co/sNjy7ZgTlj,612701,612705.0
2178026,638374,Thu Nov 09 15:39:12 +0000 2017,@AmazonHelp Yes October 4,,2178022.0
861296,324509,Fri Oct 20 17:22:17 +0000 2017,@AmazonHelp Done and done! 🙌,,861295.0
1609084,494041,Sun Nov 05 13:21:56 +0000 2017,@AmazonHelp It's still needed but we have had to make additional arrangements for the time being. Just frustrating there was no communication.,,1609083.0
2480931,708894,Sun Oct 29 22:38:34 +0000 2017,@AmazonHelp I did that already - and it said I will receive a reply in 12-24 hours.,2480932,2480930.0
1516068,471749,Sat Nov 04 11:12:39 +0000 2017,@AmazonHelp How? When I try to send it back only option is taking to to Post Office and you guys make it near impossible to speak to anyone..,1516070,1516067.0
1161591,393285,Sun Oct 15 19:26:40 +0000 2017,"@AmazonHelp But it's an item I needed today or tomorrow at latest. When I ordered it, it said it would arrive today. Should I just cancel it?",1161593,1161590.0
256715,177048,Fri Oct 06 19:49:06 +0000 2017,@AmazonHelp More than 15 days u hv nt refunded my money..should I wait for 15 days..still I shop from Ur site .. https://t.co/K4NeDelxvk,256717,256713.0
2438461,699433,Tue Nov 14 21:43:33 +0000 2017,@AmazonHelp who do I have to contact to discuss 2 counterfeit items that I bought from you?,2438459,
1445430,455414,Fri Nov 03 01:56:58 +0000 2017,@AmazonHelp @115821 disappointed coz of mistake at your end I have to suffer?? Delayed by almost 15/20 days?? I need it shipped on priority https://t.co/2ZHWPK90Jf,1445431,1445429.0
199250,162952,Wed Oct 04 20:10:57 +0000 2017,@AmazonHelp seulement l'emballage comme ceci https://t.co/H11keJTnBC,199248,199251.0
534166,243716,Sat Dec 02 11:58:58 +0000 2017,@AmazonHelp @115830 I ordered a bottle of pumpkin spiced Baileys and when it arrived the metal was dented and the bottle has leaked in the box,534165,
399837,210538,Mon Oct 09 19:07:31 +0000 2017,@AmazonHelp r u crazy amazon?u blocked my pay balance nd when i contacted u saying my account to be  a duplicate one..how d hell.cheating,399836,
1472700,310880,Fri Nov 03 02:24:40 +0000 2017,"@AmazonHelp Pues no es nada de lo ahí señalado, son puros newbies? https://t.co/2gakI17nGo",1472701,1472699.0
1364722,437746,Fri Oct 27 21:15:05 +0000 2017,"@AmazonHelp Bonjour lorsque je veux lier mon compte Prime à twitch ça me marque: (Nous ne pouvons pas activer Twitch Prime sur votre compte""",1364721,
816306,314389,Thu Oct 12 16:49:22 +0000 2017,@AmazonHelp I just sent a message,816305,816307.0
2102454,620867,Thu Oct 19 04:10:42 +0000 2017,@AmazonHelp Then give timeline of when it will be in stock or offer a full refund. Not tell the customer they have to wait until it isn’t delivered.,,2102453.0
1537461,476640,Tue Oct 17 02:00:09 +0000 2017,@AmazonHelp It shipped on Friday. So 3 business days in transit if Sunday does not count,1537463,1537460.0
158725,152488,Fri Nov 24 18:00:25 +0000 2017,@AmazonHelp Viernes 24 de noviembre. Y el pedido se hizo el día 21. Un Saludo.,158724,158726.0
1127313,385784,Tue Oct 24 09:40:57 +0000 2017,"@AmazonHelp It was sent on the 21st, But not showing any movement since its been picked up from the sent location.",1127311,1127314.0
757770,301084,Fri Oct 13 02:38:19 +0000 2017,@AmazonHelp See tell me what is the more options for me now.Will you guys refund my money or not.@115851 Never expected this from Amazon,"757771,757772",757769.0
1330752,116492,Wed Oct 18 11:31:18 +0000 2017,"@AmazonHelp Just says $3.99 for amazon digital services, but nothing was purchased on my account",1330751,1330753.0
2424666,696284,Tue Nov 14 17:55:42 +0000 2017,Thanks to the shit @115821 delivery driver who put my delivery behind the car wheel without even leaving a note to say it was there?? Or even knocking on the door to give us the parcel??? @AmazonHelp @123644 @115830,2424665,
2511554,697878,Wed Nov 15 23:04:41 +0000 2017,@AmazonHelp AMZL US driver stole my Xbox game.,2511552,2511557.0
1476425,148082,Mon Nov 06 12:40:12 +0000 2017,"@AmazonHelp No one is answering , what is the best email address please ?",1476426,1476424.0
1115367,118356,Tue Oct 24 03:36:04 +0000 2017,@AmazonHelp I always prefer amazon because you have a classic customer care..But now I think it ain't true...,1115369,1115365.0
1223147,407002,Thu Nov 02 11:34:23 +0000 2017,@AmazonHelp When customer doesn’t get prompt response then they are liable to do so anyways talk about the solutions!!!,1223145,1223148.0
2541784,722708,Thu Nov 16 18:28:43 +0000 2017,"@AmazonHelp (my father account no: 9423221031) I have returned the mobile to the same person who took mobile cover on 10th sept but the person is now refusing , mobile cover reached but amazon did not received mobile.I contacted ATS Kothrud but sharing false info.",2541786,2541783.0
851663,322306,Fri Oct 20 05:12:35 +0000 2017,@AmazonHelp Desde el día de ayer pedí que se me indicaran las instrucciones para liberar mi cuenta.,"851664,851662",851665.0
2697182,757888,Sun Nov 19 19:29:25 +0000 2017,@AmazonHelp Have messaged u,,2697181.0
430695,217252,Mon Oct 16 16:37:04 +0000 2017,@AmazonHelp Still no word from any of your team!!! Been nearly a week now! Was told 12 hours!?!? Gate lying on the floor with no security!!,,430693.0
1460553,237261,Thu Nov 02 21:28:36 +0000 2017,@AmazonHelp I was told I could trade in the Xbox 1S for insta credit and use that to buy the Xbox 1X and now I am being told that is not possible.,,1460552.0
637291,271109,Wed Nov 22 19:17:49 +0000 2017,@AmazonHelp Thats the first thing i did.... no response!!,637290,637292.0
1397293,444927,Sat Oct 28 15:07:36 +0000 2017,@AmazonHelp  ya keep playing with my money and my order ? What’s going on ?,1397291,
461218,224591,Fri Dec 01 02:09:00 +0000 2017,@AmazonHelp 返信ありがとうございます！検討してみます,461217,461219.0
1103561,380422,Sun Oct 15 13:24:07 +0000 2017,@AmazonHelp @AmazonHelp  basically you are only concerned with your commission from sale revenue and no concern with best prices Deal for customers....,1103563,1103560.0
1380613,229449,Mon Nov 06 21:17:09 +0000 2017,"@116928 @AmazonHelp enserio, que hago con vosotros, 5 paquetes en menos de 1 mes, con 3 empresas de mensajería diferentes, que hacemos? de quién es la culpa?",1380612,1380614.0
274097,181491,Thu Oct 12 16:18:11 +0000 2017,@AmazonHelp Did that!! Have been corresponding over mails for the last six weeks as well haven't we? No results!!,"274098,274099",274096.0
605143,263838,Wed Nov 22 11:38:42 +0000 2017,@AmazonHelp Circonstances aggravantes : j'ai écris au vendeur dès lundi matin pour éviter un passage inutile du livreur (il ne m'a jamais répondu) et TNT me certifie que le passage du livreur n'a jamais été prévu pour samedi mais pour lundi (mails de votre part à l'appui). Pénible non ?,605146,605142.0
1497237,467632,Fri Nov 03 12:55:14 +0000 2017,@AmazonHelp  https://t.co/VGlHzJEMiH,1497238,1497236.0
559818,247927,Sat Dec 02 22:30:57 +0000 2017,@AmazonHelp Oh I will thanks lol.,,559817.0
2766970,207485,Tue Nov 21 15:56:09 +0000 2017,@AmazonHelp or you could have said that you can't do anything regarding this.,2766971,2766969.0
2294227,666198,Thu Oct 19 20:34:48 +0000 2017,@AmazonHelp Danke mois,2294228,2294226.0
397297,210090,Fri Oct 27 13:09:52 +0000 2017,@AmazonHelp It's u r service. I have heard that in  Bhayandar it is happening frequently u r not trustable further,397296,397298.0
260379,177959,Thu Oct 05 21:03:46 +0000 2017,@AmazonHelp Alors oui j'ai regarder dans ma boite au lettre. Pour l'entourage j'ai un peu + de 50 voisins,260377,260381.0
1773979,533148,Wed Nov 08 03:17:04 +0000 2017,@AmazonHelp It was supposed to be delivered today by 8pm,1773977,1773980.0
916571,337610,Sat Oct 21 10:00:03 +0000 2017,"@AmazonHelp Yes, been in touch. Not in any safe places, app says it was handed to “Lunt”, which is not correct. Courier says it was delivered.",916573,916570.0
136221,146697,Fri Nov 24 10:53:38 +0000 2017,"@AmazonHelp sold by a seller, fulfilled by amazon",136223,136220.0
1442594,454723,Mon Oct 16 19:26:33 +0000 2017,"@AmazonHelp Das ist zwar wirklich schade, aber dennoch danke für die schnelle Hilfe. Schönen Abend noch.",1442595,1442593.0
1735189,523967,Tue Nov 07 15:19:58 +0000 2017,"@AmazonHelp No, but I’ll try that, thank you!",1735190,1735188.0
549482,247944,Sat Dec 02 21:33:37 +0000 2017,"@AmazonHelp For Tunein, response is: “I could not find”, for AnyPod “I have not heard of”, but I see it here: https://t.co/xTnsUifcJ5",549484,549481.0
2521800,708435,Tue Nov 21 21:12:05 +0000 2017,"@115821 @115830 @AmazonHelp Order number: 205-8970008-6516341 
WHERE IS MY REFUND???? 
I have been calling u and emailing you for weeks. Why have you not refunded me!? Explain.... #amazonshit",2521799,
1880181,561154,Wed Oct 18 10:49:47 +0000 2017,@AmazonHelp Had to reorder after deleting all the cards linked to my account and lost the 3rd row seats I had. Ended up in row I! It's a joke.,,1880179.0
497299,127186,Fri Dec 01 18:53:24 +0000 2017,"@AmazonHelp On mail , They already made a conclusion that they can't help.",,497298.0
1311348,426427,Sun Nov 05 12:32:34 +0000 2017,@AmazonHelp I may have no time to cook with all this reading..... I expect a Sunday Roast will call at some point... you guys are costing me a fortune!,1311350,1311347.0
1058840,369985,Mon Oct 23 12:34:04 +0000 2017,@AmazonHelp Hi I’ve noticed that you guys still keep taking payments from my account when I haven’t ordered anything can you help?,1058838,
1586171,487996,Sat Nov 04 17:44:06 +0000 2017,@AmazonHelp Du tout... Comment puis-je faire ?,1586170,1586172.0
829478,317543,Fri Oct 13 03:24:42 +0000 2017,Why hasn’t my pre ordered game shipped yet? It releases tomorrow and still has no tracking. @AmazonHelp,"829476,829479",
230654,170937,Thu Oct 05 09:11:11 +0000 2017,@AmazonHelp @115850 Tired of calling the customer care day and night and explaining the problem to every new CCE. No follow up from the Amozon's side.,,230652.0
533296,243545,Sat Dec 02 13:10:38 +0000 2017,@AmazonHelp @115851 @115830 @117634 LOOKS LIKE I AM STRANDED ONCE AGAIN...,,533295.0
2337553,227090,Fri Oct 20 07:08:22 +0000 2017,@AmazonHelp It needs to arrive sooner! I can’t wait a week!!!,2337554,2337552.0
1562008,482499,Sat Nov 04 09:51:36 +0000 2017,@AmazonHelp es una de mis películas favoritas :) y ya he hecho la reserva ;),1562010,1562007.0
916551,336911,Sun Oct 22 05:42:11 +0000 2017,@AmazonHelp anyways please don't hold my money for no fault and refund it asap.,,916550.0
522586,210301,Sat Dec 02 04:14:46 +0000 2017,@AmazonHelp I received my item extremely damaged and I’m not happy who can I contact about this?!? https://t.co/EfCk1HpZcr,522584,
345841,198306,Sun Oct 08 03:22:55 +0000 2017,@AmazonHelp Thanks @AmazonHelp! Keep being awesome!,345840,345842.0
837526,319320,Fri Oct 13 10:13:29 +0000 2017,@AmazonHelp Which form ?,837528,837525.0
197961,162537,Sun Oct 01 12:20:46 +0000 2017,"@AmazonHelp @115851 was told someone from mobile will give a visit, but no one care. Issue still not resolved. Please initiate return",197960,197962.0
2395765,689664,Tue Nov 14 12:19:07 +0000 2017,@AmazonHelp If I have to check with many other places then what is the purpose of this amazon help Twitter I’d? Pls delete this account if u r nt able to help consumers,,2395764.0
1390690,139380,Mon Oct 30 12:52:51 +0000 2017,"@AmazonHelp So no delivery on Saturday, Sunday or Monday. Very frustrating",1390691,1390688.0
427334,216557,Tue Oct 10 13:44:02 +0000 2017,@AmazonHelp What do u want me to do on that link?,427335,427332.0
1642028,501946,Mon Nov 06 00:12:13 +0000 2017,@AmazonHelp Need some clarity I am no longer able to leave reviews on items I have purchased and you've sent an email asking for a review https://t.co/xmINm4MWWL,"1642029,1642026",
1007043,358303,Sun Oct 22 18:29:47 +0000 2017,@AmazonHelp My PC,1007041,1007044.0
125288,144096,Fri Nov 24 02:23:55 +0000 2017,"@AmazonHelp Eu já falei com vocês sobre a HQ que veio com páginas rasgadas e sem plástico. Mas, como demorou quinze dias para chegar, e eu precisava para um trabalho,  não tinha como eu devolver. Ela chegou na quarta e a apresentação era na sexta. Atrasou meu trabalho e ainda veio rasurada.",125335,125287.0
1372766,439480,Sat Oct 28 00:08:47 +0000 2017,@439479 @AmazonHelp @125066 By the way not waiting until Wednesday I am canceling. Why do I pay for prime?,,1372734.0
1020156,145234,Sat Nov 25 17:19:10 +0000 2017,"Bonjour @AmazonHelp pourquoi la date de livraison est-elle si longue, pourquoi ma livraison a couté presque 15 livres sterling pour plus de 250€ d’achat ? https://t.co/RAYd6OQmoT",1020155,
825076,30873,Fri Oct 13 01:40:43 +0000 2017,@AmazonHelp @316502 Literally just happened to me too and I thought the exact same thing! @115821 is struggling post @118706 https://t.co/UPHUNt3Qhw,,825075.0
2685156,755169,Sun Nov 26 22:50:09 +0000 2017,"@AmazonHelp Packages are with the USPS.  There is nothing to sort out.  Last time Amazon said the Post Office would investigate, they did not. The boxes showed up a day or two later.  Same thing this time, saw the truck drive by.  Tomorrow or Tuesday as usual.  Calling is a waste of time.",,2685154.0
1775022,533429,Wed Nov 08 04:23:45 +0000 2017,@AmazonHelp @115821 why is your order alwys lte. Lst time s wel I tweeted only bcz of ur late dlry this time as well &amp; c how u tke feedback https://t.co/tVQKjQi1Qi,1775021,
531603,243148,Sat Dec 02 10:51:52 +0000 2017,@AmazonHelp Ya los lei todos pero voy a releerlos empezando por el primero 😚😚,531605,531602.0
37646,124171,Wed Nov 01 14:29:57 +0000 2017,@AmazonHelp  https://t.co/PtD6B4fn9Z,,37645.0
510237,237227,Fri Dec 01 22:51:28 +0000 2017,@AmazonHelp does asking for a replacement 100% guarantees I’ll get what I actually ordered?,510235,
2031105,499175,Thu Oct 19 00:25:05 +0000 2017,@AmazonHelp @115821 @74770 what’s the point? Keep wasting my time on more tickets while your poor service reigns supreme? Just do your job,2031106,2031104.0
2480611,521344,Sun Oct 29 21:49:50 +0000 2017,@AmazonHelp Great service but massive waste of packaging. Surely we can be more sustainable please? https://t.co/bV1dIh89ZZ,2480610,
971740,350524,Sun Oct 22 05:50:05 +0000 2017,@AmazonHelp Customer Support told me 2 reorder again making a payment of 34500 again otherwise will get item at increased price. Absolutely CHEATING.,"971741,971742,971743,971739",971744.0
1330231,430351,Sat Nov 11 09:45:33 +0000 2017,"@AmazonHelp A very unclear message about ‘different fulfilment centres’. If there is a problem, then I don’t have issue with that. But saying it will be delivered next day, then saying it will be 4 days later with no reason why, is really poor.",1330233,1330230.0
354648,200296,Tue Oct 31 01:43:51 +0000 2017,"@AmazonHelp It says we need to sign in, but won't accept our firestick sign in.",354646,354656.0
1664449,507255,Mon Nov 06 10:25:34 +0000 2017,"@AmazonHelp 7th November. Was suppose to be dispatched on Saturday, although everytime I check it seems to be pushed back.",1664451,1664448.0
71823,130691,Thu Nov 30 10:31:45 +0000 2017,@AmazonHelp Make sure it gets delivered today. It has been in my city since yesterday early morning. I’m sure it can be done unless you would rather chose to make a fool out of your customers,71825,71822.0
526162,241741,Sat Dec 02 07:15:29 +0000 2017,"@AmazonHelp Yes, it was suppose to be here today after I ordered on Tuesday.",526164,526161.0
2395780,158298,Tue Nov 14 12:38:55 +0000 2017,@AmazonHelp Already complaint.....but no one solve this issue and problem still persist as such,2395782,2395779.0
1398843,445296,Sat Oct 28 16:53:15 +0000 2017,@AmazonHelp #Amazon you screwed my weekend plans.,,1398841.0
1258562,414894,Tue Oct 31 04:16:26 +0000 2017,@AmazonHelp More than a month,,1258561.0
1282287,416806,Thu Oct 26 17:40:53 +0000 2017,@AmazonHelp nothing missing. just the box for the item is damaged. not worth the hassle of returning but annoying for sure as it's a gift.,1282290,1282286.0
239303,172859,Wed Oct 04 20:51:09 +0000 2017,"@AmazonHelp A mixture of 'sold by' and 'fulfilled by', it seems. Either way, I'm looking at 6 different deliveries to 6 different drop off points.",239301,239304.0
2309323,669797,Mon Nov 13 05:35:19 +0000 2017,"@AmazonHelp Filled, where's my order. I lost my phone on 08th, ordered one on 9th on amazon and 10th was guranteed delivery date, but today is 13th and still no answer from Amazon, Isnt it cool on part of amazon.",2309325,2309322.0
409659,212688,Mon Oct 09 23:27:12 +0000 2017,"@AmazonHelp Ups, on Trac, and usps already showed up.... but not Amazon delivery...",,409657.0
1135103,387417,Tue Oct 24 09:49:48 +0000 2017,@AmazonHelp I'm keeping my fingers crossed for a resolution instead of repeatedly failing assurances.,1135104,1135102.0
1035104,233041,Mon Oct 23 06:38:14 +0000 2017,@115850 @AmazonHelp hy contact m on my rmn 8825014717..now.fast,"1035103,1035105",
1252572,277548,Thu Oct 26 05:34:36 +0000 2017,"So, @115821 @115828 @AmazonHelp got my guide like this... box too big, no protection, no receipt and its no longer 'sealed' https://t.co/awbC20Z80z",1252570,
270628,180543,Sun Oct 01 00:26:06 +0000 2017,@AmazonHelp Así estoy esperando.... https://t.co/GEiA2H7Jwr,270627,270629.0
197922,162536,Wed Oct 04 19:34:21 +0000 2017,@AmazonHelp My order no 408-6448300-4339528 was cancelled it was available for Rs.300 NOw its Price is 4000rs why should I pay more?? I have Ordered for 300 and i have already paid then why should i pay 4000rs for same thing #FakeSale #Cheaters,197924,197921.0
641702,272297,Wed Nov 22 20:58:49 +0000 2017,@AmazonHelp I found an article online stating there were problems on the website. But wanted to confirm.,641703,641700.0
2663189,750520,Sun Nov 19 09:09:29 +0000 2017,@AmazonHelp 予定日が11日なのでだいぶ過ぎてます。おそらく出品者の発送ですので記載していただいたフォームに書いて送信しておきました、ありがとうございます,2663190,2663188.0
1326902,429594,Fri Oct 27 11:54:04 +0000 2017,@AmazonHelp  https://t.co/x0Svr6uN3s,,1326901.0
232335,158359,Thu Oct 05 11:07:01 +0000 2017,@AmazonHelp hoy tampoco ha llegado el pedido hay algun telefono con el que pueda contactar??,232333,
1800783,541086,Wed Oct 18 01:40:50 +0000 2017,"@AmazonHelp Somebody else is helping me, and they need a raise....best response ever and knew their business. I will be happy soon, thanks",,1800782.0
2704206,759507,Mon Nov 20 19:00:01 +0000 2017,@AmazonHelp My wife is still waiting on that phone call..,,2704205.0
439322,219329,Wed Oct 11 15:34:55 +0000 2017,@AmazonHelp Amazingly hopeless. well done guys. you managed to lose a fiercely loyal supporter of amazon over flipkart today.  @115850 @115851,,439319.0
483748,210804,Fri Dec 01 21:36:31 +0000 2017,@AmazonHelp Can they have their on separate amazon prime account too,483749,483747.0
963221,348583,Sat Oct 21 22:35:12 +0000 2017,@AmazonHelp kindle version 4.1.2 have WiFi but can’t download latest update.  Can’t shop.  can’t trans update laptop-kindle,963217,
2670793,324105,Tue Oct 31 09:46:41 +0000 2017,"@AmazonHelp Wé comme d'hab', peut-être qu'ils me le renverront une troisième fois et qu'il arrivera toujours pas ? On entame la 3e semaine de livraison.",2670795,2670792.0
592092,260122,Sun Dec 03 17:32:20 +0000 2017,@AmazonHelp I didn't pay $200 to get two of the same season I paid that for the whole collection wtf!😡 https://t.co/mzzr3TyOS8,592091,
714766,290982,Wed Oct 11 01:50:36 +0000 2017,@AmazonHelp Thank you,,714764.0
1537471,476642,Tue Oct 17 01:59:53 +0000 2017,"@AmazonHelp Yes 😩 three things supposed to be delivered today, all delayed",1537473,1537470.0
2322153,672897,Sat Nov 11 10:02:07 +0000 2017,"@AmazonHelp Hi, I have already replied to your email. Pls check and get back to me ASAP.",2322152,2322154.0
1135973,387620,Thu Oct 19 19:16:31 +0000 2017,@AmazonHelp oggi l'ultima comunicazione... stanno verificando!!! Il problema è con il dipartimento di verifica account non con il supporto venditori.,1135972,1135974.0
64067,130707,Thu Nov 30 08:12:44 +0000 2017,@AmazonHelp Right. I’ve been through this over and over again via chat and phone customer service agents. Nothing changes and I never have my actual issue solved; which is how Amazon handles problems. That support system isn’t designed to help beyond apologizing and issuing credits.,"64065,64068",64069.0
322299,192780,Sat Oct 07 13:05:40 +0000 2017,"Hi there @AmazonHelp 
I won a Gift card and I'm unable to add it in Amazon money! 
Please help",322297,
782465,306781,Thu Oct 12 07:23:26 +0000 2017,@AmazonHelp Should I log in AMD follow all these or can I DM you screenshots of SMS and the call?,"782467,782468",782464.0
426662,215662,Tue Oct 10 13:27:02 +0000 2017,@AmazonHelp I have reverted and again same mail received.,426664,426661.0
395313,169172,Sat Sep 16 17:55:41 +0000 2017,@AmazonHelp @115830 @115851 391st day requesting any kind of response,395314,395312.0
395002,169172,Wed Oct 19 22:48:32 +0000 2016,@AmazonHelp @115830 64th day requesting any kind of response,395003,395001.0
1749476,527293,Tue Nov 07 17:31:24 +0000 2017,"@AmazonHelp Yes! Ordered a case for my phone, supposedly delivered by today, mail just came and nope! Nowhere to be found",1749475,1749477.0
2597935,735533,Fri Nov 17 04:51:10 +0000 2017,"@AmazonHelp Chingón, Gracias.",2597934,2597936.0
2273219,270228,Sat Nov 11 13:19:50 +0000 2017,"@AmazonHelp Been delivered a bar stool, but it doesn't fit properly. I assume it's broken. The company does not have a phone number but is fulfilled by Amazon.",2273218,
2431080,697856,Tue Nov 14 21:13:36 +0000 2017,"@AmazonHelp oh my god, i cancelled the order a while back. i totally forgot.",2431081,2431077.0
2287075,489481,Sun Nov 12 02:44:05 +0000 2017,@AmazonHelp But EVERY usps package is late if it's even delivered at all. This same package was late last week too.,2287076,2287074.0
537535,244107,Sat Dec 02 13:55:35 +0000 2017,"So apparently @115821 @115830 @AmazonHelp think this is acceptable for children’s Xmas gifts!! Not only has it ruined the ‘santa’ magic, the delivery label is stuck onto the box!!! Never ever had an item arrive like this!!! https://t.co/gmTfyLKtUr",537533,
9955,117845,Wed Nov 22 11:43:32 +0000 2017,"@AmazonHelp amazon just doesn’t seem to get it together, poor customer service, warranty is a scam",9954,9956.0
472347,227489,Fri Dec 01 09:11:59 +0000 2017,"@AmazonHelp I normally buy a few bits on a Friday but its now saying delivery for Monday, so deleted the items in my basket &amp; will have to go to Tesco tomorrow instead. Its always been fine before &amp; this has happened the last couple of orders Ive tried as well .. :(",472346,472348.0
1953364,579936,Thu Nov 16 16:06:16 +0000 2017,"@AmazonHelp beantwortet, also bin ich insgesamt sehr zufrieden! Vielen Dank und gerne weiter so! (2/2)",,1953362.0
980708,352529,Sat Oct 14 08:48:08 +0000 2017,@AmazonHelp I have sent you photographic Evidence of where it was left and you just asked me to look in my safe place for it?? 🤔,,980707.0
147283,149068,Sat Nov 25 12:26:27 +0000 2017,@AmazonHelp I did fill out the link. None called.,147284,147282.0
2144451,630482,Thu Nov 09 00:33:56 +0000 2017,@630481 @AmazonHelp What was the item Connor?,2144453,2144450.0
1493285,466768,Fri Nov 03 10:38:55 +0000 2017,@AmazonHelp Estimated delivery is today,,1493284.0
1245778,412253,Mon Oct 16 03:37:27 +0000 2017,"@AmazonHelp K, thanks",,1245777.0
1490794,466214,Fri Nov 03 09:34:38 +0000 2017,"@AmazonHelp Amazon Germany website says item can't be shipped to the Netherlands, but Amazon France can and Germany can ship similar items.",1490792,1490796.0
1372533,439431,Tue Oct 17 00:40:29 +0000 2017,"@AmazonHelp Oi, ainda não recebi o e-mail de confirmação",1372534,1372532.0
1380712,398720,Mon Nov 06 23:15:28 +0000 2017,@AmazonHelp why don’t you guys leave messages on voice mails? I just had a very important package canceled because I couldn’t take the call,1380711,
2238578,180465,Sun Nov 26 15:09:49 +0000 2017,Hey @AmazonHelp where do I go to cancel an order that was promised to be delivered yesterday and won't arrive before November 30?,2238577,
577728,255996,Sun Dec 03 10:04:52 +0000 2017,@115821 @AmazonHelp Ive been a prime member for years. Order DAILY. And I now can't get anything on time. Not one package. Most get lost and I end up having to go to Walmart to purchase things. You are about to lose a serious customer.,577726,
1181630,397888,Sun Oct 15 21:28:46 +0000 2017,"@AmazonHelp Here is the picture. I was smelling something really funny out of it. Again, sorry about my initial tweet. https://t.co/4gClrxm5UW",1181628,1181631.0
694360,285580,Tue Nov 14 13:49:26 +0000 2017,@AmazonHelp Could you please send the link again,694359,694361.0
1700066,515556,Mon Nov 06 22:42:07 +0000 2017,@AmazonHelp Shame your advisors just like to fob customers off!!,,1700064.0
555301,199270,Sat Dec 02 20:47:28 +0000 2017,"@AmazonHelp Well the first photo is what I ordered and the second one is what my friend received 👀

On-top of that another parcel which was expected to arrive today is now expected to arrive between today and Wednesday. https://t.co/uM4SlfxfDF",555300,
2714660,762067,Mon Nov 20 04:45:36 +0000 2017,@AmazonHelp I want to pick it up tonight,2714659,2714661.0
2613303,197665,Fri Nov 17 12:25:16 +0000 2017,@AmazonHelp the Submit on my direct deposit form isn't working. Can you offer any immediate solutions as my orientation tomorrow and I need to have all my documents signed and submitted before showing up.,2613301,
163556,153830,Fri Nov 24 20:11:56 +0000 2017,@AmazonHelp ok thank you for your replay. Hopefully i will fix this,163558,163555.0
2266887,659795,Fri Nov 10 20:20:50 +0000 2017,@AmazonHelp Encore une fois @120535 qui fait disparaitre mes colis J'en peut plus de c'est incompétent ! maintenant c'est partie pour 2 semaines d'attente !,2266885,
820624,315472,Thu Oct 12 22:30:48 +0000 2017,@AmazonHelp Muchas gracias por contestar tan deprisa! El telf de contacto (900 831 773) es solo para llamar desde España? (vivo en USA),820626,820623.0
264779,179073,Mon Oct 09 16:10:47 +0000 2017,@AmazonHelp Wht details u want?,264778,264780.0
2508836,715245,Mon Oct 30 04:43:43 +0000 2017,@AmazonHelp Not yet. I’ll definitely let you guys know if you do.,,2508835.0
1246379,412412,Thu Oct 26 01:20:13 +0000 2017,@AmazonHelp AMZL US,1246380,1246378.0
1757994,529272,Tue Nov 07 20:00:46 +0000 2017,"@AmazonHelp @115850 you have my order I'd, you should reach out to me with solution rather than diverting me to different option.",1757996,1757993.0
235692,172139,Thu Oct 05 15:21:57 +0000 2017,@AmazonHelp My no is 9928876710 in your account,,235690.0
175341,157179,Sat Nov 25 00:13:15 +0000 2017,@AmazonHelp Merci,,175340.0
2179085,356999,Fri Oct 20 08:18:41 +0000 2017,@AmazonHelp Resolution? Which is what? There is only harassment from your end. Pls spell out how you Resolved??,,2179084.0
358801,200977,Sun Oct 08 16:23:58 +0000 2017,"@AmazonHelp 2/2:  there is no safe place I live in a flat hence why I was in waiting all day, I have my neighbour as a just in case",,358799.0
656061,276073,Wed Nov 22 22:42:52 +0000 2017,"@AmazonHelp I asked to speak to a manager and it feels like I'm being actively discouraged from talking to one.

This is pretty horrible.",656059,656062.0
1773277,532957,Wed Nov 08 02:37:19 +0000 2017,@AmazonHelp Thanks. Must have been a temporary outage. Everything came back on its own.,,1773276.0
149300,150013,Fri Nov 24 14:34:58 +0000 2017,@AmazonHelp what the hell wrong with your team ?? Just recieved a mail that order failed to deliver due to unavailability of customer. But in real no one even contacted me. They are lying😠😠😠😡😡. @115850,149298,
931368,340945,Sat Oct 21 11:48:18 +0000 2017,@AmazonHelp Wow. Toll. Dann sagt mir wenigstens wohin ich überweisen soll oder ob man es nochmal abbucht in den nächsten Tagen.,931367,931369.0
1800798,541088,Wed Oct 18 01:27:07 +0000 2017,@AmazonHelp  https://t.co/vHERBFLArm,,1800797.0
2482107,709180,Sun Oct 29 22:43:19 +0000 2017,"Alexa is trash, I ask for blues brothers sound track and get the phosphorescent blues by the punch brothers. @AmazonHelp @115821",2482105,
693854,285437,Thu Nov 23 15:12:09 +0000 2017,@AmazonHelp Thanks a lot Amazon😍😍😘,,693853.0
1417305,338819,Thu Nov 02 03:44:33 +0000 2017,@AmazonHelp Order has already been placed for the 3rd time.   Even with upgraded shipping it will take a week to arrive. 😠,,1417304.0
890550,331442,Fri Oct 20 23:30:12 +0000 2017,@AmazonHelp ordered a CD. Said delivered. It wasn’t. Home all day. AMZL delivery is horrid. An unacceptable percentage of bad deliveries.,890549,
390781,208523,Mon Oct 09 15:18:19 +0000 2017,@AmazonHelp it was a birthday gift. Even now you don't have a sure delivery date. Why ? https://t.co/yHFKNULxVX,390780,
49983,127186,Tue Oct 31 02:15:40 +0000 2017,@AmazonHelp Nice #escape after 1 month u people saying d attached letter is not valid. Spoke with brand Mi call center also.,"49984,49982",49985.0
1894033,564618,Thu Nov 30 06:03:15 +0000 2017,"@AmazonHelp Alles klar, danke für die Hilfe!",1894034,1894032.0
2763522,348402,Tue Nov 21 07:55:55 +0000 2017,@AmazonHelp can I sent the receipt of my purchase via dm?!,2763515,
957919,347294,Sat Oct 14 02:56:57 +0000 2017,"@AmazonHelp Yes, it's 7.18.01. The UI has been completely changed on the Android app. There are tons of 1star reviews in the Play Store.",,957918.0
1290670,421820,Tue Oct 17 18:18:49 +0000 2017,@AmazonHelp Desde la app? Porque efectivamente esto quiero reportarlo,1290671,1290668.0
788687,308072,Thu Oct 12 11:03:50 +0000 2017,"@AmazonHelp Na, dann werde ich wohl mal wieder ein Ticket dafür bei euch eröffnen. Es wird nur langsam aber sicher ein wenig nervig.",,788686.0
1398909,431099,Mon Oct 30 05:18:20 +0000 2017,@AmazonHelp Still waiting,1398910,1398908.0
1763137,456892,Tue Nov 07 20:52:49 +0000 2017,@115821 114-3033036-6964228 order was delivered like this. Box dropping and noticeable wet. #fail #horribledelivery @AmazonHelp https://t.co/pQN7m1EAaY,1763135,
1115275,383173,Sun Oct 15 10:38:32 +0000 2017,"@AmazonHelp - Order No 407-6706063-7981118. God know when will you guys delivery. Terrible Service, no one knows the status.","1115274,1115276",
1746961,526662,Tue Nov 07 15:42:00 +0000 2017,@AmazonHelp I have. It updated to tomorrow. Unfortunately I took the day off work today to enjoy it. 😉,,1746960.0
828308,215706,Fri Oct 13 04:26:56 +0000 2017,@AmazonHelp I have already given all the info as asked by link sent by Akshya. Ask your courier to collect your return package from my house.,,828306.0
739063,296759,Wed Oct 11 13:06:29 +0000 2017,@AmazonHelp Thanks for the reply! I tried it on .nl .de and .com. Got the one on .com ;-),,739062.0
863939,325164,Sat Oct 21 09:33:09 +0000 2017,"@AmazonHelp It has arrived this morning by Royal Mail
Thank you !",863942,863938.0
798797,310418,Thu Oct 12 15:21:24 +0000 2017,@AmazonHelp  https://t.co/kEJuGhFB0B,,798794.0
1331092,430542,Fri Oct 27 14:04:44 +0000 2017,@AmazonHelp merci !,1331093,1331091.0
2132804,627576,Wed Nov 08 20:20:16 +0000 2017,"@AmazonHelp Hi, I've received an email stating that my parcel has been 'handed to a resident' but a card has been posted through my door stating it's in my front porch. Oh and I don't have a front porch - please tell me where it is! I'm not happy! https://t.co/OMoatcIKVn",2132803,
234201,171760,Sat Sep 30 18:07:06 +0000 2017,@AmazonHelp You guys should be ashamed of yourselves for fooling people like this. Not gonna renew the prime membership or order anything ever again,234200,234202.0
109821,140385,Thu Nov 23 21:56:44 +0000 2017,"@AmazonHelp Artbook commandé depuis plusieurs mois, la date est passé, et j'ai eu le droit à 'en attente d'approvisionnement'.",109823,109820.0
2580511,315349,Thu Nov 16 21:52:12 +0000 2017,"Hey @AmazonHelp in the last two weeks, 4 of my 6 prime shipping orders have had shipping delays by @115817 . May want to look into service levels...especially ahead of the holidays.  Diminishes value of Amazon Prime!",2580510,
989775,354467,Sat Nov 25 11:18:00 +0000 2017,@AmazonHelp yes but it doesn't give me the option to be sent what I originally ordered,989776,989774.0
1362492,437244,Fri Oct 27 20:35:57 +0000 2017,@AmazonHelp Their website is horrible and doesn't work. When you call you don't get an answer. The tracking info on their website can't give info. I was sitting next to the door when the notification went off for attempted delivery and had a nice laugh. I'm done. I love Amazon but not this.,1362494,1362491.0
1664058,119350,Tue Nov 07 09:45:22 +0000 2017,@AmazonHelp .@115850 @AmazonHelp ?????????????????????????????????????????????????????????????????????,1664059,1664056.0
816144,121745,Thu Oct 12 20:29:20 +0000 2017,@AmazonHelp what's the best email to report spam to?,816142,
1380938,441433,Sat Oct 28 05:40:11 +0000 2017,"@AmazonHelp Thanks. when I ordered today I chose 1day shipping but order defaulted to 2day. When I asked to fix, CS acted like I was lying.","1380935,1380946,1380947,1380948,1380949",1380950.0
794529,309439,Thu Oct 12 13:55:03 +0000 2017,@AmazonHelp obwohl das Erscheinungsdatum der 13. ist. Wo ist der Sinn?,794527,794531.0
1553249,344052,Sat Nov 04 17:17:06 +0000 2017,"@AmazonHelp the 3rd, it is showing now as the 9th...",1553251,1553248.0
2130878,627162,Wed Nov 08 19:52:51 +0000 2017,"@AmazonHelp my recent order has been put on hold, and my account locked. The email says to log into my account but it's locked. So how might one do what you've asked? https://t.co/kC0EsFY9Y9",2130876,
2584160,732298,Fri Nov 17 00:00:16 +0000 2017,@AmazonHelp Yes. I called in about a delivery that was made. Just wasn't made to my house. I was told they have until 4pm to deliver it so I needed to wait After that time passes and no delivery they would call me back Not understanding cause it's marked delivered already,2584158,2584177.0
2292158,665671,Sun Nov 26 16:10:36 +0000 2017,"@AmazonHelp All 3 parcels are out of delivery. I only noticed because my account said 1 had been delivered but no post had arrived today. This is the second time this has happened to me, despite having made sure to delete my old address when I moved.",2292160,2292157.0
206033,164789,Mon Nov 06 16:26:50 +0000 2017,"@AmazonHelp C'est pas ""gratuit"" si c'est contre une souscription (non mentionnée dans vos ""4 conditions""). En tant que client, on trouve ça louche.",206034,206032.0
2240648,653281,Mon Nov 27 15:38:57 +0000 2017,"@AmazonHelp Still waiting for a reply from you.... ( No rush.  I've waited over a year to receive my item and you are still delaying  So, I'm fairly patient. )",,2240647.0
171718,156099,Fri Nov 24 22:35:20 +0000 2017,"@AmazonHelp I did that last time,  no one contacted me, but I'll send the info again.   Considering cancelling my Prime service since I can't get deliveries.  @115821 @115851",171719,171717.0
1331883,280821,Sat Oct 28 02:16:37 +0000 2017,@AmazonHelp @379494 @120543 my item under track ID ED296751402IN not reached since more than one month item purchased from Amazon.in sitd,"1331887,1331888,1331889",1331881.0
297897,186968,Fri Oct 06 19:30:49 +0000 2017,@AmazonHelp Check DM,297899,297896.0
2706727,760150,Sun Nov 19 23:37:10 +0000 2017,@AmazonHelp I ordered a camera that was said to be delivered yesterday and it's still not here! 😭☹️😢,2706725,2706729.0
2139814,629298,Wed Nov 08 22:13:53 +0000 2017,"@AmazonHelp Since the deliveryperson was a ninja who disappeared without a trace, I've no idea. It was a one-day Prime though, so... your people?

I let an Amazon CSR know and they're passing it along, but this photo is TOO RICH not to share.

30% chance of rain today.",,2139813.0
2417888,694799,Tue Nov 14 18:07:15 +0000 2017,@AmazonHelp So I got delivered a parcel today - was left in PLAIN view of my front door. Care to explain why? What if it had been stolen?,2417886,
2378922,681814,Tue Nov 14 22:39:47 +0000 2017,@AmazonHelp It has been resolved. Amazon customer service has been great dealing with this. I appreciate it.,,2378920.0
1206833,376220,Wed Oct 25 10:17:02 +0000 2017,@AmazonHelp there are a lot of gift cards which have been locked out.  How would you help? https://t.co/7BhG7Gvucp,1206834,1206831.0
2671620,752277,Tue Oct 31 17:46:00 +0000 2017,@AmazonHelp It was filed Friday October 27th,2671621,2671619.0
537491,157042,Sun Dec 03 03:55:08 +0000 2017,@AmazonHelp Rep,,537489.0
2516985,312323,Wed Nov 15 23:48:23 +0000 2017,@AmazonHelp It is saying it was expected yesterday,2516983,2516989.0
1530920,474948,Tue Oct 17 01:57:44 +0000 2017,@AmazonHelp No get button to click for download,,1530919.0
2303927,668499,Sun Nov 12 19:50:07 +0000 2017,@AmazonHelp I dm’d you,,2303926.0
1336194,219482,Fri Oct 27 17:46:02 +0000 2017,@AmazonHelp From last 17 days your team is working but no one have solve it. Your team said they will be in contact but no one is contact. @AmazonHelp,1336195,1336192.0
304546,188723,Sat Nov 04 15:56:25 +0000 2017,@AmazonHelp @115821 https://t.co/RzhGVAS8QY,304547,304544.0
65708,131036,Wed Nov 29 12:19:37 +0000 2017,@AmazonHelp @131037 Second time waiting to hear back while investigating the courier. Please do call us back this time. Had to phone up loads to get the first non delivery sorted.,65707,65709.0
701369,287427,Thu Nov 23 17:57:35 +0000 2017,@AmazonHelp It’s a US dollar account so must come from the United States. Is there a way to chat now or is everything closed,701370,701368.0
633589,270182,Wed Nov 22 17:14:52 +0000 2017,"@AmazonHelp Gracias Amazon, @122342 dice Amazon que es cosa de ustedes la retención de mi dinero. ¿Me ayudan?",633592,633588.0
122804,143401,Fri Nov 24 00:39:49 +0000 2017,@AmazonHelp https://t.co/cAsX7Mg98p.       need union,,122801.0
1046565,199798,Sat Oct 14 19:43:48 +0000 2017,@AmazonHelp My fund,,1046564.0
1140904,388553,Tue Oct 24 15:17:10 +0000 2017,"@AmazonHelp Now that I know it has been delivered, it's not an issue.",1140903,1140905.0
2405126,542741,Tue Nov 14 15:07:18 +0000 2017,"@AmazonHelp @115817 Instead of @115817 telling me what I “need to do...”, they should deliver the package as per the reschedule order - yesterday, Monday, 11/13. But, no. They couldn’t find it this morning and I had to be patronized and chastised by a UPS agent.",,2405119.0
2586288,732836,Fri Nov 17 01:07:32 +0000 2017,"how was a package out for delivery today but now it’s in White Plains, NY ?this shit makes no sense 
@AmazonHelp",2586287,
332007,195057,Sat Oct 07 18:24:58 +0000 2017,@AmazonHelp hi...some thing are coming damage...so pls see that..,332006,
1085986,376169,Mon Oct 23 18:35:46 +0000 2017,@AmazonHelp yeah im talking to you on the wifi in the same room as the firestick and have full bars but the firestick cant pick it up?,1085988,1085985.0
308535,189675,Sat Oct 07 01:32:36 +0000 2017,@AmazonHelp What the hell u are doing ? Ur people and CC are just cheap.after providing all the details ur CC is saying that the info is contradicated.,308537,308534.0
180138,158389,Wed Oct 04 06:48:39 +0000 2017,@115850 @1840 @AmazonHelp,180137,180139.0
1079372,374607,Sun Oct 15 12:41:00 +0000 2017,@AmazonHelp Is there anytime limit? Or accountability from your side?,"1079373,1079374",1079370.0
2282536,663416,Sat Nov 11 21:34:38 +0000 2017,"@AmazonHelp I can't remove or uninstall default  apps, and the amazon app is one.",2282538,2282535.0
2647221,442775,Fri Nov 17 20:03:04 +0000 2017,@AmazonHelp Spoke to Live Chat about my daughter's Kindle that has overheated and stopped working. Promised an email. Nothing. Contacted again. Same promise. Nothing. Really disappointed as always been top class!!,2647219,2647223.0
2102196,620818,Thu Oct 19 03:50:57 +0000 2017,@AmazonHelp @115850: U won d heart once again. Just got an early delivery before the requested time. U nailed it. U are Super !! Happy Diwali Amazon.,2102198,2102195.0
1379287,441113,Mon Oct 16 15:08:41 +0000 2017,@AmazonHelp Hi how do I complain about not receiving a refund from FBA? I have complained online + to head office and not received a reply.,1379285,
382591,142281,Mon Oct 09 10:44:33 +0000 2017,@AmazonHelp That's the last email off them and i did get charged https://t.co/i4txzPbxas,382593,382590.0
885623,330290,Fri Oct 13 17:33:25 +0000 2017,"@AmazonHelp Yes missed, I thought prime was next day but I waited until today but still nothing",885625,885622.0
2287559,664629,Sun Nov 12 12:14:29 +0000 2017,@115830 @AmazonHelp,2287557,2287561.0
2460226,704501,Sun Nov 26 19:16:17 +0000 2017,@AmazonHelp Thank you! Contact information has been sent.,,2460225.0
1601843,491711,Sun Nov 05 05:56:37 +0000 2017,@AmazonHelp I have already reported this.,"1601844,1601845",1601842.0
320827,192437,Sat Oct 07 12:59:03 +0000 2017,@AmazonHelp We contacted 4 times and no resolve - hence the social media post!,,320826.0
784365,307194,Thu Oct 12 08:23:12 +0000 2017,@AmazonHelp Y shud I report this ... #Cloudtail is ur sister concern Nd u r doing fraud .. Nd u know this Nd ur top management too but all r doing cheat,,784364.0
1423032,450691,Thu Nov 02 14:34:42 +0000 2017,@AmazonHelp Why can't Amazon logistics get it's crap together? #fail,,1423029.0
2292027,665648,Sun Nov 12 13:04:02 +0000 2017,@AmazonHelp Une filiation indésirable. Par kdp ça passe.,2292029,2292026.0
2347705,200877,Mon Nov 13 16:54:43 +0000 2017,"@AmazonHelp Lightning Deal for L-Arginine won’t add to cart! Have tried different browsers, still will not ‘Add to Cart’. Help!",2347704,
780831,306427,Thu Oct 12 16:28:39 +0000 2017,@AmazonHelp @190653 A matram Teliyanapud enduk voy @116618,,780830.0
2216878,381569,Thu Nov 09 19:58:14 +0000 2017,@AmazonHelp Was eligible for a cashback under SbI cashback offer back in August. Didn't receive yet,2216877,2216879.0
1146597,162923,Sun Oct 15 16:32:21 +0000 2017,"@AmazonHelp I haven’t received any feedback, the status just says waiting to receive item back.",1146596,1145038.0
2470925,135806,Wed Nov 15 14:10:10 +0000 2017,"@AmazonHelp @706735
 Hola! Contestamos todas tus consultas desde @137605.

 Un saludo",,2470922.0
2664949,750872,Tue Oct 31 16:14:28 +0000 2017,@AmazonHelp Already did but still there's no reply from their end.,2664950,2664948.0
1130566,386441,Tue Oct 24 11:48:37 +0000 2017,@AmazonHelp はい！,,1130565.0
525647,241603,Wed Nov 29 05:13:50 +0000 2017,@AmazonHelp 4) https://t.co/zzhlmztZEX,,525640.0
938006,342343,Sat Oct 21 18:37:02 +0000 2017,@AmazonHelp  I have one day delivery 1 out of my 2 items came today 1 at 9AM. It is now 19:36 so will I get the other one today?,"938003,938012",
919435,338252,Sat Oct 21 18:05:50 +0000 2017,@AmazonHelp Finally i get a response frm ur team that ur concern is handled by executive team n they r best. Whn ur E team said thy dnt 1/2 @115851,919441,919433.0
1723451,520360,Tue Nov 07 09:06:20 +0000 2017,@AmazonHelp Ok ok ... possibilité de DM ?,1723453,1723450.0
1387091,442763,Mon Nov 20 07:09:41 +0000 2017,@AmazonHelp I have contacted you guys since tweeting thanks. Not sure when / if the parcel will be delivered still but hopefully it will show.,1387089,1387093.0
522492,240692,Sat Dec 02 04:28:20 +0000 2017,@AmazonHelp わかりました。ありがとうございます。,522494,522491.0
601312,262650,Sun Dec 03 21:31:21 +0000 2017,@AmazonHelp Dommage,,601311.0
982521,352957,Sat Oct 14 12:08:49 +0000 2017,@AmazonHelp The title is - Lakhon Mein ek. Season 1 Episode 2.,982523,982520.0
105158,139224,Tue Nov 28 20:17:38 +0000 2017,@AmazonHelp Yesterday I was promised delivery today. The person tried to phone today but I was teaching. When I phoned I apparently wasn’t able to be transferred to him or speak to a manager. Amazon you promise much and deliver little. It’s becoming more frequent.,"105155,105159",105160.0
1262344,187925,Tue Oct 17 07:59:24 +0000 2017,"@AmazonHelp Guckt ihr euch die engl. Titel selbst an und korrigiert sie - oder soll man euch dabei ""helfen""? 😉",1262343,1262345.0
1578735,341688,Sun Oct 29 16:31:00 +0000 2017,"@AmazonHelp My package, but not my front door. Can't your delivery ppl read english?!? Where's my shit at!!!! https://t.co/ptJGQLIfw2",,1578733.0
1186506,399000,Tue Oct 24 23:32:14 +0000 2017,@AmazonHelp Why are all items with 2 business day prime shipping showing as delivery on 10/31 if ordered today? That’s 5 business days.,"1186504,1186516",
622421,232746,Wed Nov 22 17:41:35 +0000 2017,"@AmazonHelp Hi, spoke to CS they said I have to return it myself usin ArrowXL. However, the phone number they gave doesn’t work. This doesn’t seem like an easy process for an item which is suppose to have ‘easy returns’",622420,622422.0
230621,170933,Thu Oct 05 10:05:04 +0000 2017,@AmazonHelp I ordered cup set received it broken returned it but again after few days received the same returned order more broken and no refund,"230623,230624",230620.0
943522,343707,Mon Oct 23 19:46:51 +0000 2017,@AmazonHelp How many days do I have to get it shipped? I have it all together. Can ups pick it up at my home? I don’t drive,943525,943519.0
141116,147824,Fri Nov 24 11:34:21 +0000 2017,Guys can i get a response. @115850  @AmazonHelp it more than 24 hrs. yet waiting for your mail.,141114,
392189,208867,Mon Oct 09 16:45:16 +0000 2017,"@AmazonHelp I was told I'd receive an email in 24-72 hrs. I said that was unacceptable, wanted to talk to a supervisor. Supervisors = rude &amp; hung up x2.",392191,392188.0
810768,313184,Thu Oct 12 19:34:32 +0000 2017,@AmazonHelp I think the buyer has cancelled the order now due to all the upset. Feel badly let down by you and @127161,,810767.0
1648104,503488,Tue Oct 17 15:18:08 +0000 2017,"@AmazonHelp Please let me know if i m getting my order today. or else i can leave from my office. 
#BadService #pathetic",,1648100.0
2526919,442366,Thu Nov 16 08:11:24 +0000 2017,"@AmazonHelp I know order will be delivered, I am asking can fast track the shipment as it is very near by..",2526920,2526918.0
2644547,746166,Tue Oct 31 08:58:38 +0000 2017,"@AmazonHelp No, ultimately i have cancelled my order.
order ID 402-4604976-0247539.
kindly enquire further regarding the same.
as well as educated your courier service people how to talk customers.
AmzAgent contact number i received 9210352394","2644549,2644550,2644551",2644546.0
191560,161026,Mon Oct 09 14:54:22 +0000 2017,"@AmazonHelp Both batteries arrived and our @9203 Roomba is back up and running! Like new, even! Now I just have to return the extra battery.",,191558.0
1262601,412296,Thu Oct 26 11:16:54 +0000 2017,@AmazonHelp I’ve even checked computer parts and all. I’ve order probably over 100 things where I’ve ordered one day and needed things,,1262598.0
352100,199742,Sun Oct 08 19:27:24 +0000 2017,@AmazonHelp is any one looking into. my complnt,,352095.0
144087,148578,Fri Nov 24 18:23:26 +0000 2017,"@AmazonHelp I have fill up the details in form and submitted , kindly help in getting my product deliver to my address",144088,144086.0
677610,146154,Thu Nov 23 07:49:39 +0000 2017,@AmazonHelp If i place the fresh order im being charged extra for delivery by today,677611,133807.0
1676488,509985,Tue Oct 17 16:26:34 +0000 2017,@AmazonHelp Platform = Nintendo switch. It is on that page yes. i ordered standard version which amazon.uk have listed as 'pre-order' currently,"1676489,1676490",1676487.0
1665990,507564,Tue Oct 17 16:18:31 +0000 2017,"@AmazonHelp Thank you! I'm more than happy to assist. Usually some bad delivery drivers hurting customer experience. Regular delivery ratings, maybe?",,1665989.0
353222,199976,Sun Oct 08 13:44:05 +0000 2017,"@AmazonHelp Non, je ne l'ai pas fait car la seule chose que je puisse faire c'est retourner le colis",353224,353221.0
2416596,300090,Sun Oct 29 10:28:52 +0000 2017,"@AmazonHelp De nada! 
Agora eu vou terminar o meu livro ali e já volto! 
Beijinhos! https://t.co/xAp6f0kzGt",2416598,2416595.0
428317,216871,Tue Oct 10 13:39:34 +0000 2017,@AmazonHelp __email__,,428316.0
1723424,521343,Tue Nov 07 09:24:58 +0000 2017,@AmazonHelp nope :( just that i'll get an email when its dispatched with a new deliver date. I understand these things happen but it still sucks :(,1723426,1723423.0
1314571,371609,Fri Oct 27 08:44:23 +0000 2017,"@AmazonHelp I'm not sure your complaints staff really understood the point i was making, no amazon box, daughter saw xmas present, surprise ruined.","1314572,1314573",1314569.0
2596389,735148,Fri Nov 17 04:43:37 +0000 2017,@AmazonHelp Done twice,2596392,2596387.0
546401,247053,Sat Dec 02 17:45:12 +0000 2017,@AmazonHelp It was supposed to be delivered yesterday. I spoke to a rep about this as they rescheduled without telling me and he assured me it would be delivered this AM but it was not and I have no updates on it (not scanned back into the warehouse yesterday),546402,546400.0
608170,264550,Wed Nov 22 11:44:55 +0000 2017,@AmazonHelp @115850 @115851 thanks #amazon for breaking your promise @115821 u have just canned the order n I am still waiting for the supervisor call which was promised at 1130am https://t.co/HawTuYykSs,608168,608172.0
1582019,468220,Sat Nov 04 20:28:35 +0000 2017,"@AmazonHelp Este rollo ya me lo sé, pero estoy harta. Vosotros no sufrís los problemas yo SÍ, y pago y soy el cliente.",,1582015.0
1417333,449426,Thu Nov 02 03:26:04 +0000 2017,@AmazonHelp Amazon UK I have experienced the worst customer support ever ..,1417331,
531527,242928,Sat Dec 02 10:47:25 +0000 2017,@AmazonHelp J'aimerais comprendre c'est quoi ce bordel @AmazonHelp et @120535 @120534 https://t.co/PEo63RJY1T,531670,531526.0
2769809,774362,Tue Nov 21 12:18:36 +0000 2017,"@AmazonHelp on amazon video i keep getting the error message ""We're experiencing a problem playing this video. For assistance, please go to https://t.co/KKN571aIfT"" what should i do?",2769808,
2292135,518818,Mon Nov 27 04:06:37 +0000 2017,"@AmazonHelp Super good, haha! Thanks guys. 👌🏻",,2292134.0
677653,281655,Thu Nov 23 07:52:16 +0000 2017,@AmazonHelp i have shared  details. trust i need refund. thanks,677654,677652.0
2219991,648450,Fri Nov 10 13:11:22 +0000 2017,@AmazonHelp Placed a large order from a foreign country in the early hours of Thursday morning which has caused a security alert. From then on nobody has been able to give me a straight answer regarding the status of my order. Been told different things by everyone I speak too.,2219990,2219992.0
1810934,544081,Wed Oct 18 04:33:59 +0000 2017,"@AmazonHelp No, con ninguno. Apenas me di cuenta que ya no podía rastrearlo, todavía ayer no tenía problema",1810935,1810933.0
402553,211233,Mon Oct 09 20:21:06 +0000 2017,@AmazonHelp How do I pay for TwitchPrime Free subscriptions?,402552,
1147874,390141,Tue Oct 24 14:11:31 +0000 2017,@AmazonHelp is this real? Logged into my account and it says I’m not a prime member which would be right? https://t.co/I3kmoNx1v6,1147873,
1570257,121473,Sat Nov 04 17:07:16 +0000 2017,@AmazonHelp Delivered since yesterday with no issue. I’ve been told by customer service to “wait until Monday.” Why?,1570252,1570260.0
1883301,562020,Wed Oct 18 11:13:13 +0000 2017,"@AmazonHelp No, no tengo ningún dato de contacto.",1883303,1883300.0
838310,319498,Fri Oct 13 10:13:06 +0000 2017,@AmazonHelp why can’t Alexa string commands or stack them in a macro under a single phrase trigger? Should be a pretty standard feature.,838309,
787173,307770,Fri Oct 13 09:21:49 +0000 2017,@AmazonHelp First give a concrete resolution then give u advice on what to post. Like i said pl DM so we can chat n sort this out,"787174,787175",787170.0
924500,174137,Fri Oct 13 18:25:48 +0000 2017,.@AmazonHelp : @120535 a encore merdé dans la livraison. Le suivi indique que CP m’a contacté. FAUX ! Où est mon colis bordel ?! 😡😤,924498,
970138,350222,Sun Oct 15 05:31:37 +0000 2017,@AmazonHelp I am cancelling the order. It's too much! Have received no response. Congratulations u have lost a customer!,970140,970137.0
2346274,678408,Mon Nov 13 16:13:21 +0000 2017,"@AmazonHelp Thanks for the tips, however (1) it's your carrier (Amazon Logistics) (2) It's listed as handed to RESIDENT, but no resident has received it :-(",2346271,2346279.0
513492,238175,Sat Dec 02 00:06:43 +0000 2017,"@AmazonHelp @115821 @115851 3 packages late within a week, all shipped AMZL.",513491,
2300777,667759,Sun Nov 12 17:25:37 +0000 2017,@AmazonHelp Yeah I was supposed to get two things today but I only got one package,2300774,2300781.0
1512019,470939,Fri Nov 03 18:05:44 +0000 2017,@AmazonHelp What if I made my order from UK?,1512020,1512018.0
606113,264050,Wed Nov 22 11:06:30 +0000 2017,@AmazonHelp Amazon site is saying it will arrive on Friday. UPS on the other hand has it as a rescheduled delivery for Monday.,606112,606114.0
2396309,689759,Sun Nov 26 18:30:43 +0000 2017,@115850 @115821 @AmazonHelp @115850 @115821 #fraud #Thief is this is normal behaviour of yours with Prime Account holder.,2443899,2396306.0
294855,186219,Fri Oct 06 17:52:44 +0000 2017,"@AmazonHelp Sorry but ur reply is no help at all

The email just said it was delivered to number ""xx"" but didn't confirm which road!",,294854.0
1965646,579939,Wed Oct 18 17:25:02 +0000 2017,@AmazonHelp In consegna oggi,1965643,1965651.0
2403942,691509,Tue Nov 14 15:11:47 +0000 2017,@AmazonHelp Mmmm Hmmm,,2403941.0
442960,219984,Wed Nov 22 08:27:47 +0000 2017,"@AmazonHelp Hi, I really need my #AmazonPrime order, but the locker was full yesterday when they tried to deliver. Now saying it might be as late as Friday 😦 Can I change to home delivery?! Pls reply, thx.",442959,
2597920,735531,Sun Nov 19 07:44:03 +0000 2017,@AmazonHelp The help I received from amazonhelp didnt resolved my problem. Not at all satisfied by @115821 . No futher purchase will be done from now onwards!!,2597921,2597919.0
206806,164975,Tue Oct 03 16:54:58 +0000 2017,"@AmazonHelp Par exemple des jeux steam tels que Brawlhalla ou le jeu d horreur ""Spooky's nightmare"" ou encore tel que ""Pubg"" ?",206805,206807.0
2705757,759905,Mon Nov 20 06:06:40 +0000 2017,"@AmazonHelp @759904 Se ve hiper mamona, no le hagan caso Amazon.",2705759,2705756.0
1877460,560428,Sun Oct 29 01:33:45 +0000 2017,"@AmazonHelp That it is in the city I'm in, just at the @115817 facility since 6 am??",1877462,1877459.0
2557137,270757,Thu Nov 16 17:58:22 +0000 2017,"@AmazonHelp Like fake products, you are also putting fake thing here. Openly here mention what mail have you send &amp; at what ID.  I have not received any mail whatsoever.  Last mail I received was on 3rd November for which I have already made my stand very clear.",2557139,2557136.0
2132841,626697,Wed Nov 08 20:37:04 +0000 2017,"@AmazonHelp @627584 My tracker has changed to that now, yet the order details page STILL states that it's still preparing for dispatch",,2132839.0
234180,171760,Thu Oct 05 14:44:24 +0000 2017,@AmazonHelp  https://t.co/dnOKKmv06q,,234175.0
707877,289227,Tue Oct 10 18:14:06 +0000 2017,@AmazonHelp @115821 @115850 Issue with delivery of product. Its been more than 4 days still product is not yet delivered.,707875,
1504113,469116,Mon Oct 16 23:21:51 +0000 2017,@AmazonHelp I used a Gift Card,,1504112.0
1910360,569106,Wed Nov 08 07:19:54 +0000 2017,@AmazonHelp The only problem with the order is the controller. Do I have to return the entire console and other hardware in order to get a controller replacement? seems a bit unnecessary especially as I've already gone through setting up the console and adjusted settings,1910362,1910359.0
2346171,678397,Mon Nov 13 19:08:39 +0000 2017,@AmazonHelp Thanks for letting me know about this algo,,2346170.0
2521782,718243,Sun Nov 26 20:29:11 +0000 2017,@AmazonHelp Well yes.... like I've said I've tried multiple browsers.... and my phone and computer....,2521784,2521781.0
1589694,488798,Tue Oct 17 08:18:18 +0000 2017,@AmazonHelp The app,1589696,1589693.0
872668,327177,Fri Oct 20 22:01:40 +0000 2017,"@AmazonHelp Delivery date was 20th, and no explanation at all!!",872669,872667.0
238885,172815,Wed Oct 04 10:12:11 +0000 2017,@AmazonHelp We have submitted all details in the above mentioned link.,,238884.0
1916263,127739,Wed Oct 18 15:07:42 +0000 2017,"@AmazonHelp I see, so why would it show as being delivered?",,1916262.0
1737974,524604,Tue Nov 07 10:26:12 +0000 2017,@AmazonHelp Are you serious? This is the 2nd time I have missed a release date... Having to more leave from work because you can't deliver on time?,,1737973.0
537457,141272,Sat Dec 02 14:06:25 +0000 2017,"@AmazonHelp I was promised a GUARANTEED call from a UK based customer service agent WITHIN 24 HOURS by one of your colleagues, on THURSDAY night... still waiting... You people are an absolute FUCKING SHAMBLES...",537455,
969021,350027,Sun Oct 22 10:15:31 +0000 2017,@AmazonHelp Have to wait in another day for replacement goods. It's not on. Sick of your company and it's fraudulent practices.,969022,969020.0
430641,217410,Tue Oct 10 17:03:44 +0000 2017,@AmazonHelp E vado alla posta 3 ore rispedisco il pacco in Cina a spese mie e poi aspetto il rimborso chissà quando??? Anche no ! Che fregatura,430642,430640.0
538607,163994,Sat Dec 02 13:12:50 +0000 2017,Everything I’ve ordered in the last week has taken more than 4 days to get here.  Some more than 7.  Everything ordered from my prime account that I pay extra for each year.  This is not acceptable. @AmazonHelp,538605,
865604,325561,Fri Oct 13 16:08:58 +0000 2017,@AmazonHelp No me van a arreglar mucho así que no he querido molestarles ;),865605,865603.0
2571931,729320,Thu Nov 16 19:51:23 +0000 2017,"@AmazonHelp I started the return process to return a book that I don't need, but this is the message I got. Do I really not need to ship it back? https://t.co/5FbhCeFcQh",2571930,
238446,172735,Wed Oct 04 07:29:38 +0000 2017,@AmazonHelp Filled the details. Let’s see what heppens now.,238444,238452.0
474360,132139,Fri Dec 01 09:43:59 +0000 2017,@AmazonHelp Ganz ganz ganz ganz ganz ganz ganz lieben Dank für die Überraschung von euch! Das ist der Wahnsinn! Vielen Dank :-) Damit habt ihr mir eine richtige Freude gemacht! Vielen Dank! https://t.co/xXs0c8GTQZ,474358,474361.0
646745,271071,Wed Nov 22 19:15:51 +0000 2017,@AmazonHelp Please let me know whatever details you require for me to provide to resolve this issue,,646744.0
1276138,418720,Thu Oct 19 12:35:04 +0000 2017,@AmazonHelp again i filled your details and provided information.,1276139,1276137.0
1182479,398076,Tue Oct 24 22:00:28 +0000 2017,@AmazonHelp hi ordered Fifa 18 off amazon and received the email of the pre order code but it doesn't go through it only says thank you.,1182477,
334003,128425,Sat Oct 07 20:11:25 +0000 2017,@AmazonHelp So then what are you going to do to resolve it?,,334002.0
1106578,377478,Mon Oct 23 23:58:27 +0000 2017,So I go to my neighbors and go did you see my amazon packages and they go no but then what @Amazonhelp,1106577,
721272,292654,Mon Oct 16 11:36:39 +0000 2017,"@AmazonHelp Do you have any idea how far the pole 🌟 is from Earth? Well, that's how far I'm from this Scientist thing. 😂😂😂
I love reading almost everything apart from sci-fi, crime thrillers &amp; text books.",721274,721271.0
2752446,737231,Tue Oct 31 20:14:28 +0000 2017,@AmazonHelp mais c’est quoi le mail de votre SAV,2752447,2752445.0
1229513,408377,Mon Oct 16 01:28:39 +0000 2017,@AmazonHelp Look at his hungry little face. https://t.co/KcvX5V2q9a,,1229512.0
183181,159078,Wed Oct 04 12:29:48 +0000 2017,@AmazonHelp @159077 Hope it will be sorted out by @137341 Raj. Do DM me for any help required.,,183180.0
349146,199100,Sun Oct 08 08:16:39 +0000 2017,"@AmazonHelp @120533 @AmazonHelp en 1-2 le mail, en 3 votre site lorsque je veux me connecter (je n'ai plus utilisé ce compte depuis quelques années https://t.co/zD48CHw1yG",349147,349143.0
1769441,117798,Tue Nov 07 23:07:08 +0000 2017,@AmazonHelp Emailed the seller already but it's a shame if they have to take a loss for the mail carriers blatant mistake!,1769442,1769439.0
1682684,402244,Mon Nov 06 17:04:40 +0000 2017,@AmazonHelp Bonjour j'attends l'expédition de ma commande.,1682686,1682683.0
318840,192064,Sat Oct 07 10:43:43 +0000 2017,Hope dis time I will get my pending bookmarks with this order  @115850 @AmazonHelp @115821 #booklover#bookmarkcollecter#happyreading https://t.co/0tcDDrjtOp,318837,
397393,210098,Thu Nov 23 05:14:25 +0000 2017,"@AmazonHelp @115821 @115851 #Reminder #Amazon #fraud Day 52 of my complaint. Not received product and also you are not showing signature proof. You may have closed this complaint, but I will not unless you provide me signature proof. @115851 @115821","397394,397395",397392.0
1760490,529863,Tue Nov 07 20:15:15 +0000 2017,@AmazonHelp https://t.co/yovDzndARt,1760493,1760489.0
386487,207492,Mon Oct 09 13:19:15 +0000 2017,"@AmazonHelp In few last mnths u r having many false sellers joined to cheat ur customers
Got many orders cancelled
and they send parcels with garbage",386489,386486.0
1028224,363324,Sat Oct 14 18:14:41 +0000 2017,@AmazonHelp So I have to pay almost double. Explain how this is helping me?,,1028223.0
2142938,630056,Wed Nov 08 23:07:59 +0000 2017,"@AmazonHelp Latest update: Monday, 6 Nov
2:58 PM Shipment has left seller facility and is in transit",2142937,2142939.0
1420482,187925,Mon Oct 16 18:04:41 +0000 2017,@AmazonHelp Alles klaro. ich schau auf nem LG TV. Danke... ich seh Grad auf dem Handy sind die Folgen da. Ma sehen was ich machen kann. 😊 schönen Abend,1420484,1420481.0
1254195,414187,Thu Oct 26 06:38:33 +0000 2017,@AmazonHelp Si,1254197,1254194.0
2171053,636820,Fri Nov 10 05:24:34 +0000 2017,@AmazonHelp #amazonIN #scripted #replies,,2171052.0
430600,217401,Tue Oct 10 15:16:04 +0000 2017,@AmazonHelp yeah sure. ^_^,,430599.0
24507,121283,Wed Nov 01 09:31:44 +0000 2017,@AmazonHelp will you make it today?,,24506.0
438729,219247,Tue Oct 10 17:56:02 +0000 2017,No point @AmazonHelp of paying 4 amazon prime when the item I ordered yesterday isn’t coming today after it’s been out 4 delivery all day!😡,438725,
701529,287463,Thu Nov 23 16:42:52 +0000 2017,@AmazonHelp so @287464 album is out tomorrow and my pre order is not even sent out. Whats going on?,701527,
2474981,707561,Wed Nov 15 12:59:47 +0000 2017,@AmazonHelp WHERES MY PACKAGE !!!!! https://t.co/Evz8DZ18YP,2474980,
786124,307537,Thu Oct 12 09:53:21 +0000 2017,@AmazonHelp vous n'avez pas un numero de téléphone ?,786125,786123.0
2541040,672028,Thu Nov 16 11:18:46 +0000 2017,@AmazonHelp And what if they deny to help? Will you intervene then? Even some startup e-commerce sites helps in these kind of situation,2541038,2541042.0
1413197,448419,Thu Nov 02 01:36:45 +0000 2017,@AmazonHelp DM’d @AmazonHelp,,1413196.0
2511184,399506,Mon Oct 30 05:45:52 +0000 2017,@AmazonHelp Done. But couldn’t attach pic and tough to explain,2511185,2511182.0
350313,199335,Thu Oct 12 18:18:14 +0000 2017,@AmazonHelp I have received the mail but still no positive reply now how many days u required to solve the case,350314,350312.0
2414511,694021,Tue Nov 14 18:13:52 +0000 2017,@AmazonHelp a bank has nothing to do with Hilton Honors. what are you talking about? stop sending me these links to general instructions which are totally irrelevant. is this a scam or can you or not really buy books using HIlton Honors? if not just say so!!,2414512,2414510.0
2367972,552377,Mon Nov 13 23:24:34 +0000 2017,@AmazonHelp You’ve actually lost my packages and delayed several others. But have no fear. I’ve spoken to your people over the phone already. Thanks for responding promptly though.,2367971,2367973.0
2663212,436238,Tue Oct 31 07:43:34 +0000 2017,@AmazonHelp I’m using it in India. I don’t mind using English-US or English-India,"2663213,2663214",2663211.0
1060461,336236,Mon Oct 23 13:21:09 +0000 2017,"@AmazonHelp I didn't receive any mail for the same. Please don't respond for the sake of it. If you can't help, just ignore the message.",1060462,1060460.0
293278,185861,Fri Oct 06 17:08:53 +0000 2017,@AmazonHelp La fecha era ayer día 5.  Ahora a pasado a hoy día 6 y al hablar con ellos(correos) me dicen que llegará como pronto el lunes..,293276,293283.0
38796,124278,Wed Nov 01 15:11:18 +0000 2017,@AmazonHelp If u want to connect with me ..I share my mobile in DM .Whts d need of the form.I already told my concern.In tht form mentioned as 24 hrs,38797,38795.0
593413,260503,Wed Oct 18 17:03:40 +0000 2017,@AmazonHelp We @174528 have between hearing this same automated reply for quite some time now. Please help us understand why it's taking so long,593412,593414.0
1661461,506758,Mon Nov 06 08:49:08 +0000 2017,"@AmazonHelp Oh my god. Amazon, please forgive me. I am an idiot.",1661459,
2618089,739890,Fri Nov 17 15:46:17 +0000 2017,"@AmazonHelp And this is a pattern. I keep being told '2 day shipping available and confirmed' and then 'oops. Even tho you paid for 2 day shipping, were going to ship it whenever we feel like it'",,2618087.0
909026,335913,Sat Oct 21 09:38:36 +0000 2017,@AmazonHelp Ya. The call centre called at 8.45 AM. But now it's 3.07. Nothing has happened.,,909025.0
2465031,705436,Wed Nov 15 16:42:21 +0000 2017,@AmazonHelp Ve done as suggested by 5 pm...still waiting for a call from courier guy or an email from you asking me to wait till tomorrow...strange that it's taking so much time in tracking your own delivery guys,2465032,2465030.0
953163,200060,Sat Oct 21 20:46:24 +0000 2017,@AmazonHelp hi a thermometer i bought a few months ago is faulty,953162,
520658,240191,Sat Dec 02 03:29:40 +0000 2017,"@AmazonHelp Thank you, have a nice evening!",,520657.0
23209,121053,Wed Nov 01 08:51:13 +0000 2017,"@AmazonHelp It notes its being sent back to the sender - which, if true, is totally unacceptable - not exactly #prime level service",23210,23207.0
877654,328346,Fri Oct 20 19:07:27 +0000 2017,@AmazonHelp TYSM....!??  y couldn't u send me this link first..????  I just did to a live person now... Finally.  After two days of complaining,877656,877653.0
295343,186344,Sat Oct 07 08:50:01 +0000 2017,@AmazonHelp That takes me to the page to sign up for text trace.  I was already signed up but I don't get any texts.,"295345,295346",295342.0
375827,205132,Mon Oct 09 10:09:34 +0000 2017,@AmazonHelp No. Still haven't received an email notification. Had to log in to find out the package is late.,375829,375826.0
2313371,670839,Wed Nov 15 05:44:25 +0000 2017,@AmazonHelp ok follow up on this. Your employee said i would get a 20 percent discount on the same order but the price is still the same oof,2313373,2313370.0
1073734,371737,Tue Oct 24 17:29:53 +0000 2017,@AmazonHelp Yes,1073735,1073733.0
1308068,403726,Fri Oct 27 03:18:40 +0000 2017,@AmazonHelp what is the status of my complaint?,1308067,
1558024,481565,Sat Nov 04 12:54:15 +0000 2017,"@AmazonHelp They will leave feedback for driver and that's it, how many times are you going to take feedback? 😏 not fair right?",,1558023.0
2317576,671919,Mon Nov 13 09:07:34 +0000 2017,@AmazonHelp am i able to reorder this again today with the correct address and have it delivered by tomorrow? (since its prime),2317578,2317575.0
2171151,636835,Fri Nov 17 21:31:35 +0000 2017,@AmazonHelp Just nothing could be done it was an EA issue but EA have stated categorically it’s an Amazon issue as it is a console code,2171153,2171150.0
2530728,624553,Mon Oct 30 10:31:07 +0000 2017,@AmazonHelp já passou em muitos dias.,,2530727.0
358788,200977,Sun Oct 08 15:57:45 +0000 2017,"@AmazonHelp I pay for prime, I paid for a service, wIted all day for my package, only to have an attempted delivery at the end of the day and I was in!?",,358786.0
2428186,155883,Sun Nov 26 18:38:18 +0000 2017,"@AmazonHelp Precision LED Alarm Clock, Blue https://t.co/L3iM0qpCvw",2428188,2428185.0
535680,235757,Sat Dec 02 13:07:39 +0000 2017,Quero dizer @AmazonHelp que meus livros acabaram de chegar 💗,535678,
236646,172140,Thu Oct 05 14:47:01 +0000 2017,"@AmazonHelp साहब, मेरा पहला tweet देखने का कष्ट उठाएंगे आप?
I am not able to get connected with your support team over a call.",236648,236644.0
2290143,665280,Sun Nov 12 17:30:47 +0000 2017,@AmazonHelp Your link is not working,2290145,2290142.0
616933,266380,Wed Nov 22 18:23:05 +0000 2017,"@AmazonHelp According to that it's still out for delivery, but the failed delivery notification and email from this afternoon says otherwise. I guess it's in some kind of delivery limbo",616935,616932.0
596818,261474,Sun Dec 03 19:22:27 +0000 2017,@AmazonHelp I meant service but lol. And i got a really rude rep on the phone 🙃,596817,596819.0
237801,158284,Thu Oct 05 13:08:52 +0000 2017,@172600 @AmazonHelp I am just pissed off with the service Amazon team is giving.. ☹️,,179523.0
2361895,681990,Mon Nov 13 21:56:53 +0000 2017,@AmazonHelp Thank you! Should I wait another day to see if it comes tomorrow?,2361896,2361894.0
1493327,418091,Fri Nov 03 10:23:51 +0000 2017,@AmazonHelp request you to process my replacement of @174957  #Nokia6 asap. Ordered on 11-Oct. Still have no clue where is my order.,1493325,
380136,206171,Mon Oct 09 08:11:35 +0000 2017,@AmazonHelp The package was tampered and reached me in a very bad condition. Never expected such a kind of delivery from Amazon. I ordered for keyboard,380137,380135.0
678636,281923,Fri Oct 13 01:06:25 +0000 2017,@AmazonHelp @171656 I have an issue. Fire this sick fucker who ignored and tried to silence an abused woman. #BoycottAmazon #BoycottAmazon #changeiscoming,,678630.0
1342604,177606,Fri Oct 27 16:12:32 +0000 2017,@AmazonHelp We have a 24-hour reception. HOW could this NOT be delivered???? https://t.co/qcjjWCAgT3,"1342606,1342607",1342603.0
1192281,400229,Wed Oct 25 08:12:28 +0000 2017,"@AmazonHelp Yes, and I've used it multiple times since adding it.",1192283,1192280.0
435675,218492,Tue Oct 10 17:22:10 +0000 2017,@AmazonHelp Not coming. What kind of after sale service is this. Now prices have increased.,"435677,435678,435679",435674.0
1250692,413432,Thu Oct 26 04:17:54 +0000 2017,@AmazonHelp I've done it through the app.  Each time you have all the correct info.  No information is provided to me.  Basically I'm told sorry!,1250693,1250690.0
952010,345849,Sat Oct 14 01:40:08 +0000 2017,@AmazonHelp awesome. Even uploaded a photo. Thanks--very cool. https://t.co/VXp4hwSXSc,,952009.0
1395545,216201,Sat Oct 28 14:45:12 +0000 2017,@AmazonHelp I did. Once I get there my option for this item is to only purchase a label.,1395546,1395544.0
2450119,702209,Sun Oct 29 16:30:03 +0000 2017,@AmazonHelp Okay well then do it already,2450118,2450120.0
2170923,636801,Fri Nov 17 21:38:08 +0000 2017,"@AmazonHelp Si, de hecho si me acepta el código en otra tarjeta de otro banco",,2170922.0
318780,191934,Sat Oct 07 10:59:37 +0000 2017,@AmazonHelp Can you DM (direct message) since you have difficulties comprehending the English language,318782,318779.0
538470,244839,Sat Dec 02 14:38:24 +0000 2017,"@AmazonHelp Thx but not a technical problem. She's hears me and tries to play what she thinks I want, but I can't get her to play THAT particular album.",538472,538469.0
963281,348599,Sat Oct 14 04:09:46 +0000 2017,@AmazonHelp Yes. It took over 30 minutes. No I was already upset so I wanted it canceled right away.,963282,963280.0
1075342,128307,Tue Oct 24 17:19:17 +0000 2017,@AmazonHelp I have filled the details and explained the situation. Kindly help me to resolve the matter n help me restore my trust in @128308,1075343,1075341.0
145902,149089,Fri Nov 24 14:55:20 +0000 2017,@149088 @AmazonHelp I think you can’t merge but you can move your country of residence. I remember doing it but maybe I dreamed about it,145903,145901.0
75869,132985,Thu Nov 30 12:41:17 +0000 2017,"@AmazonHelp Already did... I hope u guys take care of it properly, coz delivery agency is neither professional nor their the staff. Spoiling your name.",75870,75868.0
311492,190393,Sat Oct 07 03:13:47 +0000 2017,"@AmazonHelp And dear @115850 it's been more than 13 days I ordered am yet to get my product !!!! 
When am going to get it ??",311494,311491.0
2730235,765452,Mon Nov 20 15:32:16 +0000 2017,@AmazonHelp I have been told that the driver is still going to deliver today. Hopefully this is the case. The original order was lost in transit so I was refunded and told that if I re-ordered I would get free express delivery (by 1pm today) - but it is now 15:31 and still no parcel.,2730237,2730234.0
2601472,736327,Fri Nov 17 08:19:04 +0000 2017,@AmazonHelp Amazon. Order details in this screenshot https://t.co/acRq0plPqk,2601473,2601470.0
510399,144740,Fri Dec 01 23:34:50 +0000 2017,@AmazonHelp I actually was so surprised I didn't even bother to report it. I'll do that now.,,510398.0
1404754,446424,Sat Oct 28 18:47:56 +0000 2017,@AmazonHelp I feel like I'm due a free Amazon voucher here ;),,1404753.0
2609263,738004,Fri Nov 17 10:15:53 +0000 2017,@AmazonHelp Oui,2609262,2609264.0
284810,183848,Fri Oct 06 14:24:08 +0000 2017,"@AmazonHelp Actually, email says Friday, but when I ordered, the site said one day shipping would arrive Thursday.
But it shipped UPS 2nd day air?",284813,284808.0
1912728,569745,Thu Oct 19 17:07:30 +0000 2017,@AmazonHelp I spoke with a lady about a product I never received. We had a hard time communicating and she put me on hold over ten times. Then came back,1912731,1912727.0
1128056,385945,Tue Oct 24 09:56:27 +0000 2017,"@AmazonHelp https://t.co/1XWhgxt7xt
Please put in a box for the next customers.","1128057,1128054",1128058.0
559813,224908,Sat Dec 02 23:05:28 +0000 2017,@AmazonHelp Lol so they’re computers. Awesome.,,559812.0
2094048,207161,Wed Nov 08 18:45:34 +0000 2017,@AmazonHelp Ripeto : perché dovrei perdere tempo con il vostro servizio assistenza dove ci sono solo dei ragazzi pagati per scusarsi e regalare mesi di prime? A me interessava far notare la presa in giro nei confronti di un cliente della prima ora (e anche di prima).,,2094047.0
1254128,414180,Thu Oct 26 06:35:09 +0000 2017,"@AmazonHelp Amazon staff have been prompt and helpful, but don't see everything because seller emailed from warranty email address, then Gmail.",1254126,1254131.0
2720524,686237,Mon Nov 20 16:03:46 +0000 2017,@AmazonHelp I don't want any explanation .. we're is my package R8 nw??,,2720522.0
522465,213865,Thu Nov 23 13:23:33 +0000 2017,@AmazonHelp  https://t.co/JbyikkSu0l,,522462.0
38837,124473,Wed Nov 01 14:50:55 +0000 2017,"@AmazonHelp No, just said ""running behind"". All our ordered food has been vegan, worst has been soft ice cream but people ordering meat could get sick.",,38836.0
932288,341145,Sat Oct 21 12:11:07 +0000 2017,@AmazonHelp How will the account specialist contact me?,932291,932287.0
249125,175188,Thu Oct 05 19:43:39 +0000 2017,@AmazonHelp This happens with every order. I am ver disappointed with @115821,,249124.0
1229696,408413,Wed Oct 25 21:03:24 +0000 2017,@AmazonHelp This is my 4th time ordering a package and YOUR carriers have messed up my delivery.,1229698,1229695.0
2311200,670294,Mon Nov 13 09:34:50 +0000 2017,@AmazonHelp Thanks,,2311199.0
808109,296482,Fri Oct 13 04:04:04 +0000 2017,"@AmazonHelp you ve my mail id, u can track my orders, u can see request for return. Despite asking issue Everytime is harassing ur customer",,808106.0
1381482,441542,Sat Oct 28 06:32:35 +0000 2017,"@AmazonHelp I do not agree with your statement, offline retailer helps the buyer to resolve these issues. You need to put in a word to Micromax. I will be going to consumer court and your company will be made part of the complain.","1381484,1381485,1381486",1381481.0
1193970,400547,Wed Oct 25 01:37:22 +0000 2017,"@AmazonHelp hi I keep getting this error when I try to choose payment method,it has happened all day today. ETA on when it will be resolved? https://t.co/dxxpXiwo5v",1193969,
457712,223697,Fri Dec 01 02:03:48 +0000 2017,@AmazonHelp I see you are continuing to change the expected delivery date in the system. Does that mean my packages will not be arriving today as promised?,,457710.0
429028,217033,Tue Oct 10 14:50:35 +0000 2017,"@AmazonHelp Wat clause did i not fulfill team @119356 @115821 .
Address the concern rather than doing unnecessary argument #shameless service",429030,429027.0
1045028,268571,Mon Oct 23 12:43:26 +0000 2017,@AmazonHelp Pathetic service of @115850 Continues out for delivery product not delivered. Now even not replying on mail.updated false status,,1045026.0
622351,267724,Wed Nov 22 17:53:16 +0000 2017,"@AmazonHelp Pedí dos cosas hace una semana, me ponía que llegaba el día 15, luego que llegaba el día 20 y no me ha llegado nada, ni notificación ni nada.",622349,622355.0
2153954,632886,Mon Nov 20 15:47:28 +0000 2017,"@AmazonHelp Sí, llevo unas 9 o 10 llamadas y sigo igual. Pueden buscar mi registro y pedido usando mi email (lo mando por dm si gustan). Pero de verdad que se fue al suelo la imagen que tenía de @116875",2153952,2153955.0
534153,243714,Sat Dec 02 12:10:47 +0000 2017,"@AmazonHelp You’ve lost my parcel, so all I get is a refund and have to buy it at a more expensive price? How is that fair",,534152.0
230121,170830,Thu Oct 05 08:47:38 +0000 2017,@AmazonHelp @115851  https://t.co/iUk7nl3Vgd,,230120.0
470166,226936,Fri Dec 01 07:42:48 +0000 2017,@AmazonHelp Questioned The Neighbors &amp; All My Relatives . We Did Receive A Package That Day But 2 Were Missing Only One Received,470165,470167.0
1450058,456481,Thu Nov 02 18:59:30 +0000 2017,"@AmazonHelp Not for an order, for membership. Wasn't aware of any of those charges and don't like how I wasn't even made aware that I joined prime",1450059,1450057.0
238004,172640,Wed Oct 04 17:01:16 +0000 2017,@AmazonHelp Definitely setting up multi room now... thx for that info,,238003.0
2317544,372521,Mon Nov 13 12:27:09 +0000 2017,"@AmazonHelp @115850 Truly pathetic customer service. Asking me to wait endlessly from morning while I am asking to confirm payment status, take another payment of the previous one hasn’t gone through and give me my product. Just that nobody seems to be interested in doing business at all.",2317546,2317543.0
1640912,501652,Mon Nov 06 00:00:08 +0000 2017,"@AmazonHelp Item showing as delivered and was refunded already. But this is the 4th/5th time that Intelcom has ""delivered"" an item that never arrived",,1640911.0
180403,158427,Fri Oct 06 16:10:34 +0000 2017,"@AmazonHelp As per earlier tweet in this thread, there are two delivery methods offered from the Global Store, standard is £5.28 and priority is £18.78",180404,180402.0
777546,305628,Thu Oct 12 04:01:27 +0000 2017,@AmazonHelp Had known it would have took longer I would have paid for same day shipping.,777548,777545.0
2176898,638071,Sun Oct 29 08:15:04 +0000 2017,@AmazonHelp 「全てのアイテム」のプルダウンの下に「コレクション」があるのが直感的に判りづらいです。コレクションに遷移するまでのタップ数が改悪されています。,,2176895.0
1473725,462105,Fri Nov 03 02:39:05 +0000 2017,@AmazonHelp Ok 😞gracias,,1473724.0
1261835,415587,Thu Oct 26 10:44:03 +0000 2017,@AmazonHelp im just going to go to the store then and repurchase.  Why do I have prime then?,1261838,1261834.0
987193,353924,Sat Oct 14 13:19:21 +0000 2017,@AmazonHelp #206-3534154-8593949 I'm just confused why I'm only getting an email today. I could have gone home via a shopping centre yesterday. 🤷‍♂️,987195,987192.0
1400604,295992,Sat Oct 28 19:27:20 +0000 2017,@AmazonHelp Resend me email. But y u blocked my calls..u hv any ans. For this I want my parcel.,"1400605,1400606,1400607",1400602.0
304573,188727,Sat Nov 04 04:42:18 +0000 2017,@AmazonHelp It's been cancelled for months and it's not an unexpected charge being that Amazon has been charging me for months even twice in August. Everyone who's talked to me tells me to cancel it even though I've already stated it's been cancelled for months,304575,304572.0
483142,229911,Fri Dec 01 14:03:28 +0000 2017,j’ai passé une commande d’un miroir lumineux chez @120533 et surprise quand je recois mon colis tout est cassé et bah merci!!! Meme AliExpress ne m’ont jamais envoyé une catastrophe pareille. Je ne commanderai plus 🤬 @AmazonHelp,"483144,483140",
2381793,686674,Tue Nov 14 06:42:55 +0000 2017,@AmazonHelp #doyourhomework,,2381791.0
1511978,333029,Fri Nov 03 21:12:43 +0000 2017,@AmazonHelp This was updated to me around 3:30PM - 4Pm range and what I found out from Amazon logistics this means it's on an 18wheeler somewhere. https://t.co/aTaAyEPIim,,1511975.0
179276,158252,Wed Oct 04 09:50:24 +0000 2017,"@AmazonHelp Hi, so still nothing from your account specialists, although I've had confirmation that 2 orders have been dispatched and arrived today",,179275.0
246974,174669,Thu Oct 05 16:03:31 +0000 2017,"@AmazonHelp Your email was very vague, it said ""please allow an additional day or two for delivery"" but order tracking says ""today by 9pm""",246976,246973.0
350652,173344,Sun Oct 08 12:50:44 +0000 2017,@AmazonHelp Blue dart will not be able to pick it up without ull handing the product to them,,350651.0
2454036,121400,Mon Oct 30 02:19:20 +0000 2017,"@AmazonHelp @115850 @121284 When are you shipping my echo ???
Please reply @121284 @AmazonHelp",2497106,2454035.0
1777829,125690,Sun Oct 29 01:18:19 +0000 2017,"@AmazonHelp I paid for one day shipping. Email shows one day shipping. It's not here. ""May be eligible"" okay. 🙄",,1777827.0
2575244,730257,Fri Nov 17 19:56:40 +0000 2017,@AmazonHelp  https://t.co/9cRReS6pPN,,2575242.0
2391252,688729,Tue Nov 14 09:57:26 +0000 2017,@AmazonHelp 分かりましたありがとうございます。ちなみに開封してしまったのですが全額返金になりますか？,2391250,2391254.0
140999,147308,Fri Nov 24 12:43:48 +0000 2017,@AmazonHelp I believe my dad has been trying to talk directly to customer service and even tried emailing the CEO but is not satisfied ... I volunteered to tweet as he doesn’t ... until the tweet at the beginning of the thread,141000,140997.0
1212942,404699,Mon Oct 16 02:59:56 +0000 2017,@AmazonHelp 説明不足で申し訳ありません...ギフト券はアメリカのhttps://t.co/hNbYkuj6B2のもので、すでにアカウントに登録済みです。https://t.co/hNbYkuj6B2で予約したいkindle本のページから1-Click設定に進めたんですが、,1212943,1212941.0
409359,212600,Tue Oct 10 04:19:21 +0000 2017,@AmazonHelp レスポンスありがとうございます。おっしゃる通りunlimitedが有効な状態でした。,,409358.0
1384046,366642,Thu Oct 19 10:11:36 +0000 2017,@AmazonHelp Can I DM you?,1384047,1384045.0
2731226,210881,Tue Nov 21 01:22:00 +0000 2017,"@AmazonHelp Man, so glad for the help. Guess I'll buy music elsewhere. 👍",,2731224.0
920916,338608,Sat Oct 14 01:36:29 +0000 2017,@AmazonHelp Si pero la edición especial ... es que ya está en preventa en Amazon usa por eso preguntaba ...👀 cuando la tendrán en México ?,920917,920915.0
1424889,121902,Thu Nov 02 03:59:25 +0000 2017,"@AmazonHelp this my mobile number-9167482897
Some can call me","1424886,1424894,1424895",1424896.0
785107,215256,Thu Oct 12 08:45:40 +0000 2017,@AmazonHelp The cancelled order not reflected in My Orders.It shows previous orders,785109,785106.0
1116545,360295,Tue Oct 24 05:03:13 +0000 2017,"@AmazonHelp Hola. Hoy fue la fecha de entrega, pero ya pasaron 26 días.",1116547,1116544.0
183519,158430,Wed Oct 04 11:27:55 +0000 2017,@AmazonHelp Fix this the price of laptop https://t.co/Bca7JOwpgM,183538,183517.0
984216,353324,Sun Oct 22 10:25:28 +0000 2017,"@AmazonHelp ご連絡ありがとうございます。
購入したものは今のところ読む分には問題なく、少し気になって買ってみたという感じの物なので特に問題はございません。
迅速な対応ありがとうこざいました。",984218,984215.0
857795,322922,Fri Oct 20 18:10:02 +0000 2017,@AmazonHelp we will send to you next day air plus an additional 50% off of your order because we told you was Guaranteed. I don’t even think twice,,857781.0
316506,191574,Sat Oct 07 18:30:37 +0000 2017,@AmazonHelp I mean the response in the afternoon as well as in the night from ur tele support team seemed powerless/helpless they will inform delivery,,316504.0
1504105,469114,Tue Oct 17 02:35:11 +0000 2017,@AmazonHelp Amazon,1504106,1504104.0
1144978,119934,Tue Oct 24 13:55:13 +0000 2017,"@AmazonHelp Amazon sends me texts of delivery status all the time, why not send one when you know TWO days ahead of time that package is undeliverable?",1144980,1144976.0
2190791,641301,Thu Oct 19 15:36:48 +0000 2017,@AmazonHelp @641300 é muito chique ser respondido pelas marcas,,2190790.0
1860090,556076,Wed Oct 18 08:01:06 +0000 2017,@AmazonHelp Yeah but you failed to give me service I pay for and Amazon used the words “Guaranteed delivery date 17th October “,1860092,1860089.0
825521,316613,Fri Oct 13 00:48:02 +0000 2017,@AmazonHelp はい、わかりました,825520,825522.0
2641713,745479,Tue Oct 31 01:38:42 +0000 2017,@AmazonHelp Gracias me comunicó,2641714,2641712.0
2760269,525219,Tue Nov 21 05:31:56 +0000 2017,"@AmazonHelp Not really worth it, they can’t obviously think that it was a great idea.  As large as they are, just to save on shipping costs as opposed to losing prime members.  I think I’m just going to cancel my prime and subscribe and save until @115821 gets their s together.",,2760268.0
179695,158320,Wed Oct 04 12:57:57 +0000 2017,@AmazonHelp Very Odd VM .. stop gvng fake comittmnt,179694,179696.0
364015,181609,Tue Oct 10 17:52:09 +0000 2017,@AmazonHelp If this is a social platform then this is the best place to show how @115850 is making fool to customers,"364019,364020",364013.0
328444,194313,Sat Oct 07 17:54:34 +0000 2017,"@AmazonHelp Thank you, that link relates to MY last order.  I want to speak to you on behalf of my mothers account.  Is there another access point?",328445,328443.0
843606,177329,Sat Nov 25 12:39:41 +0000 2017,"@AmazonHelp Je suis moins film mais je les regarde. Au niveau Français c'est mieux mais je suis très compliqué ! Dany Boon je n'aime pas plus que ça, j'ai vu Rien à Déclarer que j'ai apprécié mais ces autres films ne m'attire pas plus que ça",843607,843605.0
404069,211642,Mon Oct 09 21:07:15 +0000 2017,@AmazonHelp Prime to locker... But then 1/2 https://t.co/D5nTCHkHS8,,404067.0
408431,212355,Mon Oct 09 22:40:14 +0000 2017,@AmazonHelp I did that three times and keep getting a message saying I have no order linked to that seller.  Can we take this to DM please?,,408430.0
1206946,325962,Wed Oct 25 08:51:40 +0000 2017,@AmazonHelp Product arrives late and with defect. Customer service sends noone despite of launching complqint,1206943,1206947.0
1566989,183670,Mon Oct 16 10:24:04 +0000 2017,@AmazonHelp @115850 why your email CS people cannot read the mails properly?! I need to modify my order details. Please help!,1566988,
1338595,313517,Mon Oct 16 13:18:49 +0000 2017,@AmazonHelp Practice what you preach and just don't preach only. Sick n tired of this insensitive bot-spamming by Amazon.,1338597,1338594.0
1384104,442107,Sat Nov 25 22:20:09 +0000 2017,"@AmazonHelp This does not work without an amazon account email, and I told you, I will never get an amazon account.",,1384103.0
2605239,737117,Mon Oct 30 20:00:40 +0000 2017,@115821 @AmazonHelp when will you stop using USPS as a carrier ?!? 3rd time my 📦 is late. https://t.co/19frBO6m2r,2605238,
1663534,507068,Mon Nov 06 09:54:24 +0000 2017,"@AmazonHelp Mon compte a été piraté. Mon adresse e-mail a été modifiée par __email__, je ne peux plus me connecter, CB enregistrée",1663533,
757077,300928,Wed Oct 11 19:00:52 +0000 2017,@AmazonHelp I preordered it and @130626 says its deluxe edition should come on the 13th and amazon says to do that it will dispatch today and it hasnt,757079,757076.0
126334,144362,Sat Nov 25 12:54:27 +0000 2017,"@AmazonHelp If you would like to respond, then respond to this query.

If delivery of item is failed due to communication failure, then when next attempt is taken?",126335,126333.0
278973,182537,Fri Oct 06 09:04:14 +0000 2017,"@AmazonHelp Buenas, está gestionado por Amazon, aunque el problema es más bien logístico porque desde el 1 de octubre está en la nave del transportista",278975,278972.0
2361793,681973,Mon Nov 13 21:14:48 +0000 2017,@AmazonHelp Yes on 3 seperate orders within 3 weeks,2361791,2361794.0
312994,190746,Sat Oct 07 10:43:22 +0000 2017,@AmazonHelp  I need a guarantee from Amazon about the product. It will be as shown in picture which I had earlier provided &amp; not a repeat,312995,312991.0
1347587,434259,Fri Oct 27 18:17:30 +0000 2017,@AmazonHelp Merci,,1347586.0
206056,164798,Mon Nov 06 13:35:36 +0000 2017,"@AmazonHelp Thanks KM, appreciate it!",,206055.0
167907,140863,Fri Nov 24 21:08:52 +0000 2017,"@AmazonHelp bah, si le prix baisse pas, ca m'ira quand même x)",167909,167906.0
295798,186448,Mon Oct 09 03:40:49 +0000 2017,@AmazonHelp Waaaaah!!! https://t.co/N1GXrj1hnr,,295797.0
2341978,677423,Mon Nov 13 16:05:22 +0000 2017,@AmazonHelp Jamás pensé que funcionaran tan mal. Desde luego nunca volveré a comprar con ellos. Y supongo que he perdido el dinero.,2341980,2341977.0
354479,200264,Thu Oct 12 02:52:56 +0000 2017,@AmazonHelp How is this possible ? Any real life logical explanation to this ? https://t.co/GfcFQKE12A,,354477.0
2488504,710669,Wed Nov 15 17:01:12 +0000 2017,@AmazonHelp I use a app for amazon.in,2488507,2488503.0
22504,120918,Wed Nov 01 08:44:35 +0000 2017,@AmazonHelp The other one has actually just changed to being in stock but it hasn't been on Prime for 2 days as I was trying to get it.,,22500.0
1432348,452595,Thu Nov 02 12:55:36 +0000 2017,"@AmazonHelp hehe 🙃 he's not born yet, but I just had to get him the Bouncer, been getting loads of things on Amazon, I love it 😍😁",1432347,1432349.0
2366302,683087,Tue Nov 14 00:18:30 +0000 2017,@AmazonHelp Email sent,,2366301.0
1710103,370683,Tue Nov 07 01:33:40 +0000 2017,@AmazonHelp The door looks pretty accessible to me. https://t.co/bdyvjfJG90,1710106,1710102.0
2126758,346603,Wed Nov 08 18:50:30 +0000 2017,@AmazonHelp Thanks! Couldn't seem to acces that using the app.  :),,2126757.0
1843574,552384,Sun Nov 26 07:52:47 +0000 2017,@AmazonHelp said rearranged for 25th as arranged firstly there was no tracking status for the 25th after no delivery on 24th  with a joke,"1843576,1843577",1843573.0
258778,177530,Sun Aug 20 14:27:04 +0000 2017,"@AmazonHelp @4030 @118702 @115937 @4110 @4168 @119356 @115821 @131283 @144775 @2517 Dear Amazon
Despite meeting all ur guidelines,u haven't posted my review.
Surely there wud be a reason behind u fooling ur customers. #Day3",258777,258779.0
627748,268676,Wed Nov 22 15:15:34 +0000 2017,its from https://t.co/O11Kcrno6M @AmazonHelp,627746,
1265724,416382,Thu Oct 26 12:28:41 +0000 2017,Customer service at its best. @115830 @AmazonHelp. 10 yrs a customer and never a bad experience. Kudos to the team. #satisfiedcustomer,1265722,
932300,341146,Sat Oct 21 12:20:54 +0000 2017,"@AmazonHelp It was sold by ""Amazon EU S.a.r.L""",932302,932299.0
821184,225010,Thu Oct 12 23:00:55 +0000 2017,@AmazonHelp Nope https://t.co/2vv1QgLAUp,821185,821183.0
494969,233037,Fri Dec 01 18:33:41 +0000 2017,"@AmazonHelp Il faut que je me rend sur le lien, c'est bien ça?",494970,494968.0
1225745,407558,Wed Oct 25 19:28:24 +0000 2017,@AmazonHelp Ok. Danke! Sieht wirklich täuschend echt aus...,1225747,1225744.0
1758026,529277,Tue Nov 07 20:04:42 +0000 2017,@AmazonHelp https://t.co/F9QASfmol5 ha salido hoy y esta disponible con librerias externas pero si escojo la opcion de amazon pone que esta agotado https://t.co/aamo3rkuMR,1758028,1758025.0
910741,336307,Sat Oct 21 15:05:03 +0000 2017,@AmazonHelp Ok thank you!,910742,910740.0
1454181,258578,Mon Oct 16 19:53:12 +0000 2017,@AmazonHelp Nothing major. We keep a sign up when expecting a delivery that says Do Not knock or ring bell cause we have kids sleeping. They knocked.,,1454180.0
1366073,438017,Sat Nov 25 12:27:43 +0000 2017,@AmazonHelp 6:27 pm yesterday (24/11/17) it said out for delivery. That was the last I've heard.,1366072,1366074.0
385090,207173,Mon Oct 09 11:39:02 +0000 2017,@AmazonHelp Can I ask you a pretty important question?,385088,
114405,141430,Thu Nov 23 21:35:17 +0000 2017,@AmazonHelp Going through the app but it diverts to the browser same as it always has.,114407,114404.0
463312,225125,Sun Dec 03 13:47:00 +0000 2017,"@AmazonHelp It does't give a date, and it is shipping to the UPS store a 20 minute WALK from my house, not to my actual house. No delviery was attempted, no slip left, no redelivery attempted either. And Fri night, Amazon rep said they would cancel &amp; reprocess with expedited delivery -NOPE.",463313,463311.0
2273249,661261,Sat Nov 11 14:23:33 +0000 2017,"@661260 @AmazonHelp Willst du einfach nicht verstehen, dass das Social Mesia Team die gewünschte Kommunikationspipeline nicht hat und deshalb statt einer Allgemeinen Weiterleitung auf die Bestellbezogene Kritikmöglichkeit verweisen MUSS.
Da brauchst du die auch nicht abfällig als Chatbot bezeichnen.",2273252,2273247.0
2299070,667336,Sun Nov 12 15:21:07 +0000 2017,"@AmazonHelp 1/4Dear team,This is in regard to an order that i tried to place on 6th November through my amazon app through my account attached to email id(__email__). The product (PM2.5 with N95 standard Advanced Respirator and Mask with Activated Carbon by Canave)",2299068,
133647,146127,Fri Nov 24 10:17:24 +0000 2017,@AmazonHelp Checked. Previously (successfully) changed contact email as original msgs being intercepted somewhere. Call centre - scripted and clueless.,,133646.0
1066699,371730,Mon Oct 23 16:58:23 +0000 2017,"@137605 @AmazonHelp Ya he puesto queja a Amazon del servicio tan lamentable e inadmisible que dais. La próxima compra que lo entreguéis vosotros, la cancelo.",,1066697.0
9816,117800,Wed Nov 01 00:49:54 +0000 2017,@AmazonHelp you it is late but It is fine I just thought it was hilarious,,9815.0
1203383,402702,Sun Oct 15 22:58:48 +0000 2017,@AmazonHelp  https://t.co/f0dSfp090u,,1203381.0
806357,312157,Thu Oct 12 18:08:36 +0000 2017,@AmazonHelp  https://t.co/lhQGfxpXzp,,806351.0
2459136,579272,Wed Nov 15 06:24:08 +0000 2017,@AmazonHelp bought an Amazon iPhone branded iPhone cable 5 weeks ago... it's just randomly stopped working!! Expect more than 5 weeks out of it! Can you exchange it?,2459135,
1028407,363334,Sat Oct 14 18:12:11 +0000 2017,@AmazonHelp Risque de divulguer la nature d'un cadeau 😂,1028408,1028406.0
86063,134791,Thu Nov 30 16:09:03 +0000 2017,@AmazonHelp Everything is correct as I've said the payment for another item is been taking as it is so that's not the issue,86065,86062.0
2549023,724278,Mon Oct 30 15:07:01 +0000 2017,"@AmazonHelp bonjour,

Amazon Logistics",2549025,2549022.0
1239369,410706,Sun Nov 12 20:02:21 +0000 2017,@AmazonHelp Can you explain why it wasn’t delivered though? It says “location is closed”?,1239368,1239370.0
714710,290972,Tue Oct 10 23:47:55 +0000 2017,"@AmazonHelp Nenhuma... comprei em pré-venda e no e-mail de confirmação fala que eu receberia uma nova mensagem com a data de esntrega, mas não recebi 😢",714712,714709.0
288631,184771,Sat Nov 25 03:43:31 +0000 2017,"@AmazonHelp Yes, and I love Amazon; yet, I have not heard back yet. I also did the AtoZ Claim. This is really bizarre! I wouldn't pay to return something broken I said to not even ship after it went to someone in Pa. 11/8 as I waited for it - much less a 4 foot tall box!",288633,288630.0
271953,180893,Fri Oct 06 03:54:53 +0000 2017,"@AmazonHelp Secondly, i paid and that money is with you. Lets say refund will happen in 7days. Offer ends in 2 days. No credit with me now. How to buy?",,271950.0
424028,215943,Tue Oct 10 13:16:01 +0000 2017,@AmazonHelp They advise to create a new account as they cannot reopen my account due to suspicious behavior. I attempted to order from humlebundle,,424027.0
1137314,400236,Wed Oct 25 08:29:02 +0000 2017,@387906 @AmazonHelp lol such rage!!,1192312,1137313.0
786771,299209,Thu Oct 12 09:58:41 +0000 2017,"@AmazonHelp Ok will do,hope it gets dispatched during the day",,786770.0
83402,134323,Thu Nov 30 13:45:15 +0000 2017,@AmazonHelp why is your customer service so awful,83401,
1212223,404524,Wed Oct 25 12:38:04 +0000 2017,@AmazonHelp So that’s how I know it was stolen and not misdelivered. How do I report this?,1212222,1212224.0
1662028,430076,Tue Oct 17 15:17:57 +0000 2017,"@AmazonHelp Was könnt ihr machen, wenn die Packstationen voll sind und die Lieferungen so umgeleitet werden, dass man nicht mehr rankommt? @124285",,1662027.0
1621310,496826,Sun Nov 05 16:54:47 +0000 2017,@AmazonHelp There was a whole extra step we just went through to get to the same place - on hold. Sigh.,,1621309.0
786514,307625,Thu Oct 12 09:48:48 +0000 2017,@AmazonHelp Via e-mail to which they told me I don't have Amazon account so they can't respond to me. After previously respondin to me on the same email,786515,786513.0
2497916,347092,Thu Nov 02 18:14:26 +0000 2017,@197649 @AmazonHelp No worries. I hope you enjoy yours. Second gen better be of some use. Keep me posted!,2497917,2497915.0
458942,223993,Fri Dec 01 04:15:09 +0000 2017,"@AmazonHelp Update... delivered 11:08 PM. 

Was in bed, only woke up bc my phone went off. Glad it's here, lucky i was easily woken up or it would have been in the cold temps all night. Thanks for trying to help anyways. https://t.co/Z6MUzbCpbX",458944,458941.0
1383834,442049,Sat Oct 28 09:34:56 +0000 2017,@AmazonHelp Hey there could the same balance be used for videocond2h recharge?? could you please provide the URL for the same......,1383835,1383832.0
1427916,451685,Mon Nov 06 15:14:02 +0000 2017,Grrr. Getting the #Echo setup is a humongous task. I seem to be failing at it. @115821 @AmazonHelp @115850,"1427915,1427917,1427918",
1291030,421910,Thu Oct 26 20:46:40 +0000 2017,"@AmazonHelp Yes, signing in is not an issue. Can we take this to DM?",1291031,1291029.0
1810692,543994,Wed Oct 18 03:53:58 +0000 2017,@AmazonHelp Yes,1810694,1810691.0
897093,333031,Sat Oct 21 02:31:53 +0000 2017,"@TwitterSupport @115821 @AmazonHelp 
The artwork for my new Paperback edition isn't showing like my Kindle is. Can you help please? Thanks.",897091,
69624,131778,Thu Nov 30 10:08:39 +0000 2017,"@AmazonHelp It doesn’t say for most items. It says one-day delivery, and that doesn’t appear to be true.",,69623.0
2621053,740591,Fri Nov 17 15:56:57 +0000 2017,@AmazonHelp hola chicos cuando en españa en la plataforma de prime va a estar disponible la 3ra temporada de Fear the Walking Dead?,2621052,
2550660,724648,Mon Oct 30 15:28:20 +0000 2017,@AmazonHelp Thanks,,2550659.0
1354439,435856,Fri Oct 27 19:45:16 +0000 2017,"@AmazonHelp to get my money also i need to wait for not known time/system.
no sense people. i am going to sue you people.",,1354437.0
1562343,482569,Tue Oct 17 04:18:13 +0000 2017,@AmazonHelp I have ordered Nokia8 and select one day delivery option. But product not deliver within on day .,"1562344,1562342",
2448285,395207,Wed Nov 15 02:28:09 +0000 2017,@AmazonHelp Really with this link? One of the tips is to “look around”?!? Ummm I️ need info on how to get the item I️PAID for...,2448284,2448286.0
2745964,768994,Mon Nov 20 22:26:45 +0000 2017,@AmazonHelp Yes!!!! In a major way. Today is the delivery day... between the 20th and 24th and it has not even been sent to shipment. Plus where’s the point in having prime if I don’t get the agreed standard shipping (4-5/5-7days)????,2745966,2745963.0
1211673,404394,Thu Oct 26 09:52:07 +0000 2017,@AmazonHelp Ok. But how will i be sure enough that you had taken proper action against your employee who passed misinformation to me and behaved rudely,1211677,1211672.0
1507261,469815,Fri Nov 03 13:24:08 +0000 2017,"@AmazonHelp こんばんは。はじめまして。ご質問なのですが、Amazonビデオで、ナショナルジオグラフィックのメーデーを視聴したかったのですが…今現在、視聴出来なくなっていますよね…？
いつかまた視聴できる日は来ますか…？",1507260,
752384,299823,Wed Oct 11 14:31:03 +0000 2017,"@AmazonHelp I guess seeking help on Twitter was a waste of time, too. 😖",,752382.0
1366088,438019,Mon Nov 27 11:45:29 +0000 2017,@AmazonHelp Ciao. Segnalato al servizio clienti sabato pomeriggio e casualmente sabato sera i tre pacchi che aspettavo sono stati danneggiati e non arriveranno più. Vostro corriere +++,1366089,1366087.0
585701,257375,Sun Dec 03 15:21:27 +0000 2017,@AmazonHelp Thank you for the response. I know mistakes happen .. but today is totally wrong time for a mistake for me..,585703,585700.0
2726813,742475,Mon Nov 20 13:13:50 +0000 2017,@AmazonHelp did we have old phone exchange offer for oneplus 5t tommarow prime only sale..?,2726812,
2319545,672301,Mon Nov 13 12:50:57 +0000 2017,"@AmazonHelp Schön, eine Gesamtspielzeit wäre auch prima.",2319544,2319546.0
2611607,280805,Fri Nov 17 12:00:49 +0000 2017,@AmazonHelp Non,,2611606.0
258807,177532,Thu Oct 05 20:54:00 +0000 2017,@AmazonHelp I'm a Multi-Channel FBA seller. I have been working with SS for almost a month. I'm pulling my hair out in need of a assistance/escalation.,258809,258806.0
1188103,399397,Wed Oct 25 00:17:13 +0000 2017,"@AmazonHelp my replacement vinyl has the same issue as the initial one i ordered, do you guys actually know how to treat vinyls",1188102,
1125068,146838,Sat Nov 25 11:51:14 +0000 2017,"@AmazonHelp I'm not bothered about the inconvenience, only your mislabelling. If it said ""Deliver on Tuesday"" fine but to say ""Next day delivery: Tuesday"" makes no sense.",,1125067.0
1955822,580474,Wed Oct 18 16:55:10 +0000 2017,"@AmazonHelp ""Reach out?"" What sort of cunt do you think I am?",,1955820.0
2176417,637991,Thu Oct 19 12:52:31 +0000 2017,@AmazonHelp Trust me but your support team has been proved useless. They cannot get the courier delivered even after waiting 14 days.,"2176418,2176419",2176416.0
277272,182232,Sat Oct 14 13:56:04 +0000 2017,"@AmazonHelp Different browsers, computers, operating systems!",277274,277271.0
1562380,306166,Tue Nov 14 01:37:55 +0000 2017,"@AmazonHelp You have a checklist and my issue does not figure in it.  How can you guys be so arrogant as to assume you've covered it all? I need someone to call me asap, and refund my money. This issue has been going on with false promises for 1.5 months!!",1562381,1562379.0
99794,137847,Thu Nov 30 20:55:29 +0000 2017,@AmazonHelp @115851 @118702 @122599 @122951 @14281 @2517 @137849 @12180 @20871,99799,99791.0
140890,147793,Fri Nov 24 12:03:21 +0000 2017,@AmazonHelp Can you tell drivers not to throw the parcels over 8ft high fences please.,140889,140891.0
384466,207034,Wed Oct 11 03:56:52 +0000 2017,@AmazonHelp Refund &amp; apologies r not the options to get escaped from th customer issues. U guys became irresponsible after dispatching orders. Call me.,384467,384465.0
782345,306748,Sat Nov 25 09:22:38 +0000 2017,@AmazonHelp Tried everything but no use!,782347,782344.0
2302268,668112,Sun Nov 12 18:39:08 +0000 2017,"@AmazonHelp Ok, aber wie kann ich dann diese Videos kaufen, z.B. Rogue One? Gibt es da also rein gar keine Möglichkeit, und ihr schließt einen kompletten Kundenkreis aus?",2302270,2302267.0
1749449,527291,Tue Nov 07 17:54:14 +0000 2017,@AmazonHelp I've been on the phone with customer service for an hour and they can't tell me why this issue is occurring. It's VERY frustrating,1749451,1749448.0
622553,267761,Wed Nov 22 17:37:17 +0000 2017,@AmazonHelp 😯 Good idea!!,,622552.0
2538999,722073,Thu Nov 16 09:56:21 +0000 2017,@AmazonHelp Resolve the issue in this forum!! Don’t want to take offline!!,,2538996.0
2104955,511103,Wed Nov 08 12:55:51 +0000 2017,"@AmazonHelp D'ailleurs comme je n'ai pas été livré au Jour J, quelle est le moyen de se faire rembourser les frais de ports payés à cette occasion ?",2104953,2104957.0
972310,350638,Sun Oct 22 09:59:28 +0000 2017,@AmazonHelp Is it about GST?,,972306.0
2310055,214881,Mon Nov 13 03:57:49 +0000 2017,@AmazonHelp Will I be able to change the payment method of the order I placed recently?,2310053,
1412454,124791,Mon Oct 16 17:55:23 +0000 2017,"@AmazonHelp Never mind :)
Very Happy Diwali 🙏😊",,1412453.0
2408736,692620,Tue Nov 14 15:36:42 +0000 2017,"@AmazonHelp this is just ridiculous....i paid for expedited shipping...not only is it over 2 weeks late, it is LOST! https://t.co/UZtHC7gCsx",2408735,
341413,197573,Thu Oct 26 19:39:24 +0000 2017,@AmazonHelp Yes last night.Its just giving me a blank white screen when the connection is made then cuts off,341412,341414.0
1314371,208983,Mon Oct 16 11:28:49 +0000 2017,"@AmazonHelp Oui, j'ai reçu un mail ce matin me disant que l'article était expédié et qu'il arriverai Jeudi. :/",1314372,1314370.0
785079,296764,Thu Oct 12 07:28:44 +0000 2017,@307349 @115850 @115851 @AmazonHelp I told him order is delayed &amp; he promised early morning delivery. The guy said i dont know &amp; started talking rudely.,785077,784034.0
169519,155478,Fri Nov 24 21:39:05 +0000 2017,@AmazonHelp Hi.   I ordered yesterday at 12.44 and delivery was confirmed for today.   Got an update at 8pm tonight that it’s not coming and to contact Amazon if not revived by Wednesday!,"169521,169522",169518.0
398697,210294,Tue Oct 10 03:53:31 +0000 2017,@AmazonHelp @210293 Wat wud be the runtime of #ArjunReddyOnAmazonPrime,398698,398696.0
663815,278202,Thu Nov 23 02:04:25 +0000 2017,"@AmazonHelp La maravilla de The Grand Tour, recuperar a Jeremy Clarkson, Richard Hammond y James May es de la mejores cosas que hicisteis, enorabuena y gracias! Esperando la temporada 2!",663814,663816.0
1604751,492306,Sun Nov 05 13:46:18 +0000 2017,@AmazonHelp @492305 Inhe kuch ni samajh aata @492305  u should not display your order numbers in public .. DM are made for this,,1604750.0
1381497,320150,Sat Oct 28 06:27:08 +0000 2017,@AmazonHelp There you guys sending me repeated emails again and again as reply 🕵️😳,,1381492.0
1344489,433535,Fri Oct 27 17:36:31 +0000 2017,@AmazonHelp I would like to see Selma Blair vomit green goo and twist her head 360º.,,1344488.0
222698,169201,Thu Oct 05 16:31:03 +0000 2017,"@AmazonHelp Not an issue with ISP, it works on laptop. Issue is specific to 3 mobile devices i have.
Reinstall, deleteion of cookies didn't work either",222700,222697.0
377975,205686,Mon Oct 09 04:23:23 +0000 2017,@AmazonHelp 返事来ません(T_T),"377974,377976",377977.0
1304228,424766,Mon Oct 30 00:06:25 +0000 2017,"@AmazonHelp Yup, restarted, deleted and redownloaded too! I’m using an iPhone 6s that’s updated.",1304230,1304227.0
56883,128885,Thu Nov 02 04:14:33 +0000 2017,"@AmazonHelp 416 003 or 416 012 are my first choice of pin codes..
If it's not eligible then I'm going with 416030 which is pune based pin code.",56884,56881.0
2122252,625239,Wed Nov 08 18:31:24 +0000 2017,"@AmazonHelp @625238 Men has a huge contribution towards our Society &amp; Country. Appreciate their work &amp; responsibilities towards our Nation. Celebrate #MensDay19Nov this year.
This will be #GenderEquality in true sense. Men are also Humans",,2122251.0
440284,129966,Wed Oct 25 16:25:23 +0000 2017,@178439 @AmazonHelp @51795 En que te podemos apoyar? #IB,"1224570,1224571",440283.0
1573506,484990,Sat Nov 04 14:42:57 +0000 2017,@484989 @AmazonHelp It's second gen.  They stopped making the 1st gen over a year ago.,,1573503.0
335226,195906,Sat Oct 07 20:43:49 +0000 2017,@AmazonHelp did you get rid of the £5.99/month prime video membership? i moved to £7.99/month i want to go back to £5.99 how do i do this?,335224,
778162,305547,Thu Oct 12 12:12:00 +0000 2017,@AmazonHelp Nobody has come for technical verification,"778163,778164",778161.0
1633194,499708,Sun Nov 05 20:41:50 +0000 2017,@AmazonHelp I got the usual “reset it. We will call in an hour”. I concacted Comcast twice and they verified no WiFi issues. I reset it at least15 times,1633214,1633191.0
619192,266929,Wed Nov 22 15:34:25 +0000 2017,"@AmazonHelp No, no tengo ninguna llamada ni ningún teléfono y desde atención al cliente telefónico no me dan nada, que lo tienen que hacer ellos en mi nombre. El transportista no se ha dignado a llamar para confirmar",619193,619191.0
453187,222526,Thu Nov 30 23:08:05 +0000 2017,@208006 @AmazonHelp Exactly why I canceled prime. They’ll send it out from the warehouse @ the last minute so it can’t arrive in 2 days and when I complained they blamed the post office/ups,,453184.0
1108212,381547,Wed Nov 08 12:43:21 +0000 2017,"@AmazonHelp Leider kann euer Kundenservice seit 2 Tagen nicht weiterhelfen. Keiner der Mitarbeiter weiß warum das so lange dauert! Es geht um Bestellnr 303-9567070-6224365 - bitte schickt mir das Paket bald zu. Ich will es aufjedenfall haben, eine Stornierung kommt auf keinen Fall in Frage.",1108210,1108214.0
539744,245182,Sun Nov 26 21:21:59 +0000 2017,"@AmazonHelp Um euch Euer kollektives Versagen mal zu verdeutlichen. Ihr habt mir gesagt der Fire-Stick hat eine Option die er nicht hat. Ich habe ihn deshalb nochmal gekauft. Ihr habt mich belogen. Ihr scheint das nicht zu verstehen, stattdessen solche Sachen... https://t.co/Ejj5JhGs6a",539743,539745.0
510407,237261,Fri Dec 01 22:47:57 +0000 2017,@AmazonHelp https://t.co/MXttsETzeh This was the link I tried multiple times over the last week. Is there any way to still get the promotion. These were the movies I was trying buy. https://t.co/any9tRj3BB,510409,510406.0
2061330,442410,Thu Oct 19 01:31:23 +0000 2017,"@AmazonHelp is it possible for this order to reach sooner rather than tomo?it is still being shipped tho, despite placing stop and return request on 17",2061331,2061328.0
86071,134791,Thu Nov 30 17:26:07 +0000 2017,@AmazonHelp I asked a Question. Will you honour it because all it seems like at the moment is your dragging it out the 3 days an then it will be cancelled regardless,,86070.0
644058,272885,Thu Oct 26 17:05:05 +0000 2017,@AmazonHelp @AmazonHelp Haven't received any email. Last mail I got from Amazon on 20 Oct which was ACK email,644057,644059.0
158663,152474,Fri Nov 24 17:56:17 +0000 2017,"@AmazonHelp It's not from my account , I also know how to track own order. I only have the tracking number. Please help if you can .",158662,158664.0
23980,121155,Wed Nov 01 10:42:34 +0000 2017,@AmazonHelp one of your amazon colleagues said there is an issue with the system and that it is currently being fixed,,23979.0
687814,284276,Thu Nov 23 14:36:42 +0000 2017,@AmazonHelp Amazon lo cual es raro por qué la verdad nunca había tenido problemas !,687815,687813.0
1082936,142724,Mon Oct 23 17:39:47 +0000 2017,@AmazonHelp I've tried on your app and also on safari but on a iPhone,1082938,1082935.0
2712491,761536,Mon Nov 20 03:44:33 +0000 2017,@AmazonHelp すごく助かりました！また何か有りましたらお願い致します！ありがとうございます！,2712492,2712490.0
782513,172598,Thu Oct 12 06:45:23 +0000 2017,"@115850 @115821 @115830 another #Fake_promise from @AmazonHelp 😁
nowadays after becoming No1 #Amazon_India customer care going down2hell https://t.co/e5SVmgNfPW","782511,782518",
680404,282346,Sat Nov 25 13:00:14 +0000 2017,"@AmazonHelp You guys need to really work on your Customer Support reps, I get a different answer each time.",680405,680403.0
1095967,378627,Sun Oct 15 07:30:13 +0000 2017,@378626 @AmazonHelp Une chance je pense,,1095964.0
1114339,382996,Sun Oct 15 10:19:58 +0000 2017,"@AmazonHelp hi, need help regarding exchange offers. Kindly contact ASAP.","1114340,1114338",
125299,144098,Fri Nov 24 03:26:38 +0000 2017,"@AmazonHelp Denke schon, dass geht ja alles automatisch. Es steht zumindest da, dass alles aktuell ist",125301,125298.0
1330228,270757,Fri Nov 10 09:24:15 +0000 2017,"@AmazonHelp Hi are you still looking into it. I said in advance nobody at Amazon helps its customers as, the company itself is involved in selling fake products Please, would request to one and all to go through entire chain of tweets before deciding to buy anything from Amazon.",1330224,1330229.0
122778,143394,Fri Nov 24 00:22:44 +0000 2017,"@AmazonHelp The home screen won’t load and the voice search takes 10 seconds to start. Even when I get it to load and movies to play, they stutter and click and pop. It’s sitting 4 feet from my router on a perfectly stable 60 MB/down connection. Underpowered, too little RAM. Flawed device.",122777,122779.0
2725936,764463,Mon Nov 20 13:03:01 +0000 2017,@AmazonHelp Thank you,,2725935.0
2331877,316435,Fri Oct 20 01:16:49 +0000 2017,@AmazonHelp hi there. I've just sent you a DM.,2331876,
1688629,171992,Mon Nov 06 20:21:24 +0000 2017,"@AmazonHelp 2nd. Using voice remote to access video. Ask for Homeland it takes me to Netflix, which I have. Ask for Blue Bloods, takes me to Hulu.",,1688627.0
340178,197180,Sun Oct 08 00:18:43 +0000 2017,"@AmazonHelp To be clear, the reps I spoke with 4 hrs ago were great and were the ones who suggested I call back if the issue persisted.",,340177.0
1702152,504173,Mon Nov 06 18:30:06 +0000 2017,@AmazonHelp Nah. Same address I’ve been at for over 3 years.,1702151,1702153.0
86119,134800,Thu Nov 30 14:24:44 +0000 2017,"@AmazonHelp Just found out UPS showed up and left a notice about me not being here to receive the package, they did not even ring the bell.",86121,86118.0
280679,182810,Fri Oct 06 12:19:44 +0000 2017,@AmazonHelp I have reported it million times. U want me to do so again ??,280681,280678.0
2126759,346603,Wed Nov 08 18:42:15 +0000 2017,@AmazonHelp Hi there. I have two orders that were meant to arrive by 2nd November. Are you able to check and see whats going on? Thanks!,2126757,
353178,199972,Sun Oct 08 13:45:49 +0000 2017,@AmazonHelp yes- spoke to customer service- blah blah blah response,353180,353177.0
1081451,375105,Mon Oct 23 19:38:20 +0000 2017,@AmazonHelp I've got Prime but how can I watch the walking dead season 8 on Prime?,1081449,
1519197,225539,Fri Nov 03 16:28:24 +0000 2017,@AmazonHelp Can you help me with my order,1519193,
737125,161901,Wed Oct 11 12:29:02 +0000 2017,@AmazonHelp How can I raise this to support?,737126,737124.0
344119,197847,Sun Oct 08 02:55:50 +0000 2017,@AmazonHelp I've already contacted support 2 complain specifically about this and asked for carrier feedback to be passed along but only got 'I'll try',,344118.0
313636,190894,Sat Oct 07 05:44:59 +0000 2017,@AmazonHelp I HAVE ALREADY SPOKEN TO YOUR TEAM. THEY DON'T GIVE A CRAP!,"313638,313639",313635.0
2420267,695254,Sun Oct 29 13:13:33 +0000 2017,@AmazonHelp I don't care my number but u find out my problem and resolve it,,2420266.0
223919,169503,Thu Oct 05 05:16:39 +0000 2017,@AmazonHelp Thx - got the Contact Us problem sorted out.,,223918.0
2483736,648648,Mon Oct 30 00:28:06 +0000 2017,@AmazonHelp https://t.co/IMAm8jHQkY,,2483732.0
537490,157042,Sun Dec 03 03:55:57 +0000 2017,@AmazonHelp So another rep later said that I could put it on hold with UPS after shipped which is what I was requesting in the first place but now everything’s in January 😖,,537489.0
1559920,482013,Sat Nov 04 13:33:46 +0000 2017,@AmazonHelp y'all got me fucked up,1559922,1559919.0
881095,329212,Fri Oct 20 19:25:00 +0000 2017,@AmazonHelp is the site down in general or am I just special right now?,881093,
973614,350896,Sun Oct 22 18:49:40 +0000 2017,@AmazonHelp Parcel there and undamaged,973617,973612.0
95317,136727,Thu Nov 30 16:13:12 +0000 2017,"@AmazonHelp J'ai l'habitude maintenant.😁A chaque fois que c'est Colis Privé qui s'occupe des livraisons je dois contacter votre SAV.😆",95319,95316.0
215119,167110,Thu Oct 05 02:13:55 +0000 2017,@AmazonHelp I've done that last time. Didn't help.,215121,215118.0
1863305,556761,Fri Oct 20 11:21:44 +0000 2017,@AmazonHelp @Tesco Could @Tesco clear the details of the guarantee up?,"1863306,1863304",1863307.0
585681,258282,Sun Dec 03 15:13:07 +0000 2017,@AmazonHelp How does this help me get my item? I will fill out a survey and absolutely zero will happen!,"585683,585684",585680.0
2176384,637987,Thu Oct 19 12:31:25 +0000 2017,@AmazonHelp thank yiu,,2176383.0
1767481,146345,Tue Nov 07 22:35:52 +0000 2017,@AmazonHelp Spent nearly hours on chat later this evening Still got nowhere Agent refused to escalate so called via phone to be told no manager working,,1767480.0
2319322,672264,Mon Nov 13 12:22:48 +0000 2017,"@AmazonHelp Hey, PJ! Email says Friday, Nov 17. I'm confused bc the items ordered yesterday are all prime eligible. https://t.co/ffPy7DSDZw",2319324,2319321.0
2394967,689506,Sun Oct 29 08:54:25 +0000 2017,@AmazonHelp Submitted the detail hope this will get resolved asap.,2394968,2394966.0
47912,126715,Wed Nov 01 17:06:30 +0000 2017,"@AmazonHelp 
I do I know if this even true ?
Could it be a fake email? How do I know if I do indeed have prime ?",47914,47911.0
287876,183542,Fri Oct 06 16:37:36 +0000 2017,"@AmazonHelp How many times I have to contact them. Your team has no collaboration at all. Roamed a lot #WhereIsMyPacket 
https://t.co/8KP316KcfN",287877,287875.0
2746004,158716,Mon Nov 20 21:49:12 +0000 2017,@AmazonHelp do you keep track of how many packages don't make delivery on target?,2746003,
1676632,204455,Fri Oct 20 09:31:34 +0000 2017,"@AmazonHelp I already replied several times no use, you guys are just wasting my time.cuatomer care also just spending the time and telling liies.",1676633,1676631.0
2217282,347600,Thu Oct 19 15:57:13 +0000 2017,@AmazonHelp Sended u email...Pls chk n refund as soon as possible,2217284,2217281.0
1147836,390136,Tue Oct 24 17:56:02 +0000 2017,@AmazonHelp  https://t.co/28gOoWgM1j,,1147835.0
2418456,55043,Tue Nov 14 18:26:01 +0000 2017,@AmazonHelp Ordered and delivered today on PrimeNow,2418457,2418455.0
923698,339212,Sat Oct 21 18:27:44 +0000 2017,@AmazonHelp Will do shortly,923699,923697.0
1394389,444274,Mon Oct 16 16:32:08 +0000 2017,"@AmazonHelp This is the same page I used to submit a complaint yesterday. Timestamped 2142hrs yesterday UK time, order number 205-9281396-2817969",1394391,1394388.0
89308,135311,Thu Nov 30 14:40:47 +0000 2017,@AmazonHelp We know how to turn them on as it's one of the reasons we signed up for Amazon because of decent CC / subtitle access before,,89306.0
888449,330946,Sat Nov 25 16:02:50 +0000 2017,@AmazonHelp Thanks. On a web chat with someone now.,,888448.0
707907,289230,Tue Oct 10 19:53:30 +0000 2017,Hey @AmazonHelp kommt die pantry box auch wirklich Freitag und nicht früher? Wenn das da steht?,707905,
922218,338925,Sat Oct 14 04:51:18 +0000 2017,@AmazonHelp Thank you!,922219,922217.0
2514686,716462,Mon Oct 30 08:37:02 +0000 2017,"@AmazonHelp me llega un libro NUEVO en estas condiciones, con Amazon Prime, después de esperar 12 días https://t.co/PTvD3m3Ppa",2514685,
1872017,481701,Wed Oct 18 12:45:56 +0000 2017,@AmazonHelp If that's the case than what is preventing you from doing a replacement 2nd time?,"1872018,1872019",1872011.0
1594640,490013,Tue Nov 07 16:13:37 +0000 2017,@AmazonHelp This  abysmal! The item is a gift that is now too late for the occasion. Get it together please &amp; get it to me tomorrow evening. #badservice,1594641,1594639.0
473237,227687,Fri Dec 01 09:35:58 +0000 2017,@AmazonHelp Says today by 8pm buuut this happened with my skyrim preorder which eventually got cancelled as there was “no stock” so I had to search it out myself.hence why I have no faith in this order being delivered today.,473236,473238.0
823591,316186,Fri Oct 13 00:53:38 +0000 2017,@AmazonHelp I'll send you a DM now.,823593,823590.0
471583,227291,Fri Dec 01 08:39:44 +0000 2017,"@AmazonHelp No me refiero a la mala experiencia pasada; me refiero a como evitarlas en el futuro.
Gracias",471581,471584.0
525627,241603,Sun Dec 03 03:50:09 +0000 2017,@AmazonHelp And what will manufacturer do when seller is selling old products? Manufacturer will say that I must contact seller. You just want me troubled,,525626.0
1983560,587124,Wed Oct 18 18:21:46 +0000 2017,Always frustrating when sites make you get an email verification abroad but they expire before they arrive... @AmazonHelp help! lol,1983558,
2644758,746220,Tue Oct 31 04:43:09 +0000 2017,@AmazonHelp you can help me by delivering my package tonight,,2644757.0
1771689,532544,Sat Nov 11 10:51:07 +0000 2017,@AmazonHelp eure Chat Support kann man aktuell ja leider komplett vergessen.,1771687,1771690.0
230205,170843,Thu Oct 05 10:58:57 +0000 2017,@AmazonHelp Don't really want to after the first time. Really annoyed it's been fixed and found out myself. Nobody got back to me. Case opened Sept 16th,,230204.0
394949,169172,Tue Aug 23 19:03:24 +0000 2016,@115830 @AmazonHelp 7th day requesting any kind of response,394947,395389.0
308917,189760,Sat Oct 07 01:05:28 +0000 2017,@AmazonHelp We have our order now.,,308915.0
107257,139821,Thu Nov 30 18:26:10 +0000 2017,@AmazonHelp Still nothing posted. What are the odds anyway?,"107255,107259",107260.0
1123640,384985,Sun Oct 15 16:08:38 +0000 2017,@AmazonHelp And it's so lame that 2 orders got cancelled. Once the customer service said the delivery agent refused to deliver. Seriously ????,,1123635.0
783280,199798,Sat Oct 14 19:15:14 +0000 2017,"@AmazonHelp If my credit card amount deducted we will see u in Court 
Pura ghar wakilo SE bhara hi",783282,783278.0
2686779,584717,Tue Oct 31 17:30:46 +0000 2017,My anger towards @115821 is reaching Blockbuster levels. One can only hope they suffer the same fate as that misleading company. @AmazonHelp,2686773,
2124797,273384,Wed Nov 08 18:55:35 +0000 2017,"@AmazonHelp Non je n’ai pas suivi à vrai dire 😅, qu’est-ce que c’est ?",2124798,2124796.0
444400,220270,Wed Nov 22 16:35:15 +0000 2017,"@AmazonHelp Lo he hecho y no ha sido posible para la compañía cambiar la dirección, puesto que ya ha sido un enviado desde UK. ¿Qué puedo hacer ahora?",444401,444399.0
1125019,231087,Sat Nov 25 18:33:05 +0000 2017,"@AmazonHelp for almost 2 weeks I have been trying to cancel a 2nd account, non Prime.  Leaving the Prime account alone.  Link, phone call, my calling to no avail. between you &amp; phone it's the blind leading the blind.  Not a happy customer &amp; I've been a very loyal one.",1125018,1125020.0
762427,302175,Wed Oct 11 20:54:36 +0000 2017,@AmazonHelp I did contact the same and I'm getting no useful reply. I just want a genuine answer from you,763068,762426.0
2302234,668109,Sun Nov 12 18:57:10 +0000 2017,"@AmazonHelp two people have now told me the refund has gone through (for the wrong amount I may add) and that I have an email confirming this ""instant refund"". The emails do not state it is completed as promised, merely that it's been requested. #tradingstandards anyone? I have screenshots.",2302236,2302233.0
258737,177530,Sat Sep 16 18:54:24 +0000 2017,"@AmazonHelp @4030 @118702 @115937 @4110 @4168 @119356 @115821 @131283 @144775 @2517 @115830 @115850 Dear Amazon,
What is ur excuse today? Heard, you've started lying as well?
Are u tired of selling faulty e-products? :)
#ScamAtAmazon
#Day30",258736,258738.0
462542,224927,Fri Dec 01 02:39:47 +0000 2017,"@AmazonHelp Oh, this is a different order. Twice in one week. And yeah, we already chatted. An extra month of Prime doesn't really do much  for me at this point, thanks though.",,462541.0
1204451,219482,Wed Oct 25 11:13:10 +0000 2017,"@AmazonHelp I have not get any mail in last 6 hr. 
@115850 @amazonHelp",1204452,1204450.0
253380,176237,Thu Oct 05 18:00:03 +0000 2017,@AmazonHelp That info is inaccurate. There is no “Dash devices” under “Your account”. There is a “Your Dash buttons” but it goes to virtual console(1/2),,253378.0
326298,193736,Sat Oct 07 15:51:33 +0000 2017,@AmazonHelp 406-5251809-1751532 why charges for amazon pantry when the order is above 1k,"326297,326299",
2184746,639886,Thu Nov 09 17:05:45 +0000 2017,@AmazonHelp No its not,2184745,2184747.0
476130,228176,Fri Dec 01 11:05:15 +0000 2017,"@AmazonHelp A ello voy, Gracias!",476132,476129.0
2483954,709639,Wed Nov 15 15:42:50 +0000 2017,@AmazonHelp Vous vous lisez entre vous ou pas ? Moi je veux juste mon compte mdr,2483956,2483953.0
1349318,434653,Mon Oct 16 17:34:51 +0000 2017,@AmazonHelp That's a hard copy on delivery.. I am looking for PDF.. and in my orders page I only see 'request invoice' link.. no download invoice link..,1349320,1349317.0
475053,228057,Fri Dec 01 12:07:49 +0000 2017,@AmazonHelp No point. They have finally both turned up just now. Ta.,475054,475052.0
264432,122924,Tue Sep 19 06:18:20 +0000 2017,"@179012 @AmazonHelp Guten Morgen, soll so überhaupt nicht sein. Nenne mir bitte via DN die Auftrags-Nr damit ich es kläre lassen kann^n",264431,264433.0
1005110,353496,Mon Oct 16 09:32:14 +0000 2017,@AmazonHelp Finally received the product. But it is of no use for me as i ve to gift it to someone else. Anyway thanks 😒,1005111,1005109.0
347599,198776,Sun Oct 08 05:26:46 +0000 2017,@amazonhelp my order was supposed to ship on friday today is sunday sill nothing. My account wont even login :(,347598,
1141954,385327,Tue Oct 24 15:39:09 +0000 2017,@AmazonHelp Still I have replied to it. Help me or spare me from this hassle and refund my money back.,,1141953.0
1953289,579928,Thu Nov 16 13:11:42 +0000 2017,"@AmazonHelp Merci, je m'en occupe de suite dans ce cas.",1953290,1953288.0
564971,252362,Sun Dec 03 11:17:21 +0000 2017,@AmazonHelp Os llevo escribiendo por MD un rato y no me contestáis,564973,564970.0
227319,170167,Sat Oct 07 08:54:16 +0000 2017,@AmazonHelp Day 2: nobody turns up. The app doesn't show an updated status. I send a mail. Someone responds but no action is seen or taken,"227320,227321",227317.0
2311454,265712,Mon Nov 13 11:40:54 +0000 2017,@AmazonHelp Die vom. Kundenservice wollten meine Adresse haben und die Sperrhotline meiner Bank.. Ka wieso,2311456,2311453.0
825073,316502,Fri Oct 13 01:14:12 +0000 2017,@AmazonHelp  https://t.co/FuNjApQj74,825075,825072.0
780033,232612,Fri Oct 13 13:15:51 +0000 2017,@AmazonHelp @115821 fraud only,,780031.0
296407,186594,Fri Oct 06 20:21:27 +0000 2017,@AmazonHelp Contact the @32948 for information on the incident from today and   8/8/17 at 32 W. Emerson St https://t.co/EGLbRuc78M,,296406.0
442874,219973,Wed Nov 22 08:38:06 +0000 2017,@AmazonHelp hi! Do your prime subscriptions not run on a constant year to year basis?,442873,
1330216,430350,Wed Nov 15 14:05:34 +0000 2017,@270757 @AmazonHelp Whole @115821 and @115851 are fraud bro...they just care about their profit and not at all about the customer.,,1330213.0
1099829,186171,Sun Oct 15 07:35:21 +0000 2017,"@AmazonHelp here the point is,  status is updated twice as delivery delayed as requested by customer, but i didnt make any request",1099830,1099828.0
2549512,724381,Mon Oct 30 14:38:38 +0000 2017,@AmazonHelp Oh plz.stop irritatingdid each n evrthng Need my coins ASAPDID U GET THATEVN U ALL BLOCKED MY NMNR FRM CAL Bck also NT AbleTO CAL CSTMR SRVC,2549514,2549511.0
1763213,530477,Thu Nov 09 07:31:50 +0000 2017,@AmazonHelp Additionally I’ve had 8 hours of ‘chat’ over the last 2 days and got nowhere except told to claim through @530478 which I think is unacceptable when you took my money and sent me broken stuff,,1763212.0
1423039,450691,Thu Nov 02 19:57:05 +0000 2017,"@AmazonHelp Well, 4 minutes until 8pm BST. I'm not holding my breath for a delivery. Amazon logistics had once again screwed up.",,1423037.0
1379458,441143,Mon Oct 16 15:50:12 +0000 2017,"@AmazonHelp Part 2: Parcels get scanned by carrier as being delivered, 2 hours after the business has closed |(commercial address)",,1379456.0
701436,270743,Thu Nov 23 17:57:33 +0000 2017,"@AmazonHelp Danke.. ich weiss echt nicht mehr was tun, weil das Paket ja bezahlt wurde und es einfach nur ankommen soll..",,701435.0
1626311,497998,Mon Nov 06 01:03:46 +0000 2017,@AmazonHelp But what if it’s late 3 days after...,1626312,1626310.0
1898510,565811,Tue Oct 31 02:51:55 +0000 2017,"@AmazonHelp Haha oh no, everything's great! I just thought it was funny to ship my precious Mike and Ike's by themselves :) Thanks for checking though",1898509,1898511.0
491382,231831,Fri Dec 01 18:45:53 +0000 2017,"@AmazonHelp no, porque he tenido que ir a buscar al vecino a distintas horas para recibir mi paquete",491383,491381.0
141097,147589,Fri Nov 24 13:22:38 +0000 2017,"@AmazonHelp @115821 @1402 @8105 @1840
@AmazonHelp. Should i take a snap of ur email and post it? Everyone in Amazon speaks same lang? Do u guys bought any template or what? By the way the email i got is neither a resolution nor answer. Come to the topic. stop templating",141098,141096.0
2104394,621238,Thu Nov 09 01:05:56 +0000 2017,"@AmazonHelp The 9yo is happy again, but could only finish 1/2 the book since yesterday was his day off school and he was planning to read the whole thing. https://t.co/pa7OphvCRU",,2104392.0
1485351,464927,Fri Nov 03 09:02:42 +0000 2017,"@AmazonHelp OK..Pls suggest  what can be done?Went your website to mail you ,find no mail IDs,customer care no.in my profile no info f refund reference",1485352,1485350.0
1609117,494044,Sun Nov 05 12:29:43 +0000 2017,@AmazonHelp They didn’t advise anything they put me on hold that you cut me off,1609119,1609116.0
2402445,691170,Tue Nov 14 13:48:16 +0000 2017,"@AmazonHelp Alles klar. Immer wieder gerne :)
Vg",,2402444.0
665612,278566,Thu Nov 02 21:03:47 +0000 2017,"@AmazonHelp Hi, yes I have.  Because the Xbox is part of a bigger order and other items have been delivered it won’t let me change the delivery address.",665611,665613.0
1641394,501795,Mon Nov 06 00:06:51 +0000 2017,@AmazonHelp They were gifts to my son. We just signed him up for a teen account &amp; were trying to add them to his account.,,1641393.0
74641,132715,Thu Nov 30 15:42:29 +0000 2017,"@AmazonHelp Plz check now i have updated again and my refund/ replace date is 2 dec, then is this possible solved the issue before? https://t.co/m6rGVf7JBq",74642,74640.0
1912033,569557,Sat Nov 25 22:04:08 +0000 2017,"@AmazonHelp @569556 Wow, great after the horse has bolted, no fore warning. My kids will not be getting a Kindle from Santa.",,1912032.0
191500,161016,Wed Oct 04 15:45:23 +0000 2017,@AmazonHelp hi can you please DM me and met me know when i can expect my delivery today.,191499,
833929,261203,Fri Oct 13 07:29:32 +0000 2017,@AmazonHelp On your website it says you have 4 left yet I’ve been waiting since last Friday.,,833926.0
30509,122719,Wed Nov 01 14:14:56 +0000 2017,@AmazonHelp No one contacted to me,30511,30508.0
2117623,624121,Thu Oct 19 09:47:05 +0000 2017,@AmazonHelp Pointless. Your customer service is useless. You can take my account number from a DM a sort. As do other better companies.,,2117622.0
651705,274977,Wed Oct 11 04:49:40 +0000 2017,@AmazonHelp @18220 Filed a FIR with police NRK1755318 @41670 @1754 @11852 @18220,,651701.0
2726811,764554,Mon Nov 20 13:43:26 +0000 2017,@AmazonHelp I've been cut off from the chat line now.  very bad service by Hasmi.  Didn't wait for me to answer him back.,,2726810.0
2317160,671824,Mon Nov 13 08:00:32 +0000 2017,@AmazonHelp Thanks!,2317162,2317159.0
2360452,681662,Mon Nov 13 20:53:42 +0000 2017,@AmazonHelp tengo problemas con mi servicio de video pueden ayudarme ?,2360450,
59563,129586,Thu Nov 02 20:49:28 +0000 2017,@AmazonHelp it's being investigated. I've tried to cancel and heard nothing else. Don't get how a gift card has taken this long! 😔,59564,59562.0
2113707,296140,Wed Nov 08 17:25:44 +0000 2017,@AmazonHelp Jepp! Sogar 'nen anderen Rechner! Irgendwie ist gerade der Wurm drin. Vielleicht klappt es morgen wieder?,2113709,2113706.0
1265690,416378,Sun Oct 29 15:08:12 +0000 2017,@AmazonHelp 48hrs completed. No action from your team. Is this the quality of Amazon resolution team?,1265697,1265688.0
456604,223429,Fri Dec 01 01:10:26 +0000 2017,@AmazonHelp Absolutely ridiculous...it’s in Orlando...one hour away!,456607,456602.0
331286,194881,Sat Oct 07 20:20:43 +0000 2017,@AmazonHelp Who provide courier charges?,331287,331285.0
2689376,756110,Sun Nov 19 15:33:35 +0000 2017,@AmazonHelp I will. Was supposed to arrive last night but apparently one of your drivers got scared of my driveway?,,2689375.0
2401791,182223,Fri Oct 20 14:24:32 +0000 2017,@AmazonHelp  fuck,,2401790.0
285567,184027,Fri Oct 06 16:09:18 +0000 2017,"@AmazonHelp FYI

NAME : AJAY SHANKAR
ORDER NO.: 4__credit_card__
ORDER DATE : 29.09.2017
INVOICE DATE : 04.10.2017
PAYMENT DONE BY CREDIT CARD",,285564.0
2299739,667488,Mon Nov 13 19:09:33 +0000 2017,@AmazonHelp gracias,2299741,2299738.0
34514,123480,Wed Nov 01 15:58:21 +0000 2017,"@AmazonHelp Yes, it is",34516,34513.0
2585508,732638,Fri Nov 17 00:15:54 +0000 2017,"@AmazonHelp Hi! I can see the details of my order, but I can't see carrier info - whereabouts should I be looking exactly? Appreciate the speedy reply 👌",2585507,2585509.0
2299501,667436,Sun Nov 12 16:26:31 +0000 2017,@AmazonHelp In the confirmation email I was told Monday however yesterday I received an email saying it was being delivered yesterday,2299502,2299500.0
25858,121649,Thu Nov 02 12:08:41 +0000 2017,@AmazonHelp Done. No contact yet.,25859,25857.0
2553840,725305,Thu Nov 16 15:35:50 +0000 2017,"@AmazonHelp However, their system says delivery by 8PM Saturday",,2553839.0
158857,152514,Fri Nov 24 17:41:01 +0000 2017,@120533 @AmazonHelp 😢 tu l'as pas fait la PS4 à 199€ 😭 pourquoi,158856,
1197170,144759,Wed Oct 25 02:27:55 +0000 2017,"@AmazonHelp For the past couple of days, I keep getting this message when I try to move items to my idea list. Any idea what the issue is? https://t.co/687Fg4tE2h",1197169,
350091,199288,Sun Oct 08 07:24:07 +0000 2017,@AmazonHelp again disappointed by the seller of amazon. Delviering wrong product in d name of other product,"350090,350092",
260414,177964,Thu Oct 05 20:59:02 +0000 2017,@AmazonHelp carriers is aHORRIBLE idea. Day 3 of attempting to find my address.  USPS does it and they are incompetent. This is ridiculous!!,260411,
627735,268672,Wed Nov 22 19:07:37 +0000 2017,"@268671 @AmazonHelp Hermano, ya no compres en Amazon, segunda vez que te quedan mal, 🤷🏻‍♂️",,627732.0
2663576,750594,Tue Oct 31 08:15:56 +0000 2017,"@AmazonHelp Ok, Thanks",2663577,2663575.0
866132,323704,Fri Oct 20 16:53:22 +0000 2017,"@AmazonHelp I received an email as a Prime Customer for £15 off an Amazon Fire Stick, but the promotional code WASN'T on it?  Can you help?",866131,
131670,145695,Fri Nov 24 11:16:51 +0000 2017,"@AmazonHelp D’accord, je me posais la question car mon compte n’était pas encore débité mais merci, bonne journée !",131671,131669.0
244167,173992,Thu Oct 05 14:48:59 +0000 2017,@AmazonHelp Thanks for informing,,244166.0
2611596,738470,Fri Nov 17 12:20:18 +0000 2017,@AmazonHelp Thank you!,,2611595.0
619211,266934,Wed Nov 22 15:14:02 +0000 2017,"@AmazonHelp @115850 @AmazonHelp 
Now it says delayed by 3 days!
So much for the #AmazonPrime membership???
Pathetic customer service!
You decide if #primesucks or not ? https://t.co/mkJaFP8LFY",619212,619209.0
385914,207364,Mon Oct 09 13:39:53 +0000 2017,@AmazonHelp you can contact me on email id __email__ or WhatsApp number : +91 8340991780,"385915,385916",385913.0
141942,148037,Fri Nov 24 13:51:06 +0000 2017,@AmazonHelp  https://t.co/mRggxGBFvS,"141944,141945",141939.0
1616779,495794,Sun Nov 05 17:53:22 +0000 2017,@AmazonHelp Pendiente de envío aún,1616782,1616778.0
2708455,760578,Mon Nov 20 00:47:35 +0000 2017,@AmazonHelp I DM'd you the details,,2708454.0
608067,264525,Wed Nov 22 12:55:50 +0000 2017,"@AmazonHelp I even asked if I could pick it up locally, since it has been in Louisville since 11/20.  I was told this wasn't an option.",,608066.0
434561,218248,Tue Oct 10 17:16:29 +0000 2017,"@AmazonHelp 12 business hours to respond?
😔 

Surely my business is more important than this.",434562,434560.0
585646,258276,Sun Dec 03 15:16:01 +0000 2017,@AmazonHelp Thanks for relying. It says it's still in Philly. It's been there since yesterday. The delivery is now scheduled from Dec. 3-5. I may have to call customer service to push back my delivery. I need to be home to receive those packages 😕,585648,585645.0
1486209,181657,Fri Nov 03 04:33:40 +0000 2017,@AmazonHelp Sure. I will call you tmr. Cause one of my cell was stolen too ... gotta go to police office :-),,1486207.0
431610,217609,Wed Oct 11 02:51:38 +0000 2017,@AmazonHelp Pode deixar😊,,431608.0
9134,117635,Wed Nov 01 00:07:18 +0000 2017,@AmazonHelp Love you,,9133.0
1265155,416250,Thu Oct 26 12:23:17 +0000 2017,@AmazonHelp Schade.,,1265154.0
2133113,627641,Mon Oct 02 09:28:10 +0000 2017,@AmazonHelp the link that you have given leads me no where except promts me to download adobe flash player everytime even after installing,2133112,2133114.0
1262281,415659,Thu Oct 26 10:29:45 +0000 2017,@AmazonHelp I cannot leave a book review. I click on stars and then there is no option to write my review. What's happening?,1262279,
1144046,389274,Tue Oct 24 13:29:13 +0000 2017,@AmazonHelp Says carrier is amazon ?,1144049,1144045.0
2634770,478025,Fri Nov 17 19:32:58 +0000 2017,@AmazonHelp I just got off of a phone call with support they are re sending my item.,2634772,2634769.0
1673029,392653,Wed Oct 18 04:53:37 +0000 2017,@AmazonHelp Just a generic message won't work unless you vouch to implement it. Time to uninstall your app! #RIP,1673030,1673027.0
972706,350718,Sun Oct 22 09:18:49 +0000 2017,@AmazonHelp What will happen now!?,972707,972704.0
882556,329569,Fri Oct 20 19:54:48 +0000 2017,@AmazonHelp I think you're missing my point so I'm gonna bid you a goodnight and hope that one day - amazon prime one day delivery will be just that.,,882555.0
2129947,626950,Thu Oct 19 15:12:22 +0000 2017,@AmazonHelp I know. Have not provided any detail. Thanks anyway!,2129948,2129945.0
2179079,356999,Fri Oct 20 05:46:16 +0000 2017,"@AmazonHelp Your correspondence does NOT address the problem. I am not interested in knowing WHY order is delayed , just refund my amount without excuse",2179080,2179077.0
1541037,477589,Sat Nov 04 10:40:30 +0000 2017,"@AmazonHelp Placed the order on Thursday early evening but next day delivery was still an option. One is being delivered today, the other on Monday",1541039,1541036.0
434455,218235,Tue Oct 10 16:32:51 +0000 2017,@AmazonHelp ah! Y el conductor literalmente me dijo q él sólo hacía turno de mañana y le dieron mi paquete (3 intento de entrega de 17 a 20),,434454.0
279670,182667,Fri Oct 06 09:11:08 +0000 2017,@AmazonHelp my COD delivery is held by your delivery service,279669,
122692,143376,Fri Nov 24 00:49:07 +0000 2017,@AmazonHelp ！！とっても助かりましたありがとうございました…,122694,122691.0
130357,145395,Mon Nov 27 15:45:25 +0000 2017,"@AmazonHelp @115830 @115851 Waiting for your valuable revert on this. Requesting you kindly take this as priority. 
Thanks in advance.",,130356.0
611182,265311,Wed Nov 22 14:16:27 +0000 2017,@AmazonHelp That link is for the same old contact page I've always used. I'm not going through all that again. Are you sure you're really trying to help?,611183,611181.0
675265,281047,Thu Nov 23 11:02:43 +0000 2017,@AmazonHelp Mine says pass my parcel,675267,675264.0
481565,229465,Fri Dec 01 15:15:36 +0000 2017,@AmazonHelp Ich bekomme morgen 2 mit der Rute ☹️ Liebe Grüße zurück 😎,,481564.0
2107294,621849,Sun Nov 26 12:34:11 +0000 2017,@AmazonHelp next day prime delivery is Wednesday 29th. You trying to take the mickey!!,2107293,
1529960,474839,Fri Nov 03 20:08:26 +0000 2017,@AmazonHelp Yeah I am an Expat in Berlin and I wanted to use english skills… But Alexa does not like that. Surely it be ok to Choose to use a skill...,1529962,1529958.0
2380802,686460,Tue Nov 14 05:33:29 +0000 2017,"@AmazonHelp ありがとうございます!!
拝見させていただきます(ෆ❛ั◡❛ัෆ)‼

え、Amazon様から!?",2380800,2380805.0
1646280,503030,Mon Nov 06 02:22:24 +0000 2017,"@AmazonHelp Your support team is cracking jokes on your support number they are saying that product is not in stock, if you know this then why u listed that seller on your website &amp; app.
 I just wanted to know that are you working on paper base or in 1940's when there is no computer.","1646282,1646283",1646278.0
33183,123023,Wed Nov 01 13:06:21 +0000 2017,@AmazonHelp ¡Ayer llamé al menos 7 veces! Tendrían q ser Vds los q contacten conmigo. Muy mala experiencia!!!!,33181,33185.0
964168,348846,Sat Oct 14 03:40:22 +0000 2017,I'm starting to get a little skeptical about this shipping estimate... @AmazonHelp https://t.co/xxf8gVtDKg,964167,
352148,199748,Sun Oct 08 12:35:39 +0000 2017,@AmazonHelp __email__ order # 111-7197247-2080212.,,352146.0
2616423,739528,Fri Nov 17 14:38:16 +0000 2017,@AmazonHelp Would Amazon Shipping mean I need to contact your on customer service team?,,2616422.0
2735684,766658,Sun Nov 26 23:50:22 +0000 2017,"@AmazonHelp Si, pero es que además de eso me cobran un importe similar por la tasa de importación....será que el impuesto esta duplicado? https://t.co/hrXchmgbqi",2735686,2735683.0
1362488,437242,Fri Oct 27 20:33:45 +0000 2017,"@AmazonHelp My package claimed it was delivered, couldn't find it, was delayed 4 more days. Packaged arrived destroyed. Very unhappy",1362486,
2137847,628831,Wed Nov 08 21:42:41 +0000 2017,@AmazonHelp Who do I have to talk to about my packages being left at the wrong house repeatedly?,2137845,
2478857,287381,Wed Nov 15 15:03:08 +0000 2017,@115821 @AmazonHelp I don't know which career it was because I was not here when I was in if you hang on five minutes I will ask the cat,2478855,2478858.0
748772,297516,Wed Oct 11 17:16:01 +0000 2017,"Por favor, @AmazonHelp, no trabajéis en España con @80. Servicio penoso con entrega tarde o fuera de plazo y no responden al teléfono. 😡",748770,
354414,143739,Thu Oct 12 00:47:26 +0000 2017,"@AmazonHelp Amigos este artículo cuanto cuesta con envío a CDMX. NCAA adulto NE16 gorro con pompón, Verde",354413,
224962,169744,Thu Oct 05 06:17:26 +0000 2017,@8623 @AmazonHelp  i will fight in court as tell me can you or anyone wait for a phone for 20 days and switch off your phone.,226727,224960.0
456530,223414,Fri Dec 01 00:25:00 +0000 2017,"@AmazonHelp You messed up a delivery, offered free items as compensation then messed up that delivery and when I complained you withdrew the original compensatory offer",456532,456529.0
140973,147808,Fri Nov 24 17:39:46 +0000 2017,"@AmazonHelp And now the price has dropped by £50, but on chat they say the only way to get this price is to re-order it? Is this really true, I've got to mess around canceling and reordering, and yet another delay in my order arriving https://t.co/VJeFHUOY9r",,140972.0
1253976,414146,Mon Oct 16 18:29:24 +0000 2017,"@AmazonHelp I contacted last night, shortly before posting this",1253979,1253972.0
2580487,284753,Thu Nov 16 22:51:13 +0000 2017,"@AmazonHelp Will wait, if it's not reached on time, i really don't want just a apologize from Amazon. Appreciate the orders you delivered on time before. Same trust has to continue... hopefully i get on time.",2580490,2580486.0
1327733,296918,Fri Oct 27 13:01:56 +0000 2017,@AmazonHelp Sent email.,,1327732.0
834858,261203,Fri Oct 13 07:39:13 +0000 2017,"@AmazonHelp prime account, ordered last Friday, keeps being “unexpectedly delayed” but you have them in stock on your website. Will I even be getting my order?",834856,
1031724,364125,Sat Oct 14 18:11:29 +0000 2017,@AmazonHelp Nothing. Been on holiday so messaged on twitter. Had parents phone as its been tracked and scanned in office.,1031726,1031723.0
2528280,719856,Thu Nov 16 05:21:12 +0000 2017,Insipte been a prime member on @115850 from last 2yrs some products don't get delivered at your pincode for no specific reason...wr as the same product was getting delivered 1 month back #Amazon policy keeps changing #unsatisfied customer. @AmazonHelp,2528278,
1725365,495754,Sun Oct 29 16:27:57 +0000 2017,@AmazonHelp Thanks again! That’s a great news !! Can I go for a patent file in this idea !? Pls advise @115821 @115850 @118919,2436850,1725364.0
657980,276632,Wed Nov 22 23:31:46 +0000 2017,@AmazonHelp Muchas gracias!,,657979.0
539747,245182,Sun Nov 26 12:08:40 +0000 2017,"@AmazonHelp ...weshalb meine einzige und simple, klare Frage doch war: HAT DER VERBLÖDETE STICK INZWISCHEN DIESE EINSTELLUNGSMÖGLICKEIT SELBST? Aber Hauptsache mit blöden Sprücheniund falschen Aussagen antworten statt einfach ""Nein"" zu sagen, richtig ""^SK""?",539745,539748.0
279484,182616,Fri Oct 06 09:32:52 +0000 2017,@AmazonHelp These is the way you behave with your customers,,279480.0
1445306,455389,Mon Oct 16 19:21:31 +0000 2017,@AmazonHelp can you help me with an order?,1445304,
791540,216940,Fri Oct 13 16:09:03 +0000 2017,@AmazonHelp Merci :D,,791539.0
1357187,436423,Fri Oct 27 20:04:16 +0000 2017,@AmazonHelp Managed to sort it thank you for your help,1357188,1357186.0
2179087,356999,Fri Oct 20 05:44:24 +0000 2017,@AmazonHelp Your emails only say you will check with seller - for what?? I do not need the item now since it is late. Kindly refund and stop harassing,,2179076.0
2396380,516664,Sun Nov 26 17:51:40 +0000 2017,"@AmazonHelp So as a Prime member we have to slum it down to ""normal punter delivery"" standards?!!   No worries - it was a bit odd it was a Prime item and it then said delivery on Thursday.",,2396379.0
2098739,619946,Thu Oct 19 03:54:45 +0000 2017,@AmazonHelp They are currently closed. Will try tomorrow. I can't stand USPS. UPS or FedEx are way better at package delivery.,,2098738.0
93665,136303,Thu Nov 30 15:02:29 +0000 2017,hello Amazon help me my prime video not working please help @115850 @AmazonHelp https://t.co/2dfzHk3jwl,93664,
442815,219963,Wed Nov 22 10:02:21 +0000 2017,@AmazonHelp Not yet dispatched,442817,442814.0
1599748,491231,Sun Nov 05 04:10:14 +0000 2017,@AmazonHelp @127390 I’m not sure what to because the signed book is out of stock...so if I return it I won’t get a signed one,"1599747,1599749",1599750.0
2386617,687776,Fri Oct 20 10:58:39 +0000 2017,@AmazonHelp Connects to Wi-Fi.Then it says “go ahead &amp; finish Setup in the Alexa app” then gives me error 7 every time or ‘additional page’ won’t load,2386621,2386615.0
1047248,367527,Mon Oct 23 12:02:23 +0000 2017,@AmazonHelp I’m done. I’ve canceled the order and done with your services. I’ll be ordering from @13101 from now on. Good bye.,,1047247.0
139061,147336,Fri Nov 24 10:55:15 +0000 2017,@AmazonHelp yes I contacted but it is 10 days gone I have not received my product. And this is not enough to contact you on twitter @115851,139063,139060.0
2490701,711155,Thu Nov 16 04:38:49 +0000 2017,"@AmazonHelp You are missing the point here. This is more of a suggestion that delivery date should be shown according to ""address type"".",2490703,2490700.0
1895552,564995,Wed Oct 18 12:54:19 +0000 2017,@AmazonHelp Order ID 405-5925066-9104362,"1895554,1895555",1895551.0
2297451,569103,Sun Nov 12 13:45:43 +0000 2017,@AmazonHelp quand je vais dans commande le site me apparait defois que j'ai aucune commande et quand je les vois et que je fais suivi de colis voici ce que j'ai https://t.co/INGe9sn47M,2297453,2297450.0
183405,159129,Wed Oct 04 11:02:09 +0000 2017,@AmazonHelp 解約忘れただけですし、便利なので大丈夫です👌ありがとう御座います👌,183404,183406.0
166419,154656,Fri Nov 24 20:39:07 +0000 2017,"@AmazonHelp I haven't but when I googled the error it seems to be very common with MP3 downloads on Amazon, so is this problem not something at your end?",166421,166418.0
437976,219047,Tue Oct 10 18:01:54 +0000 2017,@AmazonHelp @219046 lemme get prime for free im a broke college student,,437975.0
326700,193842,Sat Oct 07 17:07:35 +0000 2017,"@AmazonHelp I have, the damaged item was replaced but I called requesting a replacement for the missing parcel I was told that wasn't allowed.",326702,326699.0
73636,132470,Thu Nov 30 11:13:07 +0000 2017,"@AmazonHelp My delivery was scheduled for yesterday (booked it a week ago), and until now I did not receive the parcel",73638,73635.0
626600,268374,Mon Oct 23 14:15:54 +0000 2017,@AmazonHelp @115850 i have already replied to prasanna's email. There is no other email i have in my inbox,626602,626599.0
291381,185376,Sat Oct 07 07:33:29 +0000 2017,@AmazonHelp U can call me right now I had no problem,,291378.0
236234,168214,Thu Oct 05 14:08:25 +0000 2017,"@AmazonHelp Hi, the current status is ""Expected 4 Oct"" and the latest update says that the Shipment left seller facility on Oct 3. Carrier: AMZCA",236236,236233.0
2290168,665282,Sun Nov 12 06:41:25 +0000 2017,@AmazonHelp @116090 I am unable to look at my orders on the website? Is there a reason for it? Or am I just not allowed to look at them.,2290167,
2755730,265312,Mon Nov 20 21:58:57 +0000 2017,"@771297 @AmazonHelp @105647 @105648 In der Alexa-App steht bei jeder Hue ""Gerät reagiert nicht"", Steuerung über Hue-App klappt aber einwandfrei.",2755732,2755728.0
737976,296494,Wed Oct 11 12:37:06 +0000 2017,@AmazonHelp Thank u  😁 hoping for the best 🤘,737977,737975.0
2570102,728902,Mon Oct 30 17:37:09 +0000 2017,@AmazonHelp From homitt direct https://t.co/6lW7JzKoYY,2570104,2570101.0
1439087,152508,Thu Nov 02 11:56:36 +0000 2017,@AmazonHelp Thank you. The team seems to be working on this. I already see changes. Way to go.,1439088,1439086.0
757776,301084,Fri Oct 13 04:28:30 +0000 2017,@AmazonHelp Request you I only want my product to be deliver. I want a certain date. Pls provide date I will wait till then. Stop saying update giving,757777,757774.0
2706787,760168,Sun Nov 19 23:31:13 +0000 2017,@AmazonHelp will do,,2706786.0
392610,208979,Mon Oct 09 17:08:59 +0000 2017,@AmazonHelp Relieve you from any liability to this unfortunate mix up? How can I trust Amazon to handle my orders after this incident?,,392608.0
1655674,505265,Mon Nov 06 03:46:03 +0000 2017,"@AmazonHelp はいぃ！ありがとうございましたぁ！
すぐまたお世話になると思います！
これからもよろしくお願いします(*´ω｀*)",1655675,1655673.0
2320248,234006,Mon Nov 13 14:08:49 +0000 2017,"@AmazonHelp Sir already replied, but dint got response from them, not being my account shld i recvd my product which i ordered and payed money for , please let me know",2320250,2320247.0
1525901,473909,Fri Nov 03 21:50:42 +0000 2017,@AmazonHelp my package delivery has been delayed TWICE &amp; I really need it delivered to the person ASAP. What is the problem?!?,1525900,
2216654,647630,Fri Nov 10 07:38:06 +0000 2017,@AmazonHelp It worked now.. don’t know what happens earlier:) sorry 😐  thank you,,2216653.0
725918,293894,Wed Oct 11 05:13:45 +0000 2017,@AmazonHelp Still says out for delivery https://t.co/GS1TBtr5Kn,725920,725917.0
2548093,300809,Mon Oct 30 22:24:17 +0000 2017,"@AmazonHelp Danke, auch erledigt... Dann muss mich jetzt Halloween ein wenig ablenken... Schönen Feiertag Euch!🎃👻",2548094,2548092.0
1135048,387413,Fri Nov 03 15:45:20 +0000 2017,"@AmazonHelp Pues mil gracias, ha sido todo un detalle 😆",1135047,1135049.0
2379843,123358,Tue Nov 14 09:58:15 +0000 2017,@AmazonHelp I had ordered package because it was being delivered on 14th Nov. If the order is late it's of no use for me. You guys don't understand the importance of time.,2379844,2379841.0
2537466,721756,Thu Nov 16 22:18:24 +0000 2017,@AmazonHelp Are you a bot?,,2537465.0
1669872,508391,Tue Oct 17 15:53:49 +0000 2017,@AmazonHelp Thank you!,1669874,1669871.0
283155,183459,Fri Oct 06 15:10:28 +0000 2017,@AmazonHelp No great help there jst have to wait for mail reply for a day till then offer will be over.😑😔,,283153.0
1684601,301189,Mon Nov 06 16:39:50 +0000 2017,Sometimes talking to @AmazonHelp via the phone and chat is like visiting a dentist for a root canal. https://t.co/s8v8Y7LsNy,1684600,
2385490,687527,Fri Oct 20 09:36:47 +0000 2017,@AmazonHelp 😊😊😊😊 thank you so much for lovely gift,,2385489.0
2431232,697879,Tue Nov 14 20:36:20 +0000 2017,"@120533 @AmazonHelp quand je veux commander ,ça annule mes commande et en mail il me dise d'envoyer des info sur la carte bancaire alors que j'ai payer par chèque cadeau j'ai expliqué ça par mail mais je reçois de nouveau celui qui me demande les info bancaire @115821",2431230,
20433,120467,Wed Nov 01 07:20:30 +0000 2017,@AmazonHelp That I do daily. Can't the request be prioritized?,"20435,20436",20432.0
758961,301360,Wed Oct 11 19:57:22 +0000 2017,"@AmazonHelp Well, I am amazed by your team's swift response and quick solution. 😊",758963,758960.0
739097,296764,Thu Oct 12 06:57:51 +0000 2017,@AmazonHelp I have DONE THAT,,739095.0
436425,218640,Tue Oct 10 18:21:47 +0000 2017,@AmazonHelp I will do. Thanks for your help,,436424.0
1091302,377483,Mon Oct 23 23:33:05 +0000 2017,"@AmazonHelp I have Amazon Prime (Canada), but my credentials wont let me sign into Prime Video","1091300,1091304",
1367567,438352,Sat Oct 28 00:32:18 +0000 2017,@AmazonHelp Didn't know that was a thing. @115817  and @81 always attempt deliveries during normal biz hours.,,1367566.0
1055421,369372,Sat Oct 14 23:16:06 +0000 2017,@AmazonHelp SS...,1055422,1055420.0
1351770,145877,Sat Nov 04 04:00:04 +0000 2017,@115850 @AmazonHelp item not delivrd.as per agent der s an issue wit comp nd updated wrongly.u acknowledge item nt delivered https://t.co/UZ1PwMMC7n,"1351769,1351771,1351772",
2622561,740919,Fri Nov 17 16:56:11 +0000 2017,"@AmazonHelp I was only provided the option of a refund, when what I NEEDED was the order to be fulfilled. Baby food is kind of important to babies. I can't reorder as i've not had the refund yet. If we can call the driver, why can't they call us? Make no bones about it, i'm livid right now!",2622562,2622560.0
340503,197327,Sun Oct 08 00:59:21 +0000 2017,@AmazonHelp 承知いたしました。ありがとうございます,340504,340502.0
535062,243944,Sat Dec 02 12:37:13 +0000 2017,@AmazonHelp But it’s out of returns time.,535064,535061.0
2641733,745485,Tue Oct 31 01:07:52 +0000 2017,"@AmazonHelp Hi I have couple times called you guys for my account email __email__
I changed my password and cant access it",2641731,
2393588,689157,Tue Nov 14 11:35:30 +0000 2017,"@AmazonHelp わかりました
丁寧にありがとうございました",,2393587.0
1449037,456240,Mon Oct 16 19:16:50 +0000 2017,"1/3 @AmazonHelp Hi, I added 3850 into Amazon pay balance at around 10.30 pm ist and still it is not reflected",1449035,
1953345,579935,Thu Nov 16 12:38:16 +0000 2017,@AmazonHelp yes with the airy fairy it will be delivered later than expected  and no indication when...,1953347,1953344.0
31308,122904,Wed Nov 01 12:59:08 +0000 2017,"@AmazonHelp Hi KM. Thanks, emailed!",,31307.0
840481,319985,Thu Oct 19 13:22:36 +0000 2017,@AmazonHelp I’ve done that twice already. I want my issues to be resolved ASAP,840482,840480.0
328472,194317,Sun Oct 08 00:43:14 +0000 2017,"@AmazonHelp Lol, it doesn’t release until Nov.7th, was wonder when it would ship so I can try to pay it off in gift cards",,328471.0
2569166,728688,Tue Oct 31 04:45:10 +0000 2017,"@AmazonHelp You know what, these are all words, and you all don't value your words. Shame",2569167,2569163.0
2585568,732651,Fri Nov 17 14:55:46 +0000 2017,@AmazonHelp That seems to have corrected the issue,,2585566.0
2386407,687728,Fri Oct 20 10:39:16 +0000 2017,"@AmazonHelp Ho finalmente risolto.Sarebbe più corretto verificare l'operatività dei corrieri,che scrivono notizie non vere quando non consegnano. grazie",2386409,2386406.0
2383147,669074,Fri Oct 20 07:20:01 +0000 2017,@AmazonHelp My package  wasn't suppose to ship till the 23rd. I just got n notified that it shipped... and I not going to be here tomorrow.,"2383145,2383149",
964983,326613,Sat Oct 14 10:46:41 +0000 2017,@AmazonHelp What I am asking is what is ur response time to a complaint. It is irrelevant if I have shared my details or not. Do u have any policy 1/2,,964981.0
2260606,658234,Sat Nov 11 02:17:01 +0000 2017,"@AmazonHelp he devuelto unas cosas, hace unos meses, me hicieron el rembolso y ha pasado un mes y no aparece en mi cuenta, ayuda!",2260604,
132444,145879,Fri Nov 24 08:04:52 +0000 2017,@AmazonHelp OK Thanks,132443,132445.0
809453,312879,Thu Oct 12 18:43:31 +0000 2017,"@AmazonHelp This has never happened before, so why now?",809451,809454.0
2578441,731012,Thu Nov 16 21:48:15 +0000 2017,"When @AmazonHelp literally end the chat on you and don’t resolve your issue, commit fraud and don’t deliver your stuff. Yeah. Bad day.",2578440,
2550698,724656,Mon Oct 30 17:15:10 +0000 2017,@AmazonHelp The shipment is delayed because of your courier service,,2550697.0
1267117,156421,Thu Oct 26 13:41:59 +0000 2017,@AmazonHelp I'll DM you...,,1267116.0
134992,146420,Fri Nov 24 09:25:04 +0000 2017,@AmazonHelp It was Jake I spoke to when I got the message that it will not be delivered after I paid £5.99 for delivery. He LIED to me that it was out for delivery and he will give my number to the driver and tell them that it needs to be delivered. I had to stay at home all day.,,134990.0
790181,308429,Thu Oct 12 12:50:06 +0000 2017,@AmazonHelp @10265  This is how Amazon is trying to sell their prime membership.. Your delivery people are even not bother to call me..,,790180.0
1223749,407078,Thu Nov 16 14:52:29 +0000 2017,"@AmazonHelp hey guys, I ordered something on prime yesterday and today I was delivered a completely empty package. Can I have my item please??",1223748,
2469425,706422,Wed Nov 15 11:08:25 +0000 2017,@AmazonHelp Will do! Thx a lot!,,2469423.0
605148,263838,Wed Nov 22 12:52:56 +0000 2017,@AmazonHelp TNT !,605149,605147.0
1067755,140964,Fri Oct 27 06:01:43 +0000 2017,@AmazonHelp Are 12 hrs yet not over?,1067756,1067754.0
1098632,379246,Sun Oct 15 06:34:55 +0000 2017,@AmazonHelp 少しばかり困っています,1098634,1098631.0
756352,215662,Thu Oct 12 11:45:52 +0000 2017,@AmazonHelp Rbl card not activated since last 8 days. Account locked so care people not helping. Wht to do. Replied on account lock .. no answer,"756353,756354",756350.0
2551070,481618,Sat Nov 25 23:00:30 +0000 2017,@AmazonHelp hi! Ive uploaded my photos using the prime photo app on my phone. Can i now delete the pics off my phone and they will still be saved on my amazon prime account???,2551069,
2555212,725594,Fri Nov 24 16:16:34 +0000 2017,"@AmazonHelp I have not recieved the refund yet. Its been 1 month.These is my worst experience ever with amazon.Is this the way amazon treating their valued customers. 
Iam fed up with recieving your apology mails again and again.Is there any way to end this and recieve my hard earned money.",,2555211.0
2636863,207012,Fri Nov 17 20:25:29 +0000 2017,@AmazonHelp Hi - I sent back 3 items in one box but only put one item bar code in. Will I still get credited for the other 2 items?,2636861,
2297670,667008,Thu Oct 19 20:21:52 +0000 2017,@AmazonHelp can I change the address to delivery company?,2297673,2297669.0
987133,353912,Sat Oct 14 10:53:24 +0000 2017,"@AmazonHelp Look into your customer review, hundreds of iPhone7 buyers received defective devices &amp; that remains unresolved. @43443",987135,987132.0
1545998,478773,Sat Nov 04 08:28:58 +0000 2017,@AmazonHelp I've sent the details. Please just cancel the order. It's not worth all the hassle and waste of time I'm going through for it.,1545999,1545991.0
1880194,561154,Wed Oct 18 11:58:01 +0000 2017,@AmazonHelp And how does that help me for the order Amazon cancelled?,,1880193.0
1699060,515279,Sun Oct 29 05:59:57 +0000 2017,@AmazonHelp Details already shared.,,1699059.0
2692729,270228,Sun Nov 19 17:21:19 +0000 2017,"@AmazonHelp I have tried to cancel Amazon Prime through customer services but this was unsuccessful, as they could not discuss it with me as I didn't know the email. They have told me to contact my bank, and my bank has raised a Visa dispute, and have told me to inform you of this action.",2692731,2692727.0
41495,125121,Wed Nov 01 15:26:34 +0000 2017,"@AmazonHelp Our building is available for LEASE /RENT for back office or godown or ware house, kindly forward the message to the concerned thank u kiran",,41494.0
1623705,497351,Sun Oct 29 19:49:03 +0000 2017,"@AmazonHelp hi, in trying to play blippi kids music on my Alexa but it won’t play it anymore, it just started within last few days",1623703,
254041,176384,Thu Oct 05 18:24:42 +0000 2017,@AmazonHelp As usual you failed to solve,254042,254040.0
1423076,161035,Thu Nov 02 06:59:29 +0000 2017,"@AmazonHelp So a week after my supposed delivery &amp; after a conversation with you changing address, I have yet another failed attempt at original address",1423074,1423077.0
2705697,759893,Sun Nov 19 23:23:02 +0000 2017,@AmazonHelp I think it lands me to US page and give me error message “ enter correct password “,2705699,2705696.0
1257054,414569,Mon Oct 16 06:14:04 +0000 2017,"@AmazonHelp I can't log in to use the following link. Worst service ever man, ull can't fix this. Using @127271. Cheers.",1257055,1257053.0
2346216,261125,Mon Nov 13 18:17:13 +0000 2017,"@AmazonHelp I get it what's being meant you and what best information is being given , the way of handling my problem and insight you should be keeping you",,2346214.0
1875644,559935,Wed Oct 18 09:29:41 +0000 2017,@AmazonHelp pourrions nous parler en privé ? au sujet d'une commande ?,1875643,
158798,143382,Sat Nov 25 00:45:24 +0000 2017,"@AmazonHelp Request give me address of delivery service I will get it collected in Jhansi,I am fed up now",158799,158796.0
606074,267150,Wed Nov 22 16:21:07 +0000 2017,"@264045 @AmazonHelp It failed for me - as per their message.

So I re-did the payment again this morning.

I have 2 of the same items dispatched now !!

Ridiculous! @115850",619956,606069.0
757678,301076,Wed Oct 11 19:56:26 +0000 2017,"@AmazonHelp Carrier
AMZL US","757680,757681",757677.0
1318190,399506,Mon Oct 16 11:21:03 +0000 2017,"@AmazonHelp I placed an order for a Lodge skillet (8 inch, L5SK3) for 2500. Shocked to find it was listed for 1850 earlier and 1899 on Fkart","1318191,1318188,1318192",
227896,170336,Thu Oct 05 08:25:53 +0000 2017,@AmazonHelp Star Wars : Battlefront 2 - Edition Standard https://t.co/eB2zxwP5sS,227899,227894.0
419617,215064,Tue Oct 10 06:43:11 +0000 2017,"@AmazonHelp I’ve chatted with CS in the app, and I asked for an email confirmation, but I have not received anything",419618,419616.0
29964,122592,Wed Nov 01 11:33:26 +0000 2017,@AmazonHelp すみません、わざわざありがとうございます。,29963,29965.0
274055,181484,Fri Oct 06 05:32:46 +0000 2017,@AmazonHelp ありがとう！,274056,274054.0
249947,175395,Thu Oct 05 17:03:51 +0000 2017,@AmazonHelp Hola! Ya vi que no hay error. Leí las condiciones y el cupón es aplicable para descuentos con productos vendidos por AmazonMx. Mil gracias!,249946,249948.0
321655,192628,Sat Oct 07 14:32:46 +0000 2017,@AmazonHelp confirmation says Monday but when I selected delivery options I selected next day get it by Saturday 7th. thanls,321656,321654.0
1960763,485905,Wed Oct 18 17:02:36 +0000 2017,"Hi @115830 @AmazonHelp
I ordered this prime item 6 days ago and website says I might get it Friday? Help

Order ref 206-7888650-6817147",1960762,
838988,319626,Fri Oct 13 10:56:31 +0000 2017,@AmazonHelp Why is the website saying that the EVGA GeForce GTX 1070 SC GAMING ACX 3.0 Black Edition is £371 but the product page says £420?,838986,
247015,174678,Fri Oct 06 19:59:08 +0000 2017,@AmazonHelp Come on..looks like most customer centric company on earth is just playing around with customer.@115850  @115851,247016,247014.0
69843,131815,Thu Nov 30 09:11:17 +0000 2017,@AmazonHelp I'm hvng issues with my recently bought 100% original Motorola turbo power charger 2.8 amp delivered on 4th of Nov. It's been less than a month and I'm not getting any solution either from custmr support or the seller. Order id 4__credit_card__ amazon id. Ankursingh,"69842,69844",
1220874,406466,Wed Oct 25 16:06:17 +0000 2017,@406467 @AmazonHelp This theory could be why https://t.co/Nbh7My0E6p,,1220871.0
2501883,263543,Wed Nov 15 20:06:02 +0000 2017,"@AmazonHelp another Amazon order left in the wrong place. This isn't our ""Safe Place ENCLOSED Front Porch"". Nice of you to leave a note saying you'd done something you hadn't though. It's a step in the right direction! https://t.co/xJIQjST87n",2501881,
579088,255992,Sun Dec 03 10:54:31 +0000 2017,@AmazonHelp Who do I ask for?,579086,579089.0
2302976,668263,Sun Nov 12 19:31:03 +0000 2017,@AmazonHelp As I've said 3 times I don't have anywhere safe to leave the parcel when we are out,2302977,2302975.0
2685337,755210,Tue Oct 31 17:03:02 +0000 2017,@AmazonHelp I've tried through both and both say this. https://t.co/m9Qp0rMhQ9,2685335,2685338.0
245861,174400,Thu Oct 05 15:43:41 +0000 2017,"@AmazonHelp De estas dos sólo he visto ""Captain Fantastic"" y la he recomendado 1001 vez, siempre que he tenido ocasión.",245862,245860.0
897627,333169,Sun Oct 22 09:51:20 +0000 2017,"@AmazonHelp Yes, pls 😊",,897626.0
1741783,175405,Tue Nov 07 16:48:17 +0000 2017,@AmazonHelp U guys are mad..seriously,"1741782,1741784",1741785.0
424099,192400,Tue Oct 10 17:42:33 +0000 2017,@AmazonHelp Thank you for supporting.. my problem solved..,424100,424098.0
1570930,484402,Sat Nov 04 16:43:19 +0000 2017,@AmazonHelp Eine kritische Info fehlt: Bei WELCHEM Nachbarn???? Soll ich bei allen klingeln??? https://t.co/GGrPuypq1K,1570929,
1047281,367534,Mon Oct 23 11:33:17 +0000 2017,"@AmazonHelp Ok, thanks :) I've just had a DM on here from an account I thought was you btw, they tried to ask for credit card information","1047282,1047283",1047280.0
1363541,437492,Tue Oct 17 11:13:28 +0000 2017,@AmazonHelp Hope you have product with you and not just doing Natak of delivery as no one is willing to talk on phone,"1363543,1363544",1363540.0
2111013,291010,Wed Nov 08 16:21:39 +0000 2017,"@AmazonHelp Hi KS =) ... thanks for answering so quick, the estimated delivery date was on November 4th",2111011,2111014.0
244134,168913,Thu Oct 05 15:37:17 +0000 2017,"@AmazonHelp I won't. Because the address is marked as residential, when I set it as business. I'm so fed up with this. Your service is horrendous now.",244135,244133.0
2252945,656321,Fri Nov 10 20:50:30 +0000 2017,@454841 @AmazonHelp The worst! Truly do not care if they've provided decent service. Pissed? They're positive a free month of Prime will shut you up. They banged on my door so hard today it knocked something off a shelf. Dropped the box and ran. You can't leave packages on a South Philly stoop!,2252944,2252946.0
61013,122220,Wed Nov 01 21:24:21 +0000 2017,@AmazonHelp Ich warte ganze Zeit das Spiel versendet wurden ist es wird langsam knapp Amazon 🙈😢,61011,61018.0
1053594,368940,Mon Oct 23 15:19:11 +0000 2017,@AmazonHelp I have a complaint against your seller then!,1053595,1053593.0
137012,146899,Fri Nov 24 10:03:37 +0000 2017,@AmazonHelp Danke für die Info..,,137011.0
472362,227492,Fri Dec 01 09:51:08 +0000 2017,@AmazonHelp I informed you guys on direct message. I was not offered replacement. Only a refund and a voucher. I am well out of pocket and have to spend more on a new one and only with amazon. See DM or emails.,472363,472361.0
2634719,172716,Fri Nov 17 19:40:46 +0000 2017,"@AmazonHelp A friend ordered it for me on their account. It says re attempt tomorrow, is it possible to try again today?",2634718,2634720.0
1622661,497130,Sun Nov 05 17:56:22 +0000 2017,@AmazonHelp It’s an experience that happens a lot. I have spoken to customer services numerous times about this.,,1622660.0
944899,118701,Sun Oct 22 03:24:12 +0000 2017,@AmazonHelp Happened yesterday and again today. Despite specific instructions to call before delivery.,,944897.0
476100,228172,Fri Dec 01 11:53:59 +0000 2017,"@AmazonHelp Already rung Amazon 3 times since Wednesday. Each time they tell me a refund has been requested by them, but for some unknown reason the Department who process refunds has not actioned it. Son has been left with no present from his Parents and a ruined Birthday thanks to Amazon.",476101,476099.0
69723,131795,Thu Nov 30 09:52:42 +0000 2017,"@AmazonHelp I don't recall, but I'm constantly buying books that's the expensive part hahaa.",,69722.0
2614110,738980,Fri Nov 17 13:54:38 +0000 2017,@AmazonHelp Already done,2614111,2614109.0
183342,128317,Wed Oct 04 10:59:24 +0000 2017,"@AmazonHelp Si, pero en el sitio no hay opción para cancelar la orden. Tampoco encontré una opción para explicar el problema. Solo opciones predefinidas",183341,183343.0
877614,192844,Sat Oct 21 04:00:30 +0000 2017,"@AmazonHelp I am sure you are working on it, you better work harder. Just a simple question:When can I expect my order to be delivered ?",877615,877613.0
420658,215262,Wed Oct 11 06:50:59 +0000 2017,"@AmazonHelp There is no delivery/tracking status updated from last 36 hours, please understand the emergency","420659,420660",420657.0
2093961,618703,Wed Nov 08 11:29:42 +0000 2017,@AmazonHelp Thank you,2093963,2093960.0
2510693,715653,Mon Oct 30 04:55:38 +0000 2017,@AmazonHelp Hope you guys can track my details through order number..PFA https://t.co/nGhiAaZY9V,"2510695,2510696",2510692.0
2670713,171871,Sun Nov 19 12:48:31 +0000 2017,@AmazonHelp No kidding . Haven't received any emails regarding this,2670715,2670712.0
829554,245391,Fri Oct 13 03:49:05 +0000 2017,@AmazonHelp This is good news. Thank you.,829555,829553.0
2290329,665309,Sun Nov 12 07:23:34 +0000 2017,@AmazonHelp I have already submitted a complaint through your website,2290331,2290328.0
575928,255517,Sun Dec 03 08:47:59 +0000 2017,@AmazonHelp I can’t get through more than a couple clicks before the app becomes unresponsive and closes out https://t.co/UXrh4kD2J2,575929,575927.0
895882,332754,Sat Nov 25 11:02:00 +0000 2017,"@AmazonHelp Amazon ! Livraison possible ce soir, mais livraison impossible Lundi (possible Mardi). Pour le coup, je ne serai pas présent ce soir, du coup, j'ai peur de payer une livraison le soir pour rien",895883,895880.0
2516987,312323,Thu Nov 16 13:47:28 +0000 2017,@AmazonHelp No.  It's still saying expected by Nov 14.,2516988,2516986.0
1612580,494832,Sun Nov 26 03:41:16 +0000 2017,@AmazonHelp amigos hice una compra ayer con mi tarjeta de débito @22416 y me cobraron 2 veces la compra. Porque fue así?? #urgesaber,1612578,
2644966,746266,Tue Oct 31 10:26:45 +0000 2017,@AmazonHelp Worst experience. Customer care forced me to cancel the order by saying they don't have product which I have paid online one month ago,2644969,2644965.0
1693727,442894,Wed Nov 15 16:35:37 +0000 2017,@AmazonHelp Frankly i think I can't get resolution from this handle..please share the escalation contact and i will waste some more time to explain problem again to that escalation contact,,1693725.0
1057333,369655,Mon Oct 23 15:46:49 +0000 2017,"@369654 @369653 @AmazonHelp same here, poor show",,1057330.0
1724751,521661,Tue Oct 17 19:55:38 +0000 2017,@AmazonHelp I believe so.  This has been a persistent (but minor) issue over multiple updates and even two different iPhones (5 and 7).,1724753,1724750.0
391628,208730,Mon Oct 09 16:08:39 +0000 2017,@AmazonHelp No way to report problem on website,391627,391629.0
1723850,135116,Wed Nov 08 10:17:59 +0000 2017,@AmazonHelp Yaar sach mein galti kar di order kar ke tumhara delivery staff kasam se maar khane wala kaam kar raha haii,,1723849.0
2375391,685185,Tue Nov 14 02:46:30 +0000 2017,@AmazonHelp ゆっくりと堪能出来ました(*´▽`*),2375393,2375390.0
163568,153833,Fri Nov 24 19:40:39 +0000 2017,@AmazonHelp Would it be okay to send a DM?,163570,163567.0
2501911,713651,Wed Nov 15 20:00:43 +0000 2017,"@AmazonHelp Ja, gestern sollte es da sein. Kam nix, heute kam etwas für meine Mitbewohnerin, aber nicht für mich. Kein Zettel im Briefkasten, und auf der Amazon Seite steht ich soll den Transportdienstleister kontaktieren ohne jegliche weitere Info wo oder wen ich kontaktieren soll.",2501910,2501912.0
1744963,526195,Tue Nov 07 15:01:07 +0000 2017,@AmazonHelp Justement rien n'est indiqué.,1744964,1744962.0
1176304,123733,Tue Oct 24 23:37:32 +0000 2017,"@AmazonHelp I need to order sheer black tights arriving Friday but when I try to order when it says “prime”, they all have later delivery.",1176302,
793877,309023,Fri Oct 13 12:59:09 +0000 2017,@AmazonHelp #Fake #makingfoolofcustomers #CustomerExperience #Help #indiatoday,,793875.0
2692720,731851,Sun Nov 19 17:25:54 +0000 2017,@AmazonHelp D'accord je regarde. Voici un des exemples dont je parle : https://t.co/6fd6w9kdN2,,2692719.0
158719,152487,Fri Nov 24 17:41:03 +0000 2017,@115850 @AmazonHelp I tried selling my phone on amazon individual seller and the phone i sold was returned to me totally destroyed. Bymistake i selected the wrong color and SAFE-T claim wont admit my claim for unknown reasons. I request you to look into the matter ASAP. Thanks. https://t.co/ry6MyBk3Il,158717,
1395030,309587,Sat Oct 28 16:34:21 +0000 2017,@AmazonHelp So do we now have to stop using Amazon and move to other ecom sites like @118702 or @4030 etc.?,1395031,1395027.0
899520,333561,Sat Oct 21 01:17:30 +0000 2017,@AmazonHelp I'll contact my credit card company to do a chargeback after such horrific customer service from Amazon.de. #AmazonGermanySUCKS,899519,899521.0
882567,320839,Sat Oct 21 06:14:28 +0000 2017,"@AmazonHelp will u accept my one suggestion? 
Just close your call center in india its useless.
they dont know what is after sales support.","882568,882569",882566.0
1495605,467263,Fri Nov 03 11:58:58 +0000 2017,@AmazonHelp I have already spoken to the customer service. And still facing  issues with the return policy of the product.,1495607,1495604.0
16115,119535,Wed Nov 01 03:33:45 +0000 2017,@AmazonHelp Ur customer care didnt provide me a correct answer,16114,16116.0
445522,220505,Wed Nov 22 12:51:24 +0000 2017,@AmazonHelp Everything went wrong. Topic closed. Thank you for ruining everything for me. @115850   Worst customer service ever . U lost a customer a very loyal customer and fan @132995  . Thank you,445523,445521.0
1284564,420482,Thu Oct 26 18:06:04 +0000 2017,Going round in circles on your site @AmazonHelp - faulty goods bought 5 months ago. How do I return / get a refund?,1284563,
183015,159045,Wed Oct 04 16:47:04 +0000 2017,@AmazonHelp Tout est absolument parfait 😘,183013,183024.0
118784,142330,Thu Nov 23 22:51:43 +0000 2017,@AmazonHelp Here's a pic. https://t.co/Xeu90770ph,,118783.0
932244,341136,Sat Oct 21 12:14:12 +0000 2017,@AmazonHelp Amazon Shipping,932246,932243.0
543840,240102,Sat Dec 02 19:42:09 +0000 2017,@AmazonHelp I haven’t got the email notification for that refund but thanks,543841,543839.0
2419472,695086,Sun Oct 29 13:41:31 +0000 2017,"@AmazonHelp I have done that team, and I didn't get anything other than sorry and time to wait, and I'm not interested in both, tell me some better solution?",2419473,2419471.0
531503,243136,Sat Dec 02 11:43:40 +0000 2017,@AmazonHelp @115851 @115850 @AmazonHelp Kindly let me wats the use of having a customer support in Twitter if u r diverting me to that link? I hope this is official account of Twitter. I have raised query her I m sure u can raise on behalf of me details r shared,"531504,531505",531502.0
1437444,444190,Thu Nov 02 18:14:39 +0000 2017,@AmazonHelp To buyer gua team. That stupid team has same response that it was delivered!! I am screaming that I didn’t get it!,,1437442.0
1416434,200256,Thu Nov 02 03:17:13 +0000 2017,@AmazonHelp Done. Also sent direct message,,1416433.0
931434,340963,Sat Oct 21 11:38:44 +0000 2017,@AmazonHelp I had £3 kindle credit when I signed up but now that I want to buy something it has disappeared. Why is that?,931432,
415074,213978,Tue Oct 10 02:04:56 +0000 2017,"@AmazonHelp It was supposed to be delivered by UPS today.  And someone in my area has been stealing packages, so I stated home all day to receive it. https://t.co/5o5Dlbse4d",415076,415073.0
1310956,179898,Fri Oct 27 16:02:42 +0000 2017,"@AmazonHelp I got YOUR email, nobody else's.   I've sent you the pictures of the card and the receipt too. Must I ask my followers to boycott Amazon?",,1310953.0
2674988,752996,Tue Oct 31 12:50:08 +0000 2017,"@AmazonHelp gracias, os hablo por DM",,2674987.0
1765431,531013,Tue Oct 17 22:11:37 +0000 2017,@AmazonHelp where can I make a return?,1765430,
2320723,672571,Sun Nov 26 16:43:44 +0000 2017,"@AmazonHelp AMZL US is listed as the carrier. (I saw the UK in the prior URL you sent, note that I live in the US, not a fictional town in the UK despite what my Twitter profile reads).",2320725,2320722.0
1501620,468546,Mon Oct 16 23:04:47 +0000 2017,@AmazonHelp Me contrata aí por favor,1501619,1501621.0
1134065,387214,Wed Oct 25 21:24:40 +0000 2017,"@387215 @AmazonHelp Wenn der Link zu einem Shop führt, versteh ich das sogar. Aber auf einen Blog?",1134066,1134064.0
2287505,664617,Sun Nov 12 02:40:11 +0000 2017,I didn’t even get my confirmation email either wtf man?? And I double checked everything before I ordered them!! @115821 @AmazonHelp I WANT MY MONEY BACK 🗣🗣🗣🗣🗣 https://t.co/NBonFbAVEo,2287504,
2414474,694013,Tue Nov 14 18:25:52 +0000 2017,@AmazonHelp  https://t.co/7qzcd2Kl3g,,2414473.0
2668784,751701,Sun Nov 19 10:33:24 +0000 2017,@AmazonHelp Nope . It came up with order timed out 5 minutes after the timer had run down to zero . Not a happy bunny,,2668783.0
182644,158949,Wed Oct 04 17:11:30 +0000 2017,"@AmazonHelp again #bad #experience Product ordered, cancelled. Now not able to order tht product due to qty restrictions #badservice #amazon",182642,
734575,295761,Wed Oct 11 11:25:48 +0000 2017,More than 3 1/2 hours on phone today trying to ask you to stop conducting illegal activities at my grandmothers house. @AmazonHelp @115830,734573,
930446,340726,Sat Oct 21 11:38:15 +0000 2017,"@AmazonHelp Vielen Dank nochmal!
Auch an euch einen schönen Tag.",,930445.0
25970,121666,Wed Nov 01 09:39:08 +0000 2017,@AmazonHelp It just been delivered now!,25969,25971.0
1427962,424563,Mon Nov 06 15:22:30 +0000 2017,"@AmazonHelp That worked, and I️ placed my order, but it seems like it turned off Touch ID. How do I️ get Touch ID back? Turned it on in settings",1427961,1427963.0
1710385,169186,Tue Oct 17 18:16:49 +0000 2017,@AmazonHelp This is app screenshot so find link urself,,1710384.0
65753,131041,Thu Nov 30 10:25:02 +0000 2017,"@AmazonHelp I will be heartbroken if Xenoblade Chronicles 2 does not arrive tomorrow. There are other items lost, overdue, and cancelled in my history. My customer email is iain at [twitter username].com.",65755,65752.0
1529957,426848,Fri Nov 03 19:56:16 +0000 2017,"@474838 @AmazonHelp @126705 Yep, and their tracking is down online. Just had this reply from Amazon, if by next business day they mean Monday I will be fuming https://t.co/oHQNejxEwO",1529956,1528673.0
2302619,668182,Mon Nov 13 03:26:22 +0000 2017,"@AmazonHelp I would like to know that is this the amazon's policy that the credit will not be refunded if I have used once for buying another product, though the new product is defective and product has been returned due to non working.",,2302618.0
854329,176366,Fri Oct 20 15:46:47 +0000 2017,@AmazonHelp c’est la troisième fois que je trouve mon colis comme ça vos livreurs sont débiles ou quoi ? https://t.co/ojqIvALN2P,"854327,854331",
605002,263815,Wed Nov 22 10:47:53 +0000 2017,"@AmazonHelp There is no resolution so far.. it’s been already reported, Ctct me. 9741366243","605000,605004",605005.0
436268,218625,Tue Oct 10 19:00:25 +0000 2017,"@AmazonHelp ORDER # 408-2535884-4769917. Mailed on 25th Sep, the consignment receipt for self shipping thru bluedart.  Incurred amt yet to be adjusted","436269,436270",436267.0
133641,146127,Fri Nov 24 08:35:18 +0000 2017,"@AmazonHelp @115830 This is getting ridiculous now.. Still no contact (as promised as a matter of urgency!) , no account reinstatement &amp; still no refund of money you allowed to be taken fraudulently from my account.. #dosomething",133639,
1632458,499529,Sun Nov 05 20:13:47 +0000 2017,"@AmazonHelp Oh no I want the item, I just want the money for the next day delivery...",1632460,1632457.0
1278148,415591,Thu Oct 26 16:12:20 +0000 2017,@AmazonHelp More strange is the way you have been responding! Pray tell me the procedure step by step to report this issue on the link!,"1278147,1278149",1278150.0
486693,230813,Fri Dec 01 15:43:50 +0000 2017,@AmazonHelp Hoy,486695,486692.0
841260,320144,Mon Jul 03 08:57:31 +0000 2017,"@AmazonHelp @AmazonHelp Thanks for caring, I think I have enough brains to use that option before coming to twitter. Though the reply was hilarious.",841259,841261.0
179434,158266,Wed Oct 04 04:52:50 +0000 2017,@AmazonHelp I need an urgent help??,179433,
2503615,137588,Wed Nov 15 20:43:01 +0000 2017,@AmazonHelp I'm being transferred to CSR #6 (a supervisor) now. Hoping for the best!,2503617,2503614.0
134902,146409,Fri Nov 24 13:20:30 +0000 2017,"@AmazonHelp Thanks. Just received an email for a separate order that says ""Your package has been posted through your letterbox."", suggesting couriers have a way to give more information if they chose.",134904,134901.0
1471714,256157,Fri Nov 03 01:24:09 +0000 2017,@AmazonHelp Why pay for prime when it just comes as a normal delivery,,1471712.0
1410733,129248,Thu Nov 02 00:43:49 +0000 2017,@AmazonHelp second order in less than 5 days mysteriously doesn't show up and canceled by legitics. So what do Ive to worry about a thief?,1410731,
176440,157511,Sat Nov 25 00:16:57 +0000 2017,You guys are pieces of shit why are my prime packages not coming until Tuesday? WHAT AM I PAYING FOR PRIME FOR!!!?!?!???! @AmazonHelp,176439,
749742,299213,Wed Oct 11 20:14:47 +0000 2017,@AmazonHelp thanks,,749741.0
1225646,407548,Wed Oct 25 18:55:21 +0000 2017,@AmazonHelp @115821 @115851 @119356 @115850 fulfilling promish is tough.check 2 pic attached. #Cheat #fake_amazon  #no_more_amazon https://t.co/WY0nCzzp6c,"1225644,1225655,1225656",
2269340,353403,Wed Nov 15 20:30:22 +0000 2017,@AmazonHelp This link does not work. Much like the Dot. :(,2269341,2269339.0
1468488,460860,Mon Oct 16 20:51:24 +0000 2017,@AmazonHelp C10037499503,1468489,1468487.0
1519057,472337,Sat Nov 04 10:56:20 +0000 2017,"@AmazonHelp Update: Aún sigue deshabilitado, pueden darme un número gratuito de atención para llamar y ver dónde está mi pedido? https://t.co/ODYFfvJyzC",1519058,1519056.0
2677381,753509,Tue Oct 31 16:20:29 +0000 2017,@AmazonHelp La historia de Genji. Es el Quijote japonés :),2677382,2677380.0
1128005,385934,Tue Oct 24 10:59:16 +0000 2017,@AmazonHelp If u don't want us to experience this problem then u must provide the service for which I am paying.,,1127986.0
629442,269117,Wed Nov 22 15:36:44 +0000 2017,"@AmazonHelp Yes. I was told refund has been processed and was emailed this, however, have been told today this is not the case. I had placed another order with you because I was told money was being refunded",629441,629443.0
606248,263812,Wed Nov 22 11:02:44 +0000 2017,@AmazonHelp No i was told by driver i HAVE to take item. Told by amazon that it has wrong sticker. Sick of constant issues,,606247.0
739691,296902,Wed Oct 11 13:50:04 +0000 2017,"@AmazonHelp Mpt delivery charges per se, I clearly mentioned delivery charges of almostt Rs 1000/ on a bill of Rs 833!-",739692,739689.0
2260594,658232,Mon Nov 13 12:41:49 +0000 2017,@AmazonHelp Adding two more orders to the list. Splendid,2260595,2260593.0
180790,158494,Wed Oct 04 13:20:13 +0000 2017,@AmazonHelp @115851 can you please do this time for me I did 100+ time and got only sorry you know the incidence right @115851,180792,180789.0
2302560,668171,Sun Nov 12 19:02:58 +0000 2017,"@AmazonHelp Everything arrived fine.  The carpet shampoo's lid was mostly unscrewed, but there is a seal underneath, so no issues.",2302562,2302559.0
2678822,753793,Tue Oct 31 14:38:41 +0000 2017,@115821 @AmazonHelp I placed a prime order yesterday morning before 9am with guaranteed delivery for yesterday before 9pm.,2678821,
2543011,722976,Thu Nov 16 15:31:34 +0000 2017,@AmazonHelp And in last case we couldn’t again list our manufacturers products that sell the most whole they are listed in amazon Europe. It’s just been,,2543006.0
1516110,471755,Fri Nov 03 20:00:01 +0000 2017,@AmazonHelp Thanks. It’s been resolved now &amp;my album is on its way. Thanks for such a speedy response. 👍🏼,1516111,1516109.0
465788,225825,Fri Dec 01 04:48:03 +0000 2017,@AmazonHelp Yes it is sold and shipped by Amazon.,465790,465787.0
1229673,164555,Wed Oct 25 18:38:42 +0000 2017,@AmazonHelp is constantly delivering my packages late and my prime is set to renew 🤔,1229672,
2198837,643152,Fri Nov 10 02:37:40 +0000 2017,@AmazonHelp AMZL. I’m sure this isn’t the first such complaint about your service you’ve gotten. Do you compensate your drivers adequately so they can take pride in their work? My father was a letter carrier for 47 years and was decorated for being such a good worker.,,2198836.0
1209493,403717,Wed Oct 25 11:03:43 +0000 2017,Big shout out to @115821 &amp; @AmazonHelp for helping me with my lost order. #PrimeMember,1209492,
1727931,522521,Tue Nov 07 11:03:48 +0000 2017,@AmazonHelp Pero me encontré con esto @AmazonHelp https://t.co/SvC8Nfthwv,,1727928.0
999133,356579,Sun Oct 22 19:01:20 +0000 2017,@AmazonHelp £70 a year membership for prime to be let down like this!! Will be cancelling my subscription as it's just not worth the hassle!! https://t.co/8prn8wzrqD,999135,999131.0
1409108,447527,Thu Nov 02 02:08:23 +0000 2017,@AmazonHelp  https://t.co/UtpRGE9hcf,,1409105.0
2752038,770454,Mon Nov 27 00:12:38 +0000 2017,"@AmazonHelp I read the FAQ, where it said to wait 36 hours. If it doesn't show after that, then what?",2752040,2752037.0
2575210,730251,Thu Nov 16 20:51:26 +0000 2017,"salut @AmazonHelp,  client prime, 1ere livraison jamais livrée, remboursée d'autorité.. 2eme essai, livraison le 14, mais toujours rien le 16. Le livreur s'appelle Amazon Logisitics et est localisé à Saran ;) le service verticalisé se dégrade, et on n'est pas encore à Noël.","2575208,2575212",
255056,176635,Sun Oct 08 00:24:48 +0000 2017,@AmazonHelp Thanks 4getting the biking undies 2me on time. I ordered yesterday &amp; paid extra 4next day delivery👍The biking shorts r  lost they said. 🤷‍♀️,255057,255055.0
189244,160403,Wed Oct 04 20:26:06 +0000 2017,@AmazonHelp How would I know that I bought it from amazon,189240,189245.0
1078217,374356,Mon Oct 23 17:17:06 +0000 2017,"@AmazonHelp On one of the items yes, the rest haven't been ""delayed"" yet.",1078216,1078218.0
1062282,370821,Sat Oct 14 22:25:47 +0000 2017,@AmazonHelp Advertising expense for a product that was out of stock. Entity ID-ENTITYWOA66BYEESPP. Customer ID-A3H6LNVURGHP4B.,1062284,1062281.0
838567,319546,Fri Oct 13 11:38:55 +0000 2017,@AmazonHelp わかりました。アカウントうんぬんじゃなくて、ただギフト券支払いにした途端予約の準備が最後になる事実の有無が聞きたいだけなのに、何故カスタマーと言うのでしょうか？？カスタマーが役に立たなかったから聞いたのに、こちらも役立たずですか。,,838566.0
619933,147589,Wed Nov 22 17:15:13 +0000 2017,@AmazonHelp There's nothing i can do with your Apologies. Just need you to give me the explainations of #CustomerMisgudance #FraudOffers The money of me and other customers you kept with you for these 15 days. How u'll explain the #DTDC track number and tracking info?,619934,140025.0
1033093,364425,Mon Oct 16 08:11:16 +0000 2017,@AmazonHelp How would I reach them?,1033094,1033092.0
177362,153811,Sat Nov 25 03:33:32 +0000 2017,"@AmazonHelp But how to I tell if I have the right option?  I’ve purchased the wrong movie twice so far, and while your customer service is wonderful I don’t want to be calling them every few minutes.",177363,177361.0
131750,145709,Thu Nov 23 06:33:36 +0000 2017,@AmazonHelp And still on contact? Is this how Amazon treat customers?,131749,131751.0
1363812,435669,Fri Oct 27 18:35:32 +0000 2017,"If you have subscriptions with @AmazonHelp , check your credit car charges. They bill whatever they feel like @119351 @14954 https://t.co/Mb3rPe9IWS",1363811,
744115,297351,Fri Oct 13 09:22:53 +0000 2017,@AmazonHelp @115850 pls reply why I was charged in that case...,744118,744113.0
1772677,532782,Wed Nov 08 02:47:54 +0000 2017,"@AmazonHelp i ordered my package a month ago and paid extra fees to get it here and it’s still not here,",1772679,1772676.0
399861,210543,Mon Oct 09 19:10:56 +0000 2017,@AmazonHelp Just in your chat page taking to someone :),,399860.0
489460,231573,Mon Nov 27 23:58:35 +0000 2017,@AmazonHelp Should I request a cancellation?,489459,489461.0
1568808,483996,Tue Oct 17 05:59:27 +0000 2017,@AmazonHelp I'm a Prime member and have both Amazon credit cards. I spend major $$$ on Amazon. I have never been treated like this before. What a mess.,,1568805.0
535793,244129,Sat Dec 02 12:43:54 +0000 2017,@AmazonHelp Hi! Have ordered with nominated delivery tomorrow but just had an email saying you're delivering today - I'm not there - how do I make sure you deliver tomorrow?,535792,
1735170,523964,Tue Nov 07 14:36:27 +0000 2017,"@AmazonHelp That I couldn’t sign into my account, They said they would send me an email for a password change but I have still not gotten it.",1735171,1735169.0
459033,224014,Sat Dec 02 06:25:02 +0000 2017,@AmazonHelp Why did u ask me to fill those details.no call or resolution till https://t.co/HZuD0bGqhY an email from seller ..,459035,459030.0
1630992,306512,Tue Oct 17 12:55:51 +0000 2017,@AmazonHelp the courier service don't even know the status of order,,1630990.0
1936604,576157,Wed Oct 18 15:25:42 +0000 2017,"Hey @AmazonHelp I saw I guy hurling packages over fences yesterday - Bill Kennedy near I-20, ATL - QA/QC much? https://t.co/sSkAuH2J49 https://t.co/r6iZvhlzK6",1936602,
1022836,217610,Sat Oct 14 16:48:13 +0000 2017,@AmazonHelp Have not received any DM from you right now,,1022835.0
2622461,740901,Fri Nov 17 16:42:21 +0000 2017,@AmazonHelp I did just feel I get copy and paste responses from there,2622463,2622460.0
678643,281921,Thu Oct 05 18:39:01 +0000 2017,@171656 @AmazonHelp @115851 Still nothing? 😸,,678642.0
460054,224314,Fri Dec 01 01:44:06 +0000 2017,"@AmazonHelp fui orientada pelo atendimento a excluir o cartão e o endereço de cobrança e recadastrar, e que com isso o endereço de cobrança seria alterado",460055,460053.0
1486621,299561,Sun Nov 05 02:52:22 +0000 2017,@AmazonHelp How much false statements you will make . And when you will resolve my problem I am tired now.,1486622,1486619.0
2117812,420318,Wed Nov 08 16:23:28 +0000 2017,"@AmazonHelp winners of previous week.
https://t.co/nFNFiEyrc4",,2117811.0
130786,145527,Fri Nov 24 11:32:06 +0000 2017,@AmazonHelp I don't get my cashback on last jio recharge..i am eligible for the cashback nd it's upto 10 days but still i don't get my cashback.. @AmazonHelp,,130785.0
285654,184046,Fri Oct 06 13:52:53 +0000 2017,@AmazonHelp When @138673 4 (Rs. 7000) will come into flash sale? I'm waiting since a long time.,285653,
2084562,428738,Wed Nov 08 09:53:46 +0000 2017,"@AmazonHelp No on the buy section 
Just so my daughter doesn’t accidentally buy a series when she’s using prime",,2084560.0
728810,294577,Wed Oct 11 10:18:32 +0000 2017,@AmazonHelp Kontakt zum Verkäufer und zum Amazon Support ist aufgenommen. Danke. :),,728809.0
1240469,410952,Mon Nov 13 09:18:58 +0000 2017,@410950 @383281 @AmazonHelp I wasn't asked for Aadhar when they were investigating my order,1240473,1240467.0
2192489,641730,Thu Nov 09 19:57:58 +0000 2017,"@AmazonHelp I'm already prime member but (Oh no! We can’t enable Twitch Prime on your account.
There was an error. Please try again in a moment.) this error. Have can i connect my account?",2192488,
1178010,397054,Tue Oct 24 21:29:38 +0000 2017,"@AmazonHelp He escrito, he llamado y he interpuesto reclamaciones en el Ayuntamiento. No me hacéis ni p... caso. Quiero una solución YA!",,1178009.0
1391546,240244,Sat Oct 28 11:49:21 +0000 2017,"Order #405-6870644-6019532.. order is over 15 days delayed. Big purchase #WashingMachine. Can you help @115850 @AmazonHelp? 
#Discount!! https://t.co/BaYgoOfLkw","1391545,1391547,1391548,1391549",
504992,235772,Fri Dec 01 20:52:06 +0000 2017,"@AmazonHelp I don’t, but I don’t think a doorstep that’s open to the street is in your default delivery procedures now, is it?",,504991.0
2292323,375280,Sat Nov 11 22:14:36 +0000 2017,"@AmazonHelp Die komplette App... Und das gilt nicht nur für mich. Seit der neuen App ist alles stockend und nervig und die Sortierung ist schlecht, keine Kategorien mehr etc. Die Entwickler sollten sich mal überlegen was ne scheisse die da gebaut haben!",2292325,2292322.0
1034300,364679,Mon Oct 23 06:07:04 +0000 2017,"@AmazonHelp Hi! Apparently its been 3 weeks, a replacement order has been cancelled from your side. Customer service isn't helping. Pls help",1034299,
424289,215990,Tue Oct 10 11:26:52 +0000 2017,@AmazonHelp  https://t.co/THnjbNiOli,"424290,424287,424291",424292.0
682980,282997,Thu Nov 23 12:04:04 +0000 2017,"@AmazonHelp Sí, pero trabajar con determinadas mensajerías os da muy mala imagen. Pactas horarios con ellos y luego hacen lo que quieren. Hace tiempo me dijeron que daríais opción al cliente a elegir mensajería. Sería una gran solución.",682982,682979.0
2567000,728172,Thu Nov 16 19:26:01 +0000 2017,@AmazonHelp Yes it does. My account is saying all delivered but it isn’t.,2567002,2566999.0
932290,341145,Sat Oct 21 11:56:40 +0000 2017,"@AmazonHelp Hi Amazon, you've locked my account.  How do I get it unlocked?",932287,
2498237,712857,Mon Oct 30 12:11:58 +0000 2017,@AmazonHelp It's being returned to an Amazon facility.,2498239,2498236.0
611077,265291,Wed Nov 22 13:17:25 +0000 2017,@AmazonHelp Sure. Any help would be welcome. Although I had to create a new account using a different email. I can't even begin to imagine where to go on the Amazon site to sort this out. Its pretty confusing.,611076,611078.0
1310615,426267,Fri Oct 27 05:02:47 +0000 2017,@426266 @115821 @AmazonHelp,1310613,1310616.0
274038,181481,Fri Oct 06 05:44:44 +0000 2017,@AmazonHelp Different Debit/Credit Cards.,274040,274037.0
1621279,496822,Mon Nov 06 11:00:22 +0000 2017,@AmazonHelp Also the phone number of the delivery person mentioned in the tracking doesn't work. Cheers for the quality service #Nohelp @115851,,1621276.0
1133021,386989,Tue Oct 24 12:32:20 +0000 2017,"@115850 @AmazonHelp have the worst cc representatives. Hve only receivd automated msgs in response to an issue, no resolution to problems.",1133020,
2284364,442122,Sat Nov 11 15:24:27 +0000 2017,@AmazonHelp Obrigado!! Irei ficar atento.,2284366,2284363.0
1748575,527064,Tue Oct 17 21:03:31 +0000 2017,@AmazonHelp Today 10/17,,1748572.0
1744046,526001,Sat Nov 11 04:08:00 +0000 2017,@AmazonHelp you people are providing Fraud Data on call now @115850 @AmazonHelp,1744047,1744045.0
1050672,368297,Tue May 23 09:54:06 +0000 2017,@AmazonHelp I got the confirmation from my colleague and he is using the same device in india for last 2 years. So why I am not getting correct answer,1050673,1050671.0
28407,122219,Mon Nov 20 00:05:51 +0000 2017,.@115821 @AmazonHelp i tried saying this in the email thread i had been using all along but all of a sudden i am getting undeliverable alert,28408,28405.0
2536340,721542,Thu Nov 16 10:50:47 +0000 2017,@AmazonHelp More than 3months,2536342,2536339.0
859569,314395,Fri Oct 13 15:06:29 +0000 2017,"@AmazonHelp Tried that yesterday, your company says books not aviable, when I’ve seen other get theirs already. Mine says will be here Monday now. 😩",859570,859568.0
2434966,410800,Sun Nov 19 19:56:15 +0000 2017,@AmazonHelp I just talked to someone from amazon they are taking care of it thank you!,,2434965.0
1520088,472561,Tue Oct 17 00:54:43 +0000 2017,"@AmazonHelp Gracias, espero y tener pronta respuesta",1520089,1520087.0
1497751,467749,Mon Oct 16 22:49:00 +0000 2017,@AmazonHelp I cannot seem to log in with my credentials.  And I don't understand French so I can't figure out a new sign up ...,,1497750.0
50754,127386,Wed Nov 01 20:00:58 +0000 2017,"@AmazonHelp By Artist, what's the minimum number of characters required to produce results? I'll try Album &amp; Song when I get home and send the results.",50756,50753.0
2220153,648478,Fri Nov 10 12:51:34 +0000 2017,"@AmazonHelp déjà pris contact avec @132988, vous ne pouvez rien arranger car le problème est de leur coté. Et comme mes livraisons sont continuellement problématiques avec ce prestataire, si vous pouvez les retirer de mes livreurs potentiel, oui, cela pourrait me rendre service.",2220151,2220154.0
1699303,270757,Fri Nov 10 05:15:27 +0000 2017,@AmazonHelp I hv nt receivd any mail on my registered email. Further would request u to counter me here instead of running away. Put the facts here. I AM CONFIDENT mine is not isolated incidence. Amazon has duped many with fake products. It clear from its behaviour. I appeal to avoid Amazon,1699301,1699309.0
1673662,220654,Mon Nov 06 17:12:44 +0000 2017,Have literally waited all day for this and the driver didn’t even knock on the door. Hasn’t even left package at safe space. @AmazonHelp https://t.co/4lA2laZqUC,"1673660,1673664",
971085,350400,Sun Oct 22 14:40:45 +0000 2017,@AmazonHelp Stop copy pasting the same thing,971086,971084.0
1460534,421899,Thu Nov 02 21:19:53 +0000 2017,Toujours en train d'attendre le livreur d'amazon.. poke @AmazonHelp,"1460532,1460536",
986849,353861,Sun Oct 22 11:38:41 +0000 2017,@AmazonHelp Thanks for your response! I used amazon.de to make my order.,986851,986848.0
2321022,672632,Mon Nov 13 15:54:35 +0000 2017,"@AmazonHelp No te preocupes por eso. Sí que tengo varios pedidos pendientes y por esa razón es un rollo.
Simplemente creo que es algo que deberíais plantearos: o punto de recogida con horario comercial o poder elegir franja horaria de entrega.",2321024,2321021.0
128830,144978,Fri Nov 24 04:10:11 +0000 2017,"@AmazonHelp @115850 ???

#SUPERVALUEDAYQUIZ 

#AMAZONPAYQUIZ

#AMAZONFESTIVERIDDLES

#SUPERVALUEDAYQUIZ

#REDTAPEAPPQUIZ

#AVEENOBABYQUIZ

#LGQ6APPQUIZ

#ONEPLUS5TAPPQUIZ

#AMAZONRECHARGEQUIZ

#CHILDRENSDAYRIDDLES

#KINDLEANNIVERSARYQUIZ

#BLACKFRIDAYAPPQUIZ

#AMAZONPAYAPPQUIZ","128829,128831",
669219,279591,Thu Nov 23 05:17:59 +0000 2017,@AmazonHelp わざわざありがとうございます。,669221,669218.0
2025581,599011,Thu Oct 19 16:47:48 +0000 2017,@AmazonHelp Notes left on My Account are never written by the delivery drivers so what is the point?,,2025580.0
2300014,667561,Sun Nov 12 16:35:42 +0000 2017,@AmazonHelp commade faite a tmeps pour livraison le soir mais finalement retardé ... Nouvelle date de livraison estimée : 12 nov. - 13 nov. sachant que j'ai payé pour etre livré ce soir pour finir un devoir,2300013,
721310,292657,Wed Oct 11 06:10:11 +0000 2017,"@AmazonHelp @115821 @AmazonHelp I just spoke with the service other the phone, choked by the conversation I just had! Very disappointed @115851",721309,721311.0
2256413,657178,Thu Oct 19 17:41:07 +0000 2017,"Warning, check your @115821 account. Mine was hacked and @AmazonHelp could care less 🙁","2256411,2256422",
2220173,648476,Fri Nov 10 12:43:01 +0000 2017,"@AmazonHelp Yes, and you asked me for transporteur so I reply with the order numbers",2220172,2220174.0
797459,310134,Thu Oct 12 16:07:09 +0000 2017,@AmazonHelp @115850 let's cut it short I'm going to receive the replacement or refund? Kindly reply here ASAP,"797462,797463",797455.0
2719470,763166,Mon Nov 20 08:01:41 +0000 2017,@AmazonHelp @115850 pls help i have placed an order but still i have not received any order no on my no or on email pls help asap.,2719468,
1327743,429780,Fri Oct 27 11:58:40 +0000 2017,@AmazonHelp I ordered something and I recieved an email saying that it’d be here on the 27th of October and it isn’t here. Is there a reason https://t.co/s4ntXTSeJQ,1327742,
227397,170235,Thu Oct 05 11:14:10 +0000 2017,@AmazonHelp U don't seem to get  the point. Am questioning ur process of finalising a vendor who doesn't support customers. How can you ignore this fact,,227392.0
2614136,738999,Fri Nov 17 14:05:50 +0000 2017,"@AmazonHelp @137605 Es Pokémon UltraLuna. Después de este tuit, os postearé otro con el código de pedido, al igual que la hora límite de llegada, porque no es la primera vez que tengo problemas para recibir el paquete porque no hay nadie en casa. Pero a Correos Express le da igual https://t.co/D4WSN3xdQV",2614138,2614135.0
790234,308436,Fri Oct 13 03:22:10 +0000 2017,"@AmazonHelp Just for recent update, apparently your team couldn't contact me. Kuddos. Great job team @115850 https://t.co/9AOAaE4jqn",790235,790233.0
1105738,380947,Sun Oct 15 09:41:48 +0000 2017,@AmazonHelp https://t.co/2m9jokOqz4,,1105737.0
313500,162750,Sat Oct 07 04:00:00 +0000 2017,@15316 @AmazonHelp @115850 @115851  https://t.co/qbNamJqinp,313498,313507.0
227768,162760,Thu Oct 05 08:31:57 +0000 2017,@AmazonHelp I only use https://t.co/HhU1EFeSTX,227770,227767.0
350638,199426,Sun Oct 08 10:39:48 +0000 2017,@AmazonHelp I was not able to access anazon prime and amazon. Had complained however did not get satisfactory resolution,,350637.0
1048794,367866,Mon Oct 23 08:03:06 +0000 2017,"@AmazonHelp I ordered from their site, I think musictoday is in charge for that. So I suggested they better send copies w/ your company, I guess faster",,1048793.0
1402162,289927,Sat Oct 28 17:33:40 +0000 2017,Gift from @115821 in “frustration free” packaging and half the gift is missing! It was just tossed into a box! @AmazonHelp,1402160,
551914,248647,Sun Dec 03 11:18:41 +0000 2017,@AmazonHelp Info submitted,,551913.0
819518,315213,Thu Oct 12 21:24:20 +0000 2017,"@AmazonHelp what a poor service.
I cancelled an order 5 days ago and payment not yet received.
Contact details sent via dm
#helpamazonhelp",819516,
26975,121902,Mon Oct 30 05:51:56 +0000 2017,@AmazonHelp can someone from your team call me.,26973,26976.0
1589549,488768,Tue Oct 17 08:29:15 +0000 2017,@AmazonHelp It's the new South Park on PS4. No idea on a delivery date at all.,1589552,1589548.0
2585489,174208,Fri Nov 17 00:47:57 +0000 2017,"@732635 @AmazonHelp @2150 I'd like to help.  Please submit your name, Twitter handle and tracking number to __email__.  You may also reach us at 804.414.2590.",,2585486.0
966815,349459,Sun Oct 22 00:07:39 +0000 2017,"@AmazonHelp I kinda just wanna get the final dossier by mark frost now , I think it comes out soon and or is already out",,966814.0
2752105,770464,Sun Nov 26 23:55:50 +0000 2017,@AmazonHelp Just wanted to say that you're amazing,2752103,
318446,191975,Mon Oct 09 11:42:59 +0000 2017,"@AmazonHelp I want my money back which I added in pay balance(it's not pramotional nor cash back).Now you guys saying,I can't get my own money back",318449,318444.0
352758,199871,Sun Oct 08 13:26:56 +0000 2017,@AmazonHelp Sirve para algo? La última vez se limitaron a pedir disculpas y no hacer nada más,352760,352757.0
651648,274961,Sat Nov 11 18:35:46 +0000 2017,@AmazonHelp je ne peux pas me connecter a ce lien : car des que je me connecte je tombre sur la meme boite de dialogue demandant la CB. Y a t il un n° de tel ou uemail pour le support ? merci,651649,651647.0
256732,177050,Thu Oct 05 18:48:43 +0000 2017,@115850 not accept #UnionBank_Rupay Debit card #LOL but they have option to pay from all #Rupaycards @AmazonHelp https://t.co/GtpVQHRrxa,256730,
2511766,158494,Mon Oct 30 06:27:43 +0000 2017,@AmazonHelp kar de na jokero vali baat @115850 you guys are making fool and not working as per your policies only @35358,2511767,2511764.0
842340,320345,Fri Oct 20 13:25:01 +0000 2017,@AmazonHelp Elle est en préparation pour expédition en 30 secondes bizarrement.,,842339.0
142018,148048,Fri Nov 24 12:41:24 +0000 2017,@AmazonHelp Been told that this is because you’re busy and therefore weekend deliveries are not possible - seems I can expect this going forward - thanks for notifying me of a change to the terms and conditions 😡,142020,142017.0
495951,233294,Fri Dec 01 19:22:16 +0000 2017,@AmazonHelp Is there an email I can contact?,495953,495950.0
857734,323700,Fri Oct 20 16:50:14 +0000 2017,@AmazonHelp According to my account it us Royal Mail who are not going to be delivering at this time of night!,857731,857736.0
1551768,480173,Sat Nov 04 03:54:30 +0000 2017,@AmazonHelp 今朝コンビニに届いたばかりなので昼頃には受け取れるかなと思ってましたが数時間かかるとのことでしたので,1551770,1551767.0
2425937,233285,Tue Nov 14 19:39:59 +0000 2017,@AmazonHelp Llame a atención al cliente y me dijeron que os comprometeis a pasar pero no a la entrega. No especifique horario niguno en mi pedido y si me llaman para quedar en una hora y no vienen. Ahora veo que llego a la 13:00 y en mi casa nadie ha recibido llamada...,,2425935.0
2361804,579639,Mon Nov 13 21:00:57 +0000 2017,@AmazonHelp die Amazon App auf iOS stellt immer wieder die Sprache auf Englisch um. Obwohl ich die Einstellung immer wieder auf Deutsch einstelle. Liegt vmtl. daran dass iOS auf Englisch eingestellt ist. Kann man das fixen?,2361801,
2149512,631752,Thu Nov 09 01:11:48 +0000 2017,"@AmazonHelp Not yet, and I talked to the local AMZL carrier, who is helpfully looking for the package. But fulfilling launch day orders 2+ days late doesn't inspire confidence. And slipping delivery dates is becoming a theme recently.",,2149511.0
294710,124282,Fri Oct 06 17:54:24 +0000 2017,@AmazonHelp Je vois avec qui pour une commande sur Amazon.de,294712,294709.0
551887,248644,Sat Dec 02 20:31:59 +0000 2017,@AmazonHelp She spoke to Carrier usps and it has not arrived in East point GA and is in between there and Texas,,551886.0
1648113,503488,Wed Oct 18 03:10:50 +0000 2017,@AmazonHelp Attempted! Stop fooling around #BadService #pathetic #flipkart #snapdeal https://t.co/RmMe2rHbfW,1648114,1648111.0
1320603,428345,Mon Oct 16 11:17:06 +0000 2017,@AmazonHelp not happy that you've cancelled my order when I contacted you to discuss something else and refuse to answer my emails,"1320602,1320604",
113802,141277,Thu Nov 23 18:30:02 +0000 2017,@AmazonHelp Later than I had expected with next day delivery on something I ordered on Tuesday afternoon - will see if it arrives by 8pm as stated on the order details,113804,113801.0
1262615,190898,Thu Oct 26 11:14:14 +0000 2017,@AmazonHelp 21 Sep ko delivery hui 2-3 me return apply kia. Aaj 26oct ho gayi h. Ab bol do tum ki out of date ho gya. https://t.co/8ED5lrVmUq,"1262617,1262618,1262619",1262612.0
833912,318590,Sun Oct 15 12:34:46 +0000 2017,@AmazonHelp @318589 Eh i problemi della terza età con l’e-commerce dovete fare tutorial per i pensionati! 😂,,833911.0
2728971,765140,Mon Nov 20 15:31:54 +0000 2017,"@AmazonHelp Checked what? That the packaging is crushed, yes. It is. The doll is ok, but you can’t give a crushed package ad a gift! I will be returning (though might arrive too late to post) &amp; leaving feedback-thanks",,2728970.0
244714,174124,Wed Oct 04 18:14:04 +0000 2017,@AmazonHelp hey I pre ordered Star Wars battlefront 2 and I still haven't received my beta code for Xbox one. Can you help out?,244712,
1824786,547793,Wed Oct 18 04:27:32 +0000 2017,@AmazonHelp Something u guys can also do,1824788,1824785.0
1815045,545240,Sun Oct 29 01:58:26 +0000 2017,"@AmazonHelp I contacted  CS, first told it was with driver. Tracking said left Amazon and was out for delivery this morning",1815047,1815044.0
857706,323695,Fri Oct 20 16:59:06 +0000 2017,@AmazonHelp Nope I wait in all day than at 17:40 I can an email saying it will be tomorrow,,857705.0
2599684,130737,Fri Nov 17 06:23:17 +0000 2017,"@AmazonHelp Let's see, how much time you take, to resolve my problem.",2599764,2599683.0
768996,303621,Wed Oct 11 23:11:14 +0000 2017,@AmazonHelp Poxa,,768995.0
2277551,662313,Sat Nov 11 16:15:54 +0000 2017,I guess if I own two Echo devices I can stream different music to each device simultaneously with Music Unlimited? @AmazonHelp,2277550,
1932425,364733,Fri Nov 17 15:38:31 +0000 2017,"@AmazonHelp she just went viral in her latest video of turning  the lights on! She was on inside @27262 last night, and @97933 and will be on TV more next week!",,1932423.0
1670664,508569,Mon Nov 06 12:42:03 +0000 2017,@AmazonHelp I have amazon prime but been charged for delivery 🙁🙁,1670662,
281599,183095,Fri Oct 06 14:22:28 +0000 2017,@AmazonHelp Amazon .in,,281597.0
1081414,375098,Mon Oct 23 19:58:08 +0000 2017,@AmazonHelp I've also got the same problem :-( https://t.co/tOg0AZ9fcC,1081412,
542086,245812,Sat Dec 02 16:13:54 +0000 2017,@AmazonHelp Ok lovely. It was on my dads account so I will get him to check his emails &amp; do that. Thanks so much. Have a good evening 👍,542088,542085.0
313692,190858,Sat Oct 07 07:19:30 +0000 2017,@AmazonHelp I have sent details,"313693,313694",313690.0
1086764,376341,Mon Oct 23 19:56:54 +0000 2017,@AmazonHelp Still not been delivered?! Is this how you expect your products to arrive? Had all-day yet it's now 20:56 and still no item 😲😑,,1086763.0
1659684,207485,Mon Nov 06 05:32:49 +0000 2017,"@AmazonHelp FBA is not trusthworthy. Here too, my work doesn't finish. I have a new job to keep an eye on orders value especially the reimbursements.",,1659682.0
1270193,119532,Thu Oct 26 14:09:45 +0000 2017,@AmazonHelp  I ordered pigeon gas stove with order I'd 171-7614411-4707553 on and updated it delivered but I haven't received the it yet.,"1270192,1270194",
421877,215497,Tue Oct 10 09:24:06 +0000 2017,"@AmazonHelp It's not like I have searched for it either, doesn't come up in recently viewed items",421878,421874.0
1181613,179123,Mon Oct 16 06:51:09 +0000 2017,@AmazonHelp Issue not fixed even after 9 hours. Wondering what's point of having such fake lightening deals.At least act promptly once issue is informed,1181615,1181612.0
1191723,400094,Wed Oct 25 08:26:56 +0000 2017,@AmazonHelp 24th October 2017 (1/3) https://t.co/SP2Xfygf0Z,,1191715.0
334069,183298,Fri Oct 13 15:03:14 +0000 2017,"@AmazonHelp That is wat I'm saying,replied to all your communication protocols but no solution. HELL is the experience. Don't even tend to buy next time","334070,334071",334067.0
457803,223703,Fri Dec 01 01:41:32 +0000 2017,@AmazonHelp Will they know I’ve talked to you guys? Cause I’ve already called and chatted and that’s what stemmed this awful experience,"457804,457805",457802.0
1005061,357887,Sat Oct 14 13:26:41 +0000 2017,@AmazonHelp Merci beaucoup !!,1005063,1005060.0
409676,212690,Tue Oct 10 12:26:09 +0000 2017,@AmazonHelp No calls yet.. Any updates on delivery.. Or should be prepared for another lie blaming me for failed delivery...,409677,409675.0
449973,221650,Thu Nov 30 23:07:30 +0000 2017,@AmazonHelp Why is that not stated anywhere on this page? Probably small print somewhere. Deceptive. Will be cancelling. Thanks. https://t.co/eKIMryRJK5,,449972.0
1493737,466870,Fri Nov 03 10:49:18 +0000 2017,"@AmazonHelp #amazoncustomercare will provide wrong info, or will dodge time by asking u to call later &amp; when its EOD they will PROMISE delivery nextday",1494236,1493735.0
472459,227511,Fri Dec 01 09:13:47 +0000 2017,@AmazonHelp https://t.co/sHeeVU86Kr,"472461,472462",472458.0
270911,180629,Fri Oct 06 12:54:52 +0000 2017,"@AmazonHelp It was, but I cancelled the order last night. I didn’t think it was reasonable to wait 3-4 weeks for a book. Just wanted to let you know why I cancelled.",,270910.0
964965,349037,Mon Oct 16 03:08:52 +0000 2017,@AmazonHelp I have already reached out by phone when I was charged twice. After I called Amazon I was charged a 3rd time. 3 charges for 1 membership.,964966,964963.0
1390002,442795,Sat Oct 28 14:15:40 +0000 2017,@AmazonHelp What if I don't receive my order by today ??,1390003,1390001.0
2488450,459858,Wed Nov 15 16:59:11 +0000 2017,"@AmazonHelp And for heaven's sake please stop sending it via AMZL_US, I don't like the experience the last time and as obvious the current one.",,2488449.0
1780118,534825,Wed Oct 18 20:12:09 +0000 2017,@AmazonHelp Yup,1780119,1780117.0
469412,133250,Sat Dec 02 03:59:14 +0000 2017,"@AmazonHelp Please don't buy anything @115850  because they send  stone instead of a new phone, if you don't trust me just googled it before any purchase
#UNINSTALLAMAZON",,469409.0
272452,181033,Fri Oct 06 04:08:44 +0000 2017,@AmazonHelp I still need this order ASAP or atleast a full refund ASAP! This a lapse on part of ur courier service and you are blaming me! Outrageous,272454,272450.0
994458,355552,Sun Oct 22 16:02:21 +0000 2017,@AmazonHelp Ok,994460,994457.0
1763218,530477,Fri Nov 10 20:03:40 +0000 2017,@AmazonHelp Back on chat. You're now saying I can't have refund because the item I returned is 'materially different'. I haven't returned anything as you won't provide return address. You literally make no sense,1763219,1763217.0
946520,344455,Sat Oct 14 00:45:02 +0000 2017,"@AmazonHelp Hi. If I was expecting a game to be delivered on the release date, how come it didn’t get delivered?",946518,
230614,170932,Thu Oct 05 10:23:48 +0000 2017,@AmazonHelp No,230615,230613.0
2104959,511103,Wed Nov 08 12:34:50 +0000 2017,@AmazonHelp Par contre... le suivi est toujours dans les choux... https://t.co/5JpyZpIjBx,"2104981,2104985",2104958.0
18964,120229,Wed Nov 01 06:10:16 +0000 2017,@AmazonHelp Then how should I reach you for assistance,18966,18963.0
1973469,584452,Wed Oct 18 17:57:24 +0000 2017,@AmazonHelp Spent another 50 minuets on the phone to be told to wait to see if it comes and £20 refund. The amazon wear house is 30 mins from my house!,,1973467.0
294884,186225,Fri Oct 06 19:28:24 +0000 2017,@AmazonHelp Thanks a lot for your help!,294885,294883.0
1061385,370610,Mon Oct 23 13:00:40 +0000 2017,"@AmazonHelp Mi cuenta fue bloqueada y me pidieron enviar unos fax al 206-266-1838, pero vivo en Colombia y acá los Fax no existen hace mucho",1061384,
544463,246502,Sat Dec 02 16:20:21 +0000 2017,@AmazonHelp just got an email to say my parcel couldn't be delivered because no one is in. I've been all day and the door bell is working.. this is the second day in a row this has happened.. (I pay for prime) 🤔,544461,
105150,139223,Thu Nov 30 18:29:49 +0000 2017,@AmazonHelp After the mechanic diagnosed one part defective we paid more than $700 in travel and repairs to replace the part we purchased from Amazon.,,105146.0
2552273,120030,Tue Oct 31 09:10:21 +0000 2017,"@AmazonHelp AmazonPrime guarantees prompt,fixed-time delivery&amp; charges a fee Rs.499 yearly) This guarantee is worth nothing. Some1 is pulling off a scam",,2552272.0
297399,186833,Fri Oct 06 18:54:18 +0000 2017,"@AmazonHelp os itens que tem ""Elegível Frete Grátis"" significa que o item tem frete grátis certo? Ao finalizar sempre vem cobrando frete.","297398,297400",
138231,147131,Fri Nov 24 10:19:08 +0000 2017,@AmazonHelp you should be telling you call centres to be honest to customers. Prime next day delivery not avalible. Everything Mon. What a joke what am I paying for !😠,138229,
1285549,312552,Thu Oct 26 18:40:32 +0000 2017,@AmazonHelp Thank you! Would have done that in the first place if Amazon didn’t change their website so the help button was hard to find,,1285548.0
327008,193930,Sat Oct 07 22:20:32 +0000 2017,"@AmazonHelp Mulund , Mumbai",,327007.0
1744971,526196,Tue Nov 07 15:00:10 +0000 2017,@AmazonHelp schickt &amp; i-welche ausreden erfinden. das kann doch nicht sein wenn ich sachen bei euch bestellt dhl sie nie an mich ausliefert?,,1744969.0
1489481,465951,Wed Nov 08 06:19:25 +0000 2017,"@AmazonHelp denn es passiert absolut nichts. Egal was ich vorbestelle, es kommt einfach immer zu spät an… Nie Entschädigungen erhalten.",,1489479.0
1044299,366786,Mon Oct 23 09:47:02 +0000 2017,@AmazonHelp I contacted customer care and I ask them about prime benefits they clearly said prime membership get fast delivery 1 day or 2,"1044301,1044302",1044298.0
439332,219329,Wed Oct 11 07:47:15 +0000 2017,@AmazonHelp multiple times. all i receive are assurances but no result. happened two days in a row and i reported it twice to no avail.,439331,439333.0
474295,227891,Fri Dec 01 10:20:54 +0000 2017,@AmazonHelp No!,,474294.0
1138336,388131,Wed Nov 01 23:13:45 +0000 2017,@AmazonHelp Currently locked out of my Amazon account because someone changed my email. Amazon gave me no advanced notice...,1138335,
1310278,426194,Mon Oct 16 10:53:37 +0000 2017,@AmazonHelp How about being clever with your remarks give me an email address I can use so you can assist a client!,"1310282,1310283",1310277.0
1395590,444537,Sat Oct 28 14:49:41 +0000 2017,@AmazonHelp Why are you selling me at more than printed MRP,,1395588.0
517576,239348,Sat Dec 02 02:45:07 +0000 2017,@AmazonHelp This is my first time ordering from y’all and I’m honestly SO tired,517577,517574.0
515284,238688,Sat Dec 02 00:30:45 +0000 2017,"Hey @115821 @AmazonHelp - please help your new drivers with their logistics and update their maps. Twice this week packages went to wrong place, took a week instead of 2 days, couldn't find addresses AND leaving on steps when clearly written not to. Bring back @115817 &amp; @81",515282,
64161,130698,Thu Nov 30 09:38:44 +0000 2017,"@AmazonHelp Please confirm the estimated date, as you said in last tweet. I am hoping you will do the delivery at the earliest.",64162,64160.0
2285673,664184,Thu Oct 19 20:25:26 +0000 2017,@AmazonHelp So the parcel has not arrived. Where do I go from here?!,2285675,2285671.0
930357,340709,Mon Nov 20 21:50:25 +0000 2017,@AmazonHelp cual es la forma de poder averiguar cual seria el problema con mi pedido?,930359,930356.0
1561504,482381,Sat Nov 04 16:22:08 +0000 2017,"@AmazonHelp Still not here and no reply from you, the whole point of pre ordering is to guarantee getting the product on release, should have just bought it in Asda, tell me why I should ever use amazon again???",,1561502.0
134932,146413,Fri Nov 24 09:19:41 +0000 2017,@AmazonHelp Oui mais le produit que je voulais commander est maintenant hors stock.,134933,134931.0
785443,307415,Thu Oct 12 09:04:27 +0000 2017,@AmazonHelp Is there anyway I can reschedule the delivery for today?,785445,785442.0
1808347,543263,Wed Oct 18 03:01:04 +0000 2017,@AmazonHelp see if they could help but she did not understand at all what i was asking and didn’t cancel the replacement request,1808350,1808346.0
990940,354730,Sun Oct 22 13:18:41 +0000 2017,@AmazonHelp @117634 The iOS App used to allow you to use the most recent dictionary unless you had an obvious language like Spanish or French,990939,990941.0
718086,291839,Wed Oct 11 01:07:07 +0000 2017,@AmazonHelp @115821 no I don’t.  I told ur customer srvc rep 2 process a refund and I’ll contact @118156 and file a complaint,,718085.0
779536,306169,Thu Oct 12 05:29:50 +0000 2017,"@AmazonHelp I was supposed to receive my package by 9th Oct, instead got a delivery notification but no product.#AmazonIndia#amazon https://t.co/0FoTkdhxS7",,779534.0
2550704,724657,Mon Oct 30 16:42:58 +0000 2017,@AmazonHelp @115850 your delivery guys falsely updating status when they never came for delivery which is already 2 days delayed. https://t.co/rU1UZ1r1uN,"2550706,2550707",2550703.0
1152639,391227,Wed Oct 25 13:11:20 +0000 2017,"@AmazonHelp en US sí, en UK también, en ES no. Hoy voy a la ficha y puedo comprarlo (aunque a otro proveedor), lo que no deja de ser irónico #paciencia",,1152638.0
162141,153430,Fri Nov 24 18:40:46 +0000 2017,"@AmazonHelp I have been on my order for two hours and not yet shipped  
The amount has not been withdrawn credit card why?",162139,
637040,271071,Wed Nov 22 20:46:39 +0000 2017,@AmazonHelp Again sent a MSG to the seller. But can't see it in the sent items https://t.co/L3Zky95eG2,,637039.0
435730,218501,Fri Oct 13 14:04:44 +0000 2017,@AmazonHelp What is the limit of your affirmative action? Why I am suffering? Why don't you punish Dculprit instead of making me more fool @71968,435731,435729.0
729041,519356,Tue Nov 07 02:31:37 +0000 2017,"@294625 @AmazonHelp Hi! I have the exact same problem with my kindle, did you find a solution? Freaking Russian/Chinese/Whatever dictionaries.",1714839,729039.0
503422,235308,Fri Dec 01 20:54:00 +0000 2017,"@AmazonHelp @235307 I'm also a Prime member, and to me that's a bit of a cop out. Apparently for an additional $6.99 you can seem to process the transaction in the same day, but you can't process it that quickly otherwise? Doesn't make sense.","503425,503426,503427,503428,503429",503421.0
1605121,492397,Sun Nov 05 02:17:11 +0000 2017,@AmazonHelp 迅速な対応に感動しました\( ˆoˆ )/✨,1605123,1605120.0
2135601,628288,Wed Nov 08 17:56:37 +0000 2017,@AmazonHelp No worries! It should be here soon.,,2135600.0
191556,161026,Wed Oct 04 15:48:48 +0000 2017,"@AmazonHelp DHL evidently put the wrong label on it, it got shipped to WI instead of IL. Estimated to arrive yesterday, now I'm not sure.","191558,191559",191555.0
224950,169742,Thu Oct 05 08:50:00 +0000 2017,"@AmazonHelp Got my issue resolved. Thanks for the prompt action and help :) :)
@115850",224952,224949.0
553384,249059,Sun Dec 03 12:25:18 +0000 2017,@AmazonHelp Never happened.  Really dissatisfied with this. Not what I expect or pay for. @126705 issue not yours but why use their shoddy service,553387,553383.0
279707,182673,Fri Oct 06 13:34:31 +0000 2017,@AmazonHelp You asked me all those questions just to direct me to the website 🤷🏽‍♀️😤 How about free 2day shipping on my next order!,279708,279706.0
1030177,363738,Tue Oct 17 17:23:52 +0000 2017,@AmazonHelp I already filled and sent to you,1694529,1030176.0
633568,270178,Tue Nov 21 20:24:26 +0000 2017,@AmazonHelp No worries- not your fault. Am looking for another one to order now. Going to choose a different design just to be on the safe side 🙂,633567,633569.0
527731,242158,Sun Dec 03 14:23:21 +0000 2017,@AmazonHelp Bon par contre il faudrait vraiment me contacter un jour car la situation dure vraiment et vaut fausse parole m'agace énormément,527732,527730.0
662777,277906,Thu Nov 23 01:22:18 +0000 2017,@AmazonHelp I'm trying to watch Splash for T.Hanksgiving and it will not stop buffering! We paid for HD and the quality is 360p at best and it freezes every few seconds,662776,
706865,288995,Tue Oct 10 21:38:14 +0000 2017,@288996 @AmazonHelp Así es lo peor de esto es que hacen caso omiso a mis reclamaciones tanto telefónicas como por mail como por redes sociales ... eso es #Prime,706866,706864.0
320312,192327,Sat Oct 07 12:35:06 +0000 2017,@AmazonHelp Se llama Oreo https://t.co/4ssLB0tSbK,320313,320311.0
1466929,460487,Sat Nov 25 13:41:28 +0000 2017,"@AmazonHelp Hmm. Shame. Unlimited will have to go. Such a shame you can’t combine them, it’s quite mean to make loyal customers pay for two separate subscriptions.",,1466928.0
2126721,626223,Wed Nov 08 19:41:43 +0000 2017,@AmazonHelp Just crazy how i ordered it the 4th and have gotten no updates at all except this email,,2126720.0
1108252,381554,Wed Nov 08 15:20:29 +0000 2017,"@AmazonHelp I need actually help from https://t.co/IKYljKzc3O - Associates as I am waiting since months for my payments and they don`t solve the issue, because I haven`t received one of them. Do you have a telephone number?",1108251,
1823894,134059,Mon Oct 30 17:26:02 +0000 2017,"@AmazonHelp You didn't deliver, said you'd refund; delivery (not cancelled) just attempted and refund was issued for the wrong items.",1823895,1823892.0
1598683,167356,Sat Oct 21 15:15:22 +0000 2017,@337364 @491006 @AmazonHelp @AmazonHelp is worst. Nowadays dey dnt even respond to my tweets n Insta.. as if I Caren fuck u @AmazonHelp,,1598681.0
1442573,454720,Mon Oct 16 18:50:50 +0000 2017,@AmazonHelp 3 fois ce jour un responsable dois me tel avant 12h30. Il est un peux en retard.,"1442570,1442575",1442576.0
2318332,672057,Mon Nov 13 10:08:21 +0000 2017,"Ist es normal, dass in der App für iOS keine Angebote mehr sichtbar sind oder ist es der nächste Bug? @AmazonHelp",2318330,
1733159,141441,Tue Nov 07 13:35:32 +0000 2017,@AmazonHelp See above https://t.co/M9R0rVcvWz,1733162,1733156.0
287864,184607,Fri Oct 06 16:53:06 +0000 2017,@AmazonHelp The tutorial is for the shield not primevideo but I have looked and there's that relates to the problem I'm having on YouTube.,287865,287862.0
516670,126375,Sat Dec 02 02:09:08 +0000 2017,"@AmazonHelp hm. hmmmm. intriguing! would that let us share prime orders, prime video playlists, and so forth?",516672,516669.0
1773507,533023,Wed Nov 08 02:45:49 +0000 2017,"@AmazonHelp I ordered some stuff,and it offered me prime shipping which I gladly accepted it.I check my bank statement today and they charge me almost $12.so I called and they say because I use the free one months ago,but when I was checking out it never told me I was ineligible for it",1773505,1773508.0
1172619,395806,Mon Oct 16 18:23:05 +0000 2017,@AmazonHelp Nah it wasn't too bad plus we found it funny!,,1172618.0
1079385,374607,Mon Oct 16 03:27:49 +0000 2017,@AmazonHelp I have completed all the formalities from my side. Now check the detail with your end. Check your draconian policies. You hacked my money.,"1079386,1079387",1079384.0
2367896,683409,Mon Nov 13 23:45:25 +0000 2017,"@AmazonHelp Done thanks. Update the app, it's really poor compared to Netflix. Ta.",,2367895.0
131757,145709,Tue Nov 21 10:24:40 +0000 2017,@AmazonHelp Everything is resolved and wouldn't happen again. That was yesterday. Today more issues and supervisor just said email or send letter. Well I want answers today and not in 2 weeks. Ridiculous customer service for a service I pay for.,131756,131758.0
1723373,521339,Tue Nov 07 10:39:28 +0000 2017,"@AmazonHelp I contacted your support too, from last 16 days, everyday. They say pickup showing cancelled, while item has been picked up already.",1723375,1723370.0
1406169,275331,Fri Nov 03 21:11:00 +0000 2017,@AmazonHelp you charged me twice for something and offer no clear way for customers to contact you about issues.,1406171,1406168.0
592101,260123,Sun Dec 03 17:01:51 +0000 2017,@AmazonHelp Don't care satisfying customers and wont stand for it. Regarding my recent ordered phone on Amazon. @115821 @115850,592100,
317942,191865,Sun Oct 08 15:23:10 +0000 2017,"@AmazonHelp Your work for Amazon, I been reaching out everyday to you guys, no one has been able to help me. Pass this message to someone who can.",,317936.0
2265497,659458,Sat Nov 11 05:20:35 +0000 2017,@AmazonHelp purchase prime products - next day delivery then says 4-5 days later - could have purchased elsewhere !!!!,2265496,
124729,143940,Fri Nov 24 07:35:07 +0000 2017,"@AmazonHelp 会員になるかレンタルするか、
どちらがお得ですか？",124731,124728.0
679041,282026,Thu Nov 23 07:10:44 +0000 2017,".@AmazonHelp  Still no resolution to my issue from your team, or even any offer of compensation. Just made my latest purchase off eBay Global Buy. Congratulations, @115850, you've just made me a loyal  @122599 customer. At least they know how to compensate their customers.",679038,
438813,183363,Wed Oct 18 09:04:36 +0000 2017,"@AmazonHelp I have already had enough harassment from you. Please confirm, did you cancel this order immediately or not. That will answer my query.",,438811.0
978549,352075,Sat Oct 14 13:29:51 +0000 2017,"@AmazonHelp Ordered Mobile for diwali gift to my SIS on 2 oct, But you ruined all the plan bcz of your mistake...Who gonna pay??",978552,978547.0
590018,250041,Sun Dec 03 16:30:51 +0000 2017,@AmazonHelp Why do I never get the free standard Amazon locker pickup option anymore on eligible orders for my local locker? For months &amp; months now. Just tried a locker I haven’t used before and I only got the option of the free one tho?! I’m getting to know HMV store near work!,590017,
924499,174137,Fri Oct 13 21:42:08 +0000 2017,"@AmazonHelp : ok, je viens de le faire.",924501,924498.0
2485609,710011,Wed Nov 15 16:55:28 +0000 2017,@AmazonHelp Comme dit plus haut le film n'a pas du plaire au livreur/postier et il est bien présent une chance ! 🤣,2485610,2485608.0
252850,176089,Thu Oct 05 17:46:17 +0000 2017,"@AmazonHelp Aun no, pero esta noche lo pruebo seguro :3",252852,252849.0
915444,337364,Sat Oct 21 09:53:37 +0000 2017,"@AmazonHelp @115850 I have got ur apology mail already , don't need another...all u guys are good at is writing apology mails",915446,915443.0
2184515,639848,Thu Nov 09 18:23:04 +0000 2017,@AmazonHelp Claro pago el Prime y me han dejado el paquete en la puerta 🚪 de mi casa( piso) y pone ENTREGADO A UN RESIDENTE. Vergonzoso!!,,2184511.0
1668882,442617,Mon Nov 06 12:21:54 +0000 2017,@AmazonHelp A compra é de um ebook com cartão de débito mastercard.,1668880,1668886.0
180967,158507,Tue Oct 03 08:59:57 +0000 2017,@AmazonHelp Please check the Date from which is pending https://t.co/7gqgOsctkP,180966,180968.0
162124,153426,Fri Nov 24 18:58:45 +0000 2017,@AmazonHelp Everything is perfect! No problems at all. Finding these on @120533 that shipped to the UK avoided disappointment on Christmas Day. Thanks. 🙂,,162123.0
416663,214403,Mon Sep 25 18:37:18 +0000 2017,@AmazonHelp You've already given me the refund. I didn't realize put 2 &amp; 2 together and realize AMZL was your own logistics. That's 2 orders you've lost,416661,416665.0
340149,197237,Sun Oct 08 00:24:43 +0000 2017,@AmazonHelp my package was supposed to be here tonight at 8. Just got notified it could be out until Wednesday. Why do I even have prime,340148,
448793,221329,Fri Nov 17 16:00:21 +0000 2017,"Hi @AmazonHelp Gibt es gute Gründe warum King of Queens teilweise geschnitten ist? Is mir gerade bei der Folge ""Ungeliebte Verwandtschaft"" (S03E23) aufgefallen.  #amazonvideo 

BG Nino",448792,
205100,164579,Wed Oct 04 23:41:41 +0000 2017,@AmazonHelp Still can't understand what my Prime membership is for if I have to wait 5 days for an order.,"205099,205101",205102.0
1522569,473134,Sun Nov 05 16:53:35 +0000 2017,@AmazonHelp The item options and instructions are not clear and half in Chinese. Some items you can't change from Chinese US.  Not a full English.,,1522567.0
1035519,364937,Sun Oct 15 05:47:24 +0000 2017,@AmazonHelp Pas de problème !,1035520,1035518.0
300023,187541,Fri Oct 06 20:42:13 +0000 2017,"@AmazonHelp Great to know, thank you so much! I'll be picking one up for the kids.",,300022.0
2236405,652198,Fri Nov 10 18:34:13 +0000 2017,"@AmazonHelp Bonjour , ma mère a été déduit de 14.99€, puis 75€ 3 jours suivant par Amazon Media, or, elle n'a jamais souscrit à ce genre de choses . Nous demandons des comptes. ^RP",2236404,2236406.0
311571,190402,Sat Oct 07 03:45:40 +0000 2017,@AmazonHelp I purchased the JBL C100SI earphones in lightning deal for 699 but the amount got deducted from amazon pay balance was 899...,311573,311570.0
757092,300931,Thu Oct 12 02:47:01 +0000 2017,@AmazonHelp I’ve been waiting from past 3 months. My payment has been stuck. And not getting any help.,757094,757091.0
80659,133570,Thu Nov 30 13:05:26 +0000 2017,"@AmazonHelp Where is the result of redtapequiz ?????",80657,
1533672,462701,Sun Nov 05 21:12:10 +0000 2017,@AmazonHelp @AmazonHelp @115821 @115851 got a replacement product. also used. How is this allowed to happen from an amazon fulfilled product?,1533674,1533671.0
1509300,470328,Fri Nov 03 14:18:15 +0000 2017,"@AmazonHelp I cancelled, but I didn't get a refund",1509299,1509301.0
2541014,722528,Thu Nov 16 11:40:51 +0000 2017,"@AmazonHelp I haven't flagged it before, thinking previously it was a one off - but now this has happened quite a few time and I've notice it happening to all my neighbours parcels. Thanks for the link and I will respond.",2541016,2541013.0
1061328,370604,Mon Oct 23 13:39:13 +0000 2017,@AmazonHelp Please check your DM,1061329,1061327.0
18952,120228,Wed Nov 01 07:34:13 +0000 2017,@AmazonHelp Done this. What about resolution ??,18953,18951.0
2471297,706743,Tue Jul 18 10:24:58 +0000 2017,@AmazonHelp Lors de Mon appel avec un de vos conseillers ce samedi il m'avait annoncé que le produit etait vendu par Amazon également ...,2471296,2471298.0
1501560,468537,Mon Oct 16 22:55:50 +0000 2017,@AmazonHelp need help with something specific,1501558,
328008,167356,Sun Oct 08 01:17:37 +0000 2017,@AmazonHelp @AmazonHelp thanx alot. Hope to receive it soon.,328009,328006.0
198683,162744,Wed Oct 04 22:39:28 +0000 2017,"@AmazonHelp Customer service said it wouldn't happen again after the first time, but it happened just a few days ago. Not sure how you think using my",198685,198680.0
1118631,383807,Tue Oct 24 04:52:21 +0000 2017,@AmazonHelp https://t.co/MKBbgndZQa,1118630,
1202775,402248,Wed Oct 25 13:44:21 +0000 2017,@AmazonHelp Discuter avec vous:service client @115821 c’est com chercher le numéro des réclamations sur le site!On revient toujours à la page d’accueil,,1202774.0
419419,215023,Tue Oct 10 06:21:24 +0000 2017,"@AmazonHelp Ok, but what about resolution of d problem? Such malpractice is also nt acceptable does @115821 do such false status updates in USA as well?","419421,419422,419423",419418.0
1055385,355290,Sat Oct 14 23:00:50 +0000 2017,"@AmazonHelp This is the issue I should have - but on my Kindle and Amazon digital store, u only have last week's. #thissucks
https://t.co/eV2uXK1004",,1055383.0
633722,270214,Wed Nov 22 16:30:30 +0000 2017,@AmazonHelp This is the only response I got! It’s been 4 days since then https://t.co/lbliHn8URk,633724,633721.0
996696,356016,Sun Oct 22 19:10:38 +0000 2017,@AmazonHelp Read email above. The cell phone never shipped. And now I have to pay more money for it because it costs more and I need a speed shipment.,996698,996695.0
1955739,580454,Wed Oct 18 17:00:47 +0000 2017,"@AmazonHelp This is already been reported and apparently been investigated but most importantly, this is Diwali and we were expecting it on time.","1955741,1955742",1955738.0
226319,144699,Thu Oct 05 08:15:09 +0000 2017,"@AmazonHelp Yes I tried and she informed me that courier team will contact you, but still I have not received any call! It's been two hours!",226321,226318.0
1721553,520972,Tue Oct 17 19:32:38 +0000 2017,"@AmazonHelp No joy on the handy hints, what should I do next?",1721555,1721551.0
870186,326613,Sat Oct 14 01:59:35 +0000 2017,@AmazonHelp Unpleasant??? It was horrible! I at times regret talking to ur call centre. Please listen to these calls. Lot of misinformation n lies.,,870175.0
722113,188699,Wed Oct 11 02:05:59 +0000 2017,"@AmazonHelp Explain this. Shipped on a Tuesday but won't deliver till Friday, when originally promised Thursday. It's Prime. Why not 2days https://t.co/XMq4FLuobN",722112,
2764379,773236,Tue Nov 21 08:54:47 +0000 2017,@AmazonHelp Teneis tlfn de contacto? Me gustaria ppder hablar con alguien e intentar solucionar esto.,2764378,2764380.0
140052,147598,Fri Nov 24 12:22:29 +0000 2017,@AmazonHelp Merci quand même ^^,140054,140051.0
1729642,522746,Tue Nov 07 11:14:42 +0000 2017,"@115850 @AmazonHelp 

Want to raise a complaint regarding my order. It's not delivered but on app it's showing as delivered. Please Help.",1729641,
398802,210311,Mon Oct 09 18:48:14 +0000 2017,@AmazonHelp I have already contacted your customer service desk and she said the product shall be delivered tomorrow. Removed the order information,398803,398801.0
2571919,729317,Thu Nov 16 19:55:10 +0000 2017,@AmazonHelp Not being received and I’ve requested it from both mobile and computer to see if that makes a difference. I’ve check my junk folder too.,2571916,2571920.0
2304064,668536,Fri Oct 20 13:03:21 +0000 2017,"@AmazonHelp I saw the guidelines one of the silly requirements""you must have spent at least $50 on https://t.co/2KMC3zLE28"" to make a product review.",,2304063.0
801628,172598,Sat Oct 14 08:25:43 +0000 2017,"@AmazonHelp @28683 #MJ^ 😁 yes, yehi ek kaam bacha hain mera paas ek-do ghante baad link pe click-login-writting &amp; wait for another reply with same link",,801627.0
2399205,690399,Sat Nov 18 10:21:34 +0000 2017,@AmazonHelp Thank you. I sent a message to the seller on there. Hope it works.,2399203,2399206.0
2110291,622504,Sun Nov 26 14:26:53 +0000 2017,"@AmazonHelp Anything I type into the box it tells me it wont work. While I was on the phone it worked ONCE, but still everytime I enter something even the examples it wont work",,2110290.0
1687062,512350,Mon Nov 06 20:01:48 +0000 2017,@AmazonHelp My friends one has been dispatched but mine still says not yet dispatched,,1687061.0
245208,174214,Thu Oct 05 20:20:46 +0000 2017,"@AmazonHelp Werde ich morgen per Mail tun. Als Prime-Kunde lieferte DHL immer prompt am nächsten Tag. Schade, dass zurzeit Hermes die Aufträge bekommt.",245210,245207.0
473231,227687,Fri Dec 01 10:08:00 +0000 2017,@AmazonHelp Thanks yeah contact u and seems yet again amazon have taken too many preorders for the stock available so I’ve now sourced this item elsewhere.not happy as this is the 2nd time this has happened now,473233,473230.0
468208,226482,Fri Dec 01 13:46:15 +0000 2017,@AmazonHelp Winners list ??,468210,468207.0
532670,236677,Sat Dec 02 14:04:24 +0000 2017,@AmazonHelp Già fatto varie volte ma non risolvono non per colpa loro ma per i Vostri vettori che fanno 😢 piangere!!!!!!!!!,,532669.0
2262994,658814,Mon Nov 20 23:32:19 +0000 2017,@AmazonHelp It will probably be amazon.de,2262993,2262995.0
1290666,421820,Tue Oct 17 18:13:15 +0000 2017,@AmazonHelp Por suerte no pero no han robado el producto también por suerte muy mal @137605 no llamando ni al timbre ni al móvil de contacto,"1290668,1290669",1290665.0
107304,128304,Thu Nov 30 18:45:19 +0000 2017,"@115830 @AmazonHelp any idea all day been waiting, it dose not take all day to get from Enfield to Harlow now does it.....",107303,107305.0
1038900,365809,Sat Oct 14 20:34:46 +0000 2017,"@AmazonHelp When you order something for next day, you expect it to be delivered the next day.",,1038899.0
2509264,715323,Wed Nov 15 22:22:59 +0000 2017,@AmazonHelp Is it possible email went to primary account holder for our Prime account?,2509263,2509265.0
328440,194313,Sat Oct 07 17:48:30 +0000 2017,"@AmazonHelp She was on the phone for 30 minutes to resolve this, which to be fair to Amazon, was resolved. But then got charged £40 for the privilege.",,328439.0
2612296,723160,Fri Nov 17 12:17:48 +0000 2017,@AmazonHelp D'accord merci,2612295,2612297.0
253985,176373,Fri Oct 06 02:00:15 +0000 2017,@AmazonHelp Thank you!,,253984.0
25894,121656,Tue Nov 07 03:46:21 +0000 2017,@AmazonHelp Rcvd incomplete reply. Complaint not being read properly. It is a response about Gift cards. Query on Amazon Pay Bal. not being answered.,25895,25891.0
493434,232632,Fri Dec 01 17:20:22 +0000 2017,"@AmazonHelp I’ve been told this every day this week and still nothing arrives! As a prime customer that pays for next day delivery, a week for a delivery not to arrive and without the ability to update me on why is not good enough",493433,493435.0
1583710,355132,Sat Nov 04 21:26:18 +0000 2017,"@AmazonHelp Phoned. Poor man repeated the details, said sorry and asked me to wait until Wednesday. We agreed he’d call @126705 (if they’re there…)",1583711,1583709.0
2534535,721146,Thu Nov 16 07:57:42 +0000 2017,@AmazonHelp You must be getting me mixed up with someone who has alot of time on their hands. I used Amazon to save me the bother of having to shop locally. What a joke that has turned out to be,,2534534.0
868684,326262,Sun Oct 22 15:40:37 +0000 2017,@AmazonHelp Je vous en parle en MP,,868683.0
924438,339386,Sun Oct 15 18:31:31 +0000 2017,"@AmazonHelp Uh, yeah. Amazon lied. It wasn't en route at all. Only after keeping me waiting did they send a notification rescheduling for Monday, days late.",924440,924437.0
2236341,652188,Fri Nov 10 18:36:18 +0000 2017,@AmazonHelp Will they refund my money? I already cancelled the membership through that link,2236340,2236342.0
1199773,401903,Wed Oct 25 16:46:44 +0000 2017,@AmazonHelp I’ve never had anything arrive that hasn’t in a timely fashion on my doorstep. Will check out the link.,,1199772.0
2719416,763153,Mon Nov 20 08:34:41 +0000 2017,@AmazonHelp @115850 Used to think highly of your company before you mixed up my order,2719414,
156676,151986,Fri Nov 24 17:40:31 +0000 2017,@AmazonHelp  https://t.co/U0nxhxKEuv,156678,156675.0
2373326,164356,Tue Nov 14 03:35:36 +0000 2017,@AmazonHelp I’ll check,,2373322.0
343881,197817,Tue Nov 07 15:54:44 +0000 2017,@AmazonHelp y estos impresentables de @130687 ya ni contestan.,343889,343879.0
83514,119629,Thu Nov 30 13:11:18 +0000 2017,"@115850 @AmazonHelp, where can i find the results of the various contest you hold on the app.",83513,
555371,249668,Sat Dec 02 20:41:46 +0000 2017,"@AmazonHelp Fab, thank you! 😊",,555370.0
227897,170336,Thu Oct 05 08:17:34 +0000 2017,@AmazonHelp bjr j'ai préco SW Battlefront 2 mais je n'ai pas eu la clé pour la beta ?,227894,
1772276,532682,Wed Nov 08 01:58:05 +0000 2017,@AmazonHelp You ship my items to every different place around my address. Now I don't know when I can get my package bec I am unavailable during their operating hours. I'm LIVID!,,1772274.0
878825,328642,Fri Oct 20 19:57:22 +0000 2017,@AmazonHelp See the above attachment https://t.co/F7g9QDXZN3,,878824.0
1229650,408402,Wed Oct 25 20:46:45 +0000 2017,@AmazonHelp says i dont have an active memebership &amp; wouldnt let me cancel it!,1229653,1229649.0
446814,220846,Sat Dec 02 12:53:17 +0000 2017,@122232 @AmazonHelp My parcel was delivered today. I appreciate anything that anybody did to make this happen. I am one happy Mummy and so will my kids be on Christmas Day! 🤗,446815,446812.0
1953602,579976,Thu Nov 16 11:03:08 +0000 2017,@AmazonHelp I'm really upset because my current mattress smells like cat pee and I should not still be sleeping on it,,1953601.0
1611878,494679,Sun Nov 05 12:33:15 +0000 2017,@AmazonHelp Well we have just got another message saying 3 items handed to resident but i can assure you i cant see it. What now?,1611880,1611877.0
1384083,256791,Sat Nov 25 21:55:51 +0000 2017,@AmazonHelp ☹️ Any idea when that would be? Really hoping I could read this before the film is released!,,1384082.0
440396,219490,Thu Oct 26 03:31:25 +0000 2017,@AmazonHelp Not at all. I opted for the seconds option. Delivery was prompt &amp; delighted with the product.,440398,440395.0
734125,295651,Wed Oct 11 11:09:05 +0000 2017,"@AmazonHelp what happen? I can't acces my acount, ask me for a code and never arrive to my mail, I tried 10 times ....","734123,734128",
1499885,468218,Fri Nov 03 14:04:51 +0000 2017,@AmazonHelp And it's the German marketplace I'm inquiring about FYI,1507912,1499884.0
2290139,665279,Sun Nov 12 06:57:02 +0000 2017,@AmazonHelp ついさっき届いたばかりでまだ配達中になっててそこから選択出来ないのでカスタマーサービスにて送ります,2290141,2290138.0
21924,120777,Wed Nov 01 07:03:07 +0000 2017,"@AmazonHelp I hope u r done with all sorries apologies understanding n other such words to keep customer waiting?

Now pls deliver my order.",21922,21925.0
1496004,467334,Fri Nov 03 12:43:25 +0000 2017,@AmazonHelp No me cogen el teléfono.,1496005,1496003.0
1201944,402404,Wed Oct 25 13:20:44 +0000 2017,@AmazonHelp Il me semble que c'est amazon. https://t.co/w5Iwu8RYYl,1201946,1201943.0
608050,150006,Wed Nov 22 12:19:11 +0000 2017,"Hi, @amazonhelp, apparently you missed the part that your AMZL driver NEVER DELIVERED THE ITEM. (Reminder, I have video of him sitting in front of my house for 10 minutes)/ https://t.co/qu4Tfi8qqD","608048,608054",
1040120,321479,Sat Oct 14 19:04:37 +0000 2017,@AmazonHelp Is there someone I can speak to?,1040122,1040119.0
2374479,610182,Tue Nov 14 02:10:02 +0000 2017,@AmazonHelp I wasn’t provided with an options. Just a potential refund but I’m really more interested in finding out what has happened to the order.,,2374478.0
1373386,439645,Thu Oct 19 02:24:58 +0000 2017,@AmazonHelp I am letting you know.....itnwas sue by 8pm on the 18th...TODAY...its 9:24. Consider this your notification 😳,,1373385.0
1310643,426277,Fri Oct 27 05:31:42 +0000 2017,@AmazonHelp No. As per usual just not here. Ontrac sucks.,,1310642.0
584553,257940,Sun Dec 03 14:25:42 +0000 2017,"@AmazonHelp Yes, I got a text it would be here YESTERDAY by 8pm.",584552,584554.0
197722,162502,Wed Oct 04 14:26:40 +0000 2017,@AmazonHelp No response or tracking available from anywhere received a message it is out for delivery from 10am today but there has been no contact,,197721.0
1200829,402153,Wed Oct 25 06:04:10 +0000 2017,@AmazonHelp わざわざありがとうございます🙇,1200831,1200828.0
1394473,444291,Sat Oct 28 13:38:15 +0000 2017,"@120533 @AmazonHelp for commande 406-3943583-7676327, awful behaviour by Ups, Prime makes no sense with this carrier. Unsubscribing ASAP!",1394472,
956288,346904,Sat Oct 14 01:58:27 +0000 2017,@AmazonHelp Is PRime charge for each country yu use? IE Im in canada and wanted to order something from US Amazon,"956287,956289",
1323499,428847,Fri Oct 27 10:26:55 +0000 2017,@AmazonHelp And amazon can't do anything to help. Can't even assure me the replacement will be sent by a different courier and I have a 3rd day at home,,1323497.0
1761376,472074,Tue Nov 07 20:38:35 +0000 2017,@AmazonHelp Are you serious?? https://t.co/k359kcF8Jr,,1761374.0
1939119,576818,Thu Oct 19 11:06:24 +0000 2017,"@AmazonHelp Il indique depuis hier en cours de livraison.
Pouvez-vous contacter le transporteur pour savoir ce qu'il en est?",1939120,1939118.0
916558,336911,Sun Oct 22 05:59:41 +0000 2017,@AmazonHelp  I have to think twice before I could order any electronics on amazon next! This has been a terrible experience with you guys.,916562,916554.0
1281384,419801,Fri Oct 27 10:54:49 +0000 2017,@AmazonHelp Me acaban de avisar de que me lo han entregado. Pues rectifico y muchas gracias por todo.,1281385,1281383.0
397403,210098,Wed Nov 29 13:48:19 +0000 2017,@AmazonHelp @115851 @115821 #Day58 #complaint Unresolved #Amazon #fraud #badcustomerservice @115850 provide me #signature Proof,397404,397402.0
226746,170126,Sat Oct 07 07:34:43 +0000 2017,@AmazonHelp @115850  please help,,226742.0
2573771,729890,Thu Nov 16 20:20:30 +0000 2017,"@AmazonHelp I ordered a Waluigi shirt from you guys back in august and still haven't got it, needless to say.... https://t.co/QQ5OwOimyE",2573770,
792102,308872,Thu Oct 12 13:08:33 +0000 2017,"@AmazonHelp Haha thanks, I will 😁",,792101.0
965171,326613,Sat Oct 14 12:56:37 +0000 2017,@AmazonHelp There is no form that's what I am telling you,,965005.0
2023107,401455,Wed Oct 18 20:44:54 +0000 2017,"@AmazonHelp 
A completed order was made before few hours but nothing deducted from the credit card?! is this normal situation?",2023105,
1660063,176396,Mon Nov 06 05:46:47 +0000 2017,@AmazonHelp No. They leave your warehouse and are never seen again. Always @115821’s delivery service. @118706 always works.,"1660065,1660066",1660062.0
1748611,527072,Tue Oct 17 20:36:02 +0000 2017,@AmazonHelp Pretty sure I am,1748609,1748613.0
80685,133897,Thu Nov 30 14:04:23 +0000 2017,@AmazonHelp Delivery guy said he'll be running late,,80683.0
2291342,665500,Sun Nov 12 11:19:49 +0000 2017,"@AmazonHelp Hi, its an amazon prime subscription I didn't know I had and it's on .co.uk",2291344,2291341.0
428996,158494,Wed Oct 11 01:47:15 +0000 2017,@AmazonHelp Nothing just sorry @115851 it's really hurt first give refund than compensation than return mcbc bana rakha hai @115821 @115850,428997,428995.0
2277504,662308,Sun Nov 12 15:46:54 +0000 2017,@AmazonHelp he can't get in touch with them today. So my delivery will be Tuesday at the earliest. 6 days since I ordered it.,,2277503.0
1271856,417732,Mon Oct 16 07:31:18 +0000 2017,"@AmazonHelp plz give me a call so that i can give you a brief regarsing my problem 
9003725388","1271858,1271859,1271860",1271855.0
1800814,541092,Wed Oct 18 01:41:18 +0000 2017,"@AmazonHelp As this is public site pls give your e-mail address i will just send a e-mail reg, this matter",1800816,1800813.0
1568732,483987,Sat Nov 04 16:38:52 +0000 2017,"@AmazonHelp Was told ""within 1 hour"". This is regarding a Prime promised next day order - which the time slot is closing in on. Urgently need sorting",1568734,1568731.0
1410349,447822,Wed Nov 08 12:03:24 +0000 2017,@AmazonHelp #amazonin i tried a lot cia email and customer care. now i fed up. either call me on 9033716757 by RESPONSIBLE person else provide me NODAL authority contact details. If any nodal EXISTS...,1410347,1410351.0
453265,222546,Thu Nov 30 22:41:33 +0000 2017,@AmazonHelp From what I can tell it’s your stream that is the problem. It’s happened to me while traveling or in one place using WiFi.,453263,453266.0
1224970,407388,Mon Oct 16 16:20:57 +0000 2017,@AmazonHelp Ok was wondering if it was due to today's weather as it's normally up in the mornings,,1224969.0
1366969,339794,Fri Oct 27 22:11:29 +0000 2017,@AmazonHelp Never agreed to that and wouldn’t if asked. I get home...no package? So now what because it’s clearly you guys fault,1366970,1366967.0
233493,171584,Thu Oct 05 14:49:06 +0000 2017,@AmazonHelp have been an Amazon customer for quite some time now. But this case and this attitude makes me want to never shop from you again @118702,"233494,233495",233491.0
1249686,413205,Thu Oct 26 02:36:21 +0000 2017,"@AmazonHelp Due to shock-sensitive nature of hard drives, I am unwilling to trust integrity of open box/unpadded item received.",1260969,1249685.0
2388937,688278,Tue Nov 14 08:31:22 +0000 2017,@AmazonHelp Yeah it was two labels for the same thing ordered twice at the same time. The status is that the other 1 is waiting to be sent back,2388948,2388936.0
1690798,502282,Mon Nov 06 21:00:17 +0000 2017,@472074 @AmazonHelp But aren’t you calling them cos you know nothing about them? #isntitironic https://t.co/B5xyqkXIGq,,1690797.0
1376051,440331,Sat Oct 28 01:28:12 +0000 2017,@AmazonHelp I am beyond upset at this point. Multiple shipments late and I am unable to get answers for them. You lost a customer today https://t.co/NcybB9bAgM,1376050,
321153,170108,Mon Oct 09 11:33:23 +0000 2017,"@AmazonHelp Ultimately, received my phone. That to 1 day earlier (though 2 days late from 1st estimate). Nevertheless, thanks for everything.",321154,321152.0
13179,118708,Wed Nov 01 01:53:41 +0000 2017,"@AmazonHelp yes spoke w/ customer service, still canceling my prime though since it does literally nothing apparently",13181,13178.0
2293699,128622,Sat Nov 11 23:18:11 +0000 2017,@AmazonHelp 936128__credit_card__,,2293697.0
1850394,553956,Sun Oct 29 01:05:16 +0000 2017,@AmazonHelp I should have checked here first.  Been all over your website and it didn't address this topic.  Thank you,1850393,1850395.0
354446,200258,Wed Oct 11 15:16:00 +0000 2017,@AmazonHelp 2/2 as everything work on the system@then whats the point wasting your money puting so many executie #Apnidukaan my foot #fraud #pathetic,,354445.0
1732149,523269,Tue Nov 07 13:29:10 +0000 2017,@AmazonHelp Not surprised you bunch of fucking shyster cunts. Take the money and hope customers don't notice.,,1732148.0
1777657,534141,Sat Nov 25 13:48:29 +0000 2017,@AmazonHelp - I am unable to order gifts for my husband or son because you display all purchases. Is there a way to secretly purchase so they can't see it? Maybe a password at a purchase level ?,"1777656,1777658",
1406088,373357,Mon Nov 13 08:17:02 +0000 2017,"@AmazonHelp If I am using pin code - 421003, Amazon pantry is showing error saying items can't be delivered....whereas if I use 421002 or 421004, then I m able to get deliveries of pantry...this looks like some tech issue",1406086,1406090.0
644793,267747,Thu Nov 23 08:21:31 +0000 2017,@AmazonHelp Already filled and sent please check.When will you resolve suffering from November 12th,644794,644792.0
33169,123340,Thu Nov 02 19:24:18 +0000 2017,"@AmazonHelp Thanks for your help!
What happens if when I hold the home button I don't get a mirroring option? See photo https://t.co/zOhaYaV2yX",33171,33168.0
502454,235039,Fri Dec 01 20:49:01 +0000 2017,"@AmazonHelp I checked Canada post and purolator. It's not coming by today, oh and I just got an email saying ""we may not make it on time"". Glad I pay money for this lack of service.","502456,502457",502453.0
929640,134059,Fri Oct 13 21:40:04 +0000 2017,@AmazonHelp You arranged to collect my order (a non-functioning laptop) on Monday; you haven't done that and I've just spent 33 minutes on &gt;,929638,
2552009,724936,Mon Oct 30 16:49:33 +0000 2017,"@AmazonHelp ok, thank you",,2552008.0
64149,130724,Thu Nov 30 07:09:20 +0000 2017,"So many days yet no update. @AmazonHelp 
There are cases of fraud pick ups.
Guys be aware @130725 @130726 @17497 @130727 @115530 @130728 @115531 @115532 @130729 @115533 @130730 https://t.co/dLyuiAUNro",64148,
2383347,687029,Tue Nov 14 07:41:53 +0000 2017,@AmazonHelp No worries Amazon :),,2383346.0
56842,128877,Thu Nov 02 22:45:00 +0000 2017,"@AmazonHelp @128875 And this is exactly what we're fed up of,  fill forms and we'll escalate. But never do we ever get anything resolved. Its not worth our time",,56841.0
388018,207833,Tue Oct 24 15:19:23 +0000 2017,@AmazonHelp I emailed @115830 on the day that @AmazonHelp sent the above tweet and to date i have had NOTHING back...despite you taking my money!!,388020,388017.0
1202808,402583,Wed Oct 25 14:57:54 +0000 2017,@AmazonHelp Voucher obviously loyal paying customers don’t mean anything to amazon,,1202807.0
2614180,739007,Fri Nov 17 14:15:33 +0000 2017,"@AmazonHelp J'ai demandé mardi soir la livraison en point relais près de chez moi. La livraison sur mon compte est toujours au 14/11 et ""en retard""... Sympa",2614181,2614179.0
417808,214691,Sun Oct 29 04:44:46 +0000 2017,@AmazonHelp could you please tell me on which date mail I have to check?,,417807.0
29520,122486,Wed Nov 01 16:12:28 +0000 2017,@AmazonHelp I believe you are deliberately avoiding calls by making the procedure difficult @115850  @115821  #Incompetent,,29519.0
436272,218626,Tue Oct 10 19:08:05 +0000 2017,@AmazonHelp That’s kinda the point. No data on there which could be an issue. Unless they can hack you using my order number,436274,436271.0
1213427,354101,Wed Oct 25 16:55:12 +0000 2017,@404800 @AmazonHelp Mdr bah de quoi tu te plains xD,1224567,1213426.0
927511,305262,Sat Oct 21 14:22:32 +0000 2017,"@AmazonHelp @115850 @119625 I still haven't got any confirmation by your team,this was not expected @119625 @AmazonHelp @115850",927510,927512.0
199227,162951,Wed Oct 04 17:44:52 +0000 2017,"@AmazonHelp @115850 Death "".So if i brought product considering Amazon as service delivery agent, what do i do, if your seller is fraud or you both are selling",199226,199228.0
301807,188008,Fri Oct 06 21:25:12 +0000 2017,@AmazonHelp iPhone,301809,301806.0
2571890,729311,Thu Nov 16 20:03:15 +0000 2017,@AmazonHelp I just spoke to someone and he put the phone down! 🤦🏽‍♂️,,2571889.0
622531,267757,Mon Nov 20 23:46:03 +0000 2017,@AmazonHelp I tracked the order and there’s a picture of the package on my front door. Are these drivers instructed on where to leave packages? It was left on the front door in plain view sight.,622529,622532.0
1239309,410698,Mon Nov 13 09:08:09 +0000 2017,"@AmazonHelp Uk. After 16+ calls to customer care, and multiple investigation escalations, still no answers.",1239307,1239313.0
2764413,625793,Tue Nov 21 08:57:15 +0000 2017,@AmazonHelp Responded to the link,2764414,2764412.0
505953,236057,Fri Dec 01 20:56:57 +0000 2017,.@AmazonHelp it's confusing why your staff member Simone would lie about my refund. Should I expect to lied to when ordering items from your company @115821?? https://t.co/R0amWG20PF,505952,
1662577,506976,Mon Nov 06 10:49:35 +0000 2017,"@AmazonHelp I can navigate away from this screen at all to get to any other options within my account, hence can’t report anything further",1662579,1662576.0
423467,215706,Wed Oct 11 08:04:45 +0000 2017,@AmazonHelp जो सारा झंझट आपने मेरे लड़के को बताया है यहाँ भागलपुर में मुझसे संभव नहीं आप ही कोई उपाय लगाएं। मुझे जल्द सूचित करें,,423466.0
246944,174664,Thu Oct 05 16:54:10 +0000 2017,@AmazonHelp hopping for same,246945,246943.0
849768,321918,Thu Oct 19 10:34:20 +0000 2017,@AmazonHelp Your customer service supervisor Prabhat hung up on my fiancé stating can’t do anything and another supervisor Ranjita gave me email id to complaint stating this is the best she can do. Is this really the best Amazon can do for such abuse. We are also filing an FIR.,849767,849769.0
713748,290720,Tue Oct 10 23:05:58 +0000 2017,"@AmazonHelp I preorded a game that comes out on the 27th, but my prime runs out on the 17th. Will it keep the 47.99 price and 2 day shipping",713747,
358832,170990,Sun Oct 08 15:24:30 +0000 2017,"@AmazonHelp If I give negative ratings as product reviews according to my experience, Amazon mailed me it can't be posted. Why so?",358830,
1228687,408249,Wed Oct 25 22:06:05 +0000 2017,"@AmazonHelp Claro, yo cliente enviaré el 5o mail pra intentar corregir el error d su algoritmo, ojalá no sea necsario mandr mi crtilla de vcunación tmb.",,1228685.0
1729606,522741,Tue Nov 07 11:51:53 +0000 2017,@AmazonHelp I have sent you a private message if you can contact the complaint agent &amp; get him to read my emails &amp; get straight back to me before I,,1729602.0
1352163,435323,Fri Oct 27 18:39:32 +0000 2017,@AmazonHelp Le suivi me dit “en transit / livraison prévue avant 20h”,1352165,1352162.0
1307252,425478,Fri Oct 27 03:20:11 +0000 2017,"@AmazonHelp They reissued the item but honestly this is a pretty big error, these items are NOTHING a like. This is a big mistake in your new Sac center",,1307251.0
383277,182810,Sat Oct 14 08:51:05 +0000 2017,@AmazonHelp Replied,"383278,383279",383275.0
361369,201574,Sun Oct 08 17:38:39 +0000 2017,@AmazonHelp Happy to take payments from me but not to allow me to access my service,361372,361368.0
375552,205060,Mon Oct 09 01:42:38 +0000 2017,@116090 Worst customer and delivery service @amazonhelp Where is my Godox AD200? Waiting 8weeks and still nothing. Lost 400$ and can't get a refund!,375551,375553.0
257823,177334,Thu Oct 05 19:56:33 +0000 2017,@AmazonHelp ordered something on prime. It's been out for delivery all day. Showing on tracking in Nottingham.. I live in Nuneaton...,257822,
345101,192516,Sun Oct 08 02:21:11 +0000 2017,".@AmazonHelp After your help person told me my order could not be canceled after it was ordered, the shop I bought it from cancelled it.",345099,
232401,171323,Thu Oct 05 11:06:13 +0000 2017,En fait #Amazonprime c'est surtout de la merde non? Ça existe un livreur qui fait son taf à Paris ou c'est une utopie? @AmazonHelp @120533,"232400,232402",
2358898,681274,Mon Nov 13 20:51:19 +0000 2017,@AmazonHelp You obviously don't understand the issue. The account was never suspended. The email about the reinstatement and the cancellation is what's suspicious. No one can explain why I got it. Don't you have any real supervision there? Someone from your security was supposed to email me,,2358897.0
2216638,647629,Sat Nov 11 07:08:32 +0000 2017,@AmazonHelp 8 full days now . keep it up :),2216639,2216637.0
49941,127185,Wed Nov 01 18:58:12 +0000 2017,@AmazonHelp Danke für die schnelle Info. Ihr seit super!,49943,49940.0
641778,272308,Thu Nov 23 11:37:21 +0000 2017,"@AmazonHelp Still no sign of my order anywhere despite saying it was delivered last night. Order info doesn’t state who the courier was so I can’t contact them, but last night tracking said they were 5 minutes down the road for several hours?",641780,641776.0
530806,242942,Sat Dec 02 12:58:19 +0000 2017,@AmazonHelp El paquete fue reventado en el envío,,530803.0
238634,165008,Wed Oct 04 17:01:50 +0000 2017,@AmazonHelp Well whilst I had one late delivery I thought you could ha e sorted it via a tweet.  But now I have 2.,,238633.0
141050,147815,Fri Nov 24 14:29:18 +0000 2017,"@AmazonHelp yes, i’ve submitted a replacement request",141051,141049.0
2304782,476546,Sun Nov 12 20:38:57 +0000 2017,"@AmazonHelp Nothing. I asked to speak to a supervisor and was told I couldn’t. I insisted and got told he was on a call and would call back in 24 hours. I asked for an official complaint to be put in and nothing. Your customer service is rude, not professional and useless. Issue not resolved",2304789,2304779.0
762464,302180,Wed Oct 11 21:03:18 +0000 2017,"@AmazonHelp Yes.  But it's @81, and they are terrible and their drivers don't actually come by.",762465,762463.0
2376181,685381,Tue Nov 14 03:17:47 +0000 2017,@AmazonHelp Por cierto era Amazon Prime... 🙄,,2376179.0
1378492,572697,Sat Oct 28 05:19:12 +0000 2017,@AmazonHelp Preordered SMOdyssey in May. Amazon assured itd arrive release day(today). Now I find out there is a 5 DAY DELAY. DONT PRE-ORDER FROM AMAZON,1924028,1378489.0
2184501,639846,Tue Nov 14 13:32:34 +0000 2017,@AmazonHelp Could you please arrange to resolve the delivery issue.  We r recieving some annoying kind of updates on bluedart courier tracking. They are just delaying the shipment.,2184502,2184500.0
1247149,412604,Mon Oct 16 03:47:44 +0000 2017,@AmazonHelp i shall do so,1247151,1247148.0
2460775,704605,Wed Nov 15 08:24:18 +0000 2017,"@AmazonHelp Aujourd’hui lorsque je vais sur le site, voilà ce qui est écrit... https://t.co/GhLlnjFrAn",2460778,2460774.0
1458957,458633,Thu Nov 02 20:47:24 +0000 2017,"@AmazonHelp No, but it said Prime when I put it in basket (still does) then ‘expedited delivery’. Irony is I can reorder it now and get it tomorrow!",,1458955.0
432868,217957,Tue Oct 10 16:54:51 +0000 2017,@AmazonHelp Noted and apologies for the mistake,432870,432867.0
1223664,332759,Thu Nov 16 14:53:03 +0000 2017,@AmazonHelp Me diste un contacto que es de https://t.co/OZBX56NGMN y no solucionan problemas de Amazon.es Será mucho pedir que me des algo que sirva?,1223663,1223665.0
1693563,417954,Tue Nov 07 16:29:27 +0000 2017,"@AmazonHelp My issue has been resolved, but thanks for reaching out.",1693565,1693562.0
844082,320690,Fri Oct 20 16:37:10 +0000 2017,@AmazonHelp Thank you!,,844081.0
2390415,627407,Tue Nov 14 10:03:34 +0000 2017,@AmazonHelp  https://t.co/IsHla9dIwP,,2390413.0
992328,190156,Sun Oct 22 15:25:39 +0000 2017,@AmazonHelp I'm waiting for a supervisor who he refuses (paul) to get. now I have to wait a refund for an item I needed for tomorrow for a gift and reorder? What is the sense of having Prime? why am I getting emails that is shipped and now being lied to that,,992326.0
1089841,377118,Sun Oct 15 04:13:19 +0000 2017,"@AmazonHelp This is a 3-unit walkup-no property manager...you just walk from the sidewalk to the front door...the delivery person lied, plain &amp; simple.",1089842,1089840.0
1324779,429135,Wed Oct 18 08:35:39 +0000 2017,"@AmazonHelp Thanks, there's no phone number so I left this comment on the delivery feedback form. I'd like to get reassurance this won't happen again. https://t.co/9r3xaok9LA",1324778,1324780.0
2768983,774201,Tue Nov 21 13:14:10 +0000 2017,@AmazonHelp I have cancelled it! Ages ago. And still been charged?,2768985,2768982.0
2059157,609012,Fri Nov 03 15:41:25 +0000 2017,"@AmazonHelp on your website,my package says it was delivered on Wednesday. it's Friday and I still have no package! There is no contact help",2059156,
1668366,508083,Mon Nov 06 12:08:32 +0000 2017,"@AmazonHelp 商品の詳細を開こうとすると画像のようになって詳細を見ることができません
問い合わせに関しても先程まで同じ状況でしたが、今確認したところ問い合わせは問題なく送れるようになっていました https://t.co/FANTANPBFg",1668368,1668365.0
616888,180181,Wed Nov 22 14:24:02 +0000 2017,@AmazonHelp Thanks.,616887,616889.0
419430,215025,Tue Oct 10 08:00:39 +0000 2017,@AmazonHelp They explained there was a 24hr turnaround for the process....not explaining about blocking the russian email etc.....,419433,419429.0
2511168,715765,Mon Oct 30 05:20:49 +0000 2017,"@AmazonHelp Sure, what's the best way for us to connect?",2511167,2511169.0
738433,296609,Wed Oct 11 13:31:31 +0000 2017,"@AmazonHelp @115851 Hey Jeff , would you help me out here ? Amazon is doing business malpractice in India",738435,738420.0
416410,214057,Wed Oct 11 00:17:24 +0000 2017,@AmazonHelp Serivce engineer visited and submitted his report about the fraud and suggested replacement. Didn't get any word from Amazon after that.,"416412,416413",416407.0
2261641,306845,Sat Nov 11 02:26:38 +0000 2017,"@AmazonHelp so, what's your phone number? btw do all asian order #s start w/ 114?",,2261640.0
436894,218758,Tue Oct 10 17:28:39 +0000 2017,"@AmazonHelp El problema es que, viendo Twitter, mucha gente tiene problemas con los envíos de Amazon realizados con esta gente. ¿No vais a hacer nada?","436896,436897",436893.0
134984,146419,Tue Nov 21 18:52:30 +0000 2017,@AmazonHelp isn't your customer care working as selection of any options ends the call.,134983,
1126688,385655,Sun Oct 15 14:25:55 +0000 2017,@AmazonHelp And you can come and pickup anytime you want to.,1126692,1126687.0
61012,122220,Wed Nov 01 21:27:57 +0000 2017,@AmazonHelp Voll vergessen 🙈 aber wie soll das Spiel den pünktlich ankommen sonst braucht nen Paket 1-3 Tage :/ :o,61014,61011.0
1744062,211646,Fri Nov 10 10:44:52 +0000 2017,"I’ve tried every way I can think of to get my account with @115830 unlocked, not they’re just ignoring me-please help me I just want to spend my money?! @AmazonHelp #amazon #worstcustomerservice #whywontyouhelpme
https://t.co/QIEikJ3i7h",1744060,
2474869,707546,Wed Nov 15 14:07:29 +0000 2017,@AmazonHelp Merci pour votre réponse !,2474871,2474868.0
1272791,417927,Mon Oct 16 22:28:08 +0000 2017,@AmazonHelp so how else I get in contact with you.  Amazon has arbitarily rejected the delivery of the order I had placed. No response yet.,1272794,1272790.0
746035,298346,Wed Oct 11 16:32:37 +0000 2017,"@AmazonHelp I have shared the details with your associates multiple times, kindly contact them.If you want i can share their name also here",746037,746034.0
109948,125706,Wed Nov 22 23:22:03 +0000 2017,@AmazonHelp This is really serious and i am ashamed of trusting amazon,109947,109949.0
2483970,641876,Wed Nov 15 17:01:03 +0000 2017,@AmazonHelp Don’t worry. They came back with it x,2483972,2483968.0
223869,169493,Thu Oct 05 04:57:14 +0000 2017,@AmazonHelp I hav bought redmi 4 from amazon. But it is not working frequently restarting. Very bad quality.,223870,223867.0
633696,204355,Wed Nov 22 20:35:20 +0000 2017,"@AmazonHelp Me tira uma duvida? Quando devolver o livro e receber o reembolso em vale presente, posso comprar qualquer coisa?",633698,633695.0
2496053,383106,Mon Oct 30 04:32:59 +0000 2017,@AmazonHelp When I write any mail I get reply as before. Wait for some more time. I have started waiting from Oct 20. Now tell me should I reply emails,,2496049.0
1086010,321927,Mon Oct 23 17:47:53 +0000 2017,@116928 @115821 @AmazonHelp Así que he tenido que llamar otra vez al servicio de atención de Amazon. Que lo lleva gente fantástica y te atienden genial ;_;.,1086009,1086011.0
364057,135816,Sun Oct 08 19:31:28 +0000 2017,"@AmazonHelp I have, not heard anything back!",364059,364056.0
1252966,413925,Thu Oct 26 06:04:26 +0000 2017,"@AmazonHelp I already cancelled! Yet you charged me again, this is a disgrace. I would like a refund ASAP",1252968,1252965.0
2762096,282026,Tue Nov 21 07:34:33 +0000 2017,@AmazonHelp This would be a reply to the mail I received from them on November 10th?,2762098,2762095.0
29566,122492,Wed Nov 01 11:01:18 +0000 2017,@AmazonHelp But for some reason the setup doesn't go beyond this page. Kindly help me with the set up. 2/2,,29565.0
205950,158783,Tue Nov 07 08:04:19 +0000 2017,"@164788 @AmazonHelp @115830 @117331 The BS is that Amazon will still charge you when shipped so you'd be out of pocket for at least a week, not exactly a cheap purchase either",205952,205949.0
1489113,170991,Fri Nov 03 09:54:01 +0000 2017,@AmazonHelp The contact us portal will address for for issue of the Twitter contest winner not announced?,1489115,1489112.0
1089762,120933,Wed Oct 18 16:26:05 +0000 2017,@AmazonHelp Not received any email from you..,1089763,1089761.0
1268236,416949,Thu Oct 26 14:10:27 +0000 2017,@AmazonHelp Merci de me confirmer que vous affichez une option de livraison qui ne peut pas être appliquée lors du paiement. J'en prends bien note.,1268237,1268235.0
2485653,226779,Wed Nov 15 15:54:31 +0000 2017,"@AmazonHelp @AmazonHelp  seriously.. you looted my money..
@115821 you loosing your old costomer ..",,2485651.0
261732,178323,Thu Oct 05 21:54:56 +0000 2017,@AmazonHelp Used this contact form already but not had a response yet. Not the experience I was hoping for.,262585,261731.0
304382,188694,Fri Oct 06 22:43:17 +0000 2017,@AmazonHelp I preordered Shadow of War gold edition with two day shipping so I'd get it day one and now it says it won't come until the 12th,304381,
2144454,630482,Thu Nov 09 00:45:19 +0000 2017,"@630481 @AmazonHelp I was only asking because I had the same problem, I have cctv of no attempted delivery. Yet notification and email of failed attempted delivery. Wondered if it was the same item.",2144455,2144453.0
448786,221328,Thu Nov 30 20:32:14 +0000 2017,"@AmazonHelp We did. They were no help unfortunately. All they said is they will investigate it, but that’s what the first guy said this morning+said they would phone back to update @4213 which you didnt. Therefore he phoned AGAIN &amp; still no answers to where those packages have gone to. #mess",448784,448787.0
49126,126974,Wed Nov 01 17:17:05 +0000 2017,"@AmazonHelp 2/2 carrier who delivered my previous item which i never received, to a random address. Will be disappointed if this happens again tomorrow",49124,49127.0
741586,158494,Thu Oct 12 14:21:07 +0000 2017,@AmazonHelp @297359 Once a joker always a joker @115851 correct me if I'm wrong,,741583.0
197943,162537,Sat Oct 07 13:23:56 +0000 2017,@AmazonHelp @115851 Submitted the issued through social media form. Please initiate refund. Contacted customer care but of no use.,197944,197942.0
380772,206313,Tue Oct 10 17:36:42 +0000 2017,@AmazonHelp I have received 3rd one today and AGAIN it is not what you are advertising,,380768.0
2511734,715881,Wed Nov 15 22:53:54 +0000 2017,"@AmazonHelp how do I cancel my subscription for amazon music?

I can’t seem to do it.. https://t.co/eiV8hrZ3gf",2511732,
2485560,710003,Wed Nov 15 16:09:04 +0000 2017,@AmazonHelp What would be more help is if you gave me a telephone number of a UK call centre so that it can be discussed.,2485564,2485559.0
99929,137880,Thu Nov 30 20:33:00 +0000 2017,@AmazonHelp  Me refiero a un telefono donde les pueda llamar.,99930,99928.0
1434015,287451,Mon Oct 16 18:18:02 +0000 2017,@AmazonHelp why the exchange price for OnePlus 5 keeps fluctuating?,"1434014,1434016",
782335,306746,Sat Nov 25 10:16:30 +0000 2017,@AmazonHelp I ordered on Wednesday for delivery on Friday. Emails stated it would be delivered Friday. Tracking stated it was out for delivery Friday to be delivered by 8pm.,782337,782334.0
1104334,274954,Tue Oct 31 11:22:42 +0000 2017,"@AmazonHelp Link not working, please share an alternate mean to do so...",,651595.0
2179074,356999,Fri Oct 20 05:02:22 +0000 2017,@AmazonHelp NO correspondence has been received. If you want to assist kindly refund my money  and stop harassing me.,"2179075,2179076",2179072.0
2307379,669356,Mon Nov 13 01:24:50 +0000 2017,@AmazonHelp I have a purchased streaming subscription through Amazon.,"2307381,2307382",2307378.0
156789,151995,Sat Nov 25 10:26:45 +0000 2017,@AmazonHelp Voici le lien vers le dit tweet https://t.co/7qvM1uOOLe,156790,156788.0
2547022,723870,Thu Nov 16 14:24:04 +0000 2017,@AmazonHelp I asked when Taylor Swift's MP3 album would b available. Had a nice chat with someone in the MP3 division (4th person I talked to). All good,2547020,2547023.0
771350,304223,Thu Oct 12 00:26:39 +0000 2017,@AmazonHelp so if i order the product...will it will cost same...and get it delivered in two working days,"771351,771352",771349.0
2711824,761375,Mon Nov 20 05:11:33 +0000 2017,@AmazonHelp It won’t give me options besides tracking it 🤔,2711825,2711823.0
1079398,374607,Tue Oct 17 10:30:14 +0000 2017,@AmazonHelp You people are snatching my money on the name of policy. Whcih is inconsistent with amazon objective? you are doing fraud bussiness.,,1079397.0
63934,130667,Thu Nov 30 08:22:44 +0000 2017,@AmazonHelp do it sooner then soon please,,63933.0
1086016,321927,Fri Oct 20 15:54:19 +0000 2017,@116928 @115821 @AmazonHelp Y ponen medidas para que en mis próximos pedidos se «priorice» el envío por otras empresas de transporte distintas.,1086015,1086017.0
946625,344470,Sat Oct 21 19:22:44 +0000 2017,@AmazonHelp Thank you it says it should arrive October 27,,946624.0
1371822,439296,Sat Oct 28 03:04:54 +0000 2017,@AmazonHelp well @AmazonHelp are you going to help?,1371825,1371820.0
341569,197584,Sat Oct 28 07:49:22 +0000 2017,@AmazonHelp デビットカードの場合はクレジットカードより遅くなりますか？,341571,341568.0
191649,161042,Tue Oct 10 21:41:17 +0000 2017,"@AmazonHelp @115850 - I have paid you ""Amazon"" the Prime Membership Fees. Do you realize that?",,191647.0
898751,333405,Mon Oct 16 06:13:40 +0000 2017,"@AmazonHelp I had sent all the details which I have. 
Process this refund asap.",898750,898752.0
334108,195344,Sat Oct 14 08:10:47 +0000 2017,@AmazonHelp See to it that it must be delivered forthwith without any further delay,,334106.0
128790,144971,Fri Nov 24 05:02:24 +0000 2017,@AmazonHelp Thank you.,,128789.0
1393961,295979,Sat Oct 28 17:33:48 +0000 2017,@AmazonHelp I dont want response @AmazonHelp  i want resolution &amp; i dont have to say it again and again.,1393962,1393960.0
1574291,455422,Mon Nov 06 15:46:21 +0000 2017,@AmazonHelp no point to reply to your email. as no action is taken,1574292,1574290.0
2384539,323270,Fri Oct 20 09:14:28 +0000 2017,"@AmazonHelp C'est fait, merci",2384540,2384538.0
1464169,459850,Sun Nov 26 02:30:21 +0000 2017,@AmazonHelp 11 Nov 2017,1464171,1464168.0
440302,219482,Wed Oct 25 17:48:38 +0000 2017,"@AmazonHelp I have filled all the details. I want my refund, you all had taken so much time. I have no more patience to wait. @AmazonHelp @115850",440298,440334.0
318036,191892,Sat Oct 07 09:57:49 +0000 2017,@AmazonHelp Thanks for the quick reply! Internet ist fine I try to reinstall,,318035.0
487720,231090,Fri Dec 01 16:07:25 +0000 2017,"@AmazonHelp I was on the phone with Breeana but package was apparently in no mans land.  Order #114-0545706-2482611.
Had I know I would have ordered from manufacturer",487722,487719.0
2129893,626941,Thu Oct 19 07:46:15 +0000 2017,@AmazonHelp Thanks for the quick response. No reason given for delay.,2129895,2129892.0
1772981,532871,Wed Nov 08 04:18:43 +0000 2017,@AmazonHelp Tell me again why I'm paying for Amazon Prime? To get packages delayed? So much for that.,,1772979.0
1387411,442816,Tue Oct 17 11:06:41 +0000 2017,@AmazonHelp Till now i have not received,"1387412,1387413,1387414",1387409.0
1044931,366928,Mon Oct 23 10:13:23 +0000 2017,"@AmazonHelp Eh? No, it's when I'm trying to do anything on the Vendor Central site. sometimes it just goes back to the main dashboard, sometimes...",,1044929.0
1993256,589895,Wed Oct 18 19:17:26 +0000 2017,@AmazonHelp Haha non rien que vous puissiez faire. Juste que je n'aurai pas mon colis demain mais plus tard malheureusement. Mais merci,1993255,1993257.0
469703,226840,Sat Dec 02 21:32:34 +0000 2017,@AmazonHelp My details are with you guys!! Anyways at9:30pm the pick was done after three days!! Seems you guys have taken things for granted,469704,469702.0
970549,350307,Sun Oct 22 07:42:48 +0000 2017,@AmazonHelp Will try that. It's a new device so just finding my way around at the minute,970551,970548.0
306612,189202,Fri Oct 06 23:47:56 +0000 2017,@AmazonHelp I paid for one day shopping. Than you email me at 4 am to tell me my package can’t be delivered. On Friday morning the day,306615,306610.0
1843529,552376,Sun Nov 26 08:45:49 +0000 2017,@AmazonHelp i filled out the form what now ?,1843530,1843528.0
1390677,443478,Sat Oct 28 12:01:12 +0000 2017,"@AmazonHelp No, no tengo ninguna forma de contactar, sólo el seguimiento que viene de Amazon",1390679,1390676.0
2428175,697177,Sun Nov 26 18:31:41 +0000 2017,"@AmazonHelp Apparently that's the case, however when Christmas shopping and stacking one's cart with more items, one doesn't expect the price to double before checkout in a single weekend.  Disappointing.",,2428174.0
2290540,665350,Sun Nov 12 07:10:00 +0000 2017,"@AmazonHelp Hi theres something wrong with the site and app. When I click to check my orders, they aren't visible. https://t.co/AtyDHtpuG3",2290539,
510368,237251,Fri Dec 01 23:09:17 +0000 2017,"@AmazonHelp Thanks for the tip. If I've not seen it move or arrive by late tomorrow, I'll politely inquire. Thanks, 'zon!",510369,510367.0
2345565,678251,Sun Nov 26 16:59:29 +0000 2017,@AmazonHelp I have made four calls and sent 10 emails since Monday. As English isn’t the first language of the advisors they simply don’t understand my issue,,2345564.0
205232,164618,Wed Oct 04 23:17:39 +0000 2017,"@amazonhelp if someone purchased something from my wish list but I never got it, how do I contact you guys to resolve it even though I don't","205231,205233",
222836,169222,Thu Oct 05 03:11:03 +0000 2017,"@AmazonHelp No delay, just this notification that I got like an hour ago. I just don’t get why it would take so long? Is it the holiday? https://t.co/leF3vMMCIT",222835,222837.0
797504,310139,Thu Oct 12 17:54:15 +0000 2017,@AmazonHelp Any word?  I have been trying to deal with this since 7 AM.  First online with cust svc. Now with you guys.,,797501.0
2592173,734125,Fri Nov 17 01:47:20 +0000 2017,@AmazonHelp @115850 when can I expect it to be delivered? https://t.co/oXYA144Ok7,2592172,
86089,134794,Thu Nov 30 14:18:05 +0000 2017,"@AmazonHelp Hi, is this completely out of stock now? I was going to order it to come tomorrow, but it now says its unavailable on the app. https://t.co/mfDaoZpdnO",86087,
1838844,526255,Wed Oct 18 05:52:24 +0000 2017,@AmazonHelp i did recharge with amazonpay for jio but I didn't get cashback offer 101,1838842,
644758,273031,Wed Nov 22 18:31:44 +0000 2017,@AmazonHelp J’ai reçu des sms de chronopost..,644760,644757.0
1706589,517200,Wed Oct 18 13:35:36 +0000 2017,@AmazonHelp Dear please chk my reply today I have send parcel through over nite courier. please give confirm for the same attached courier slip and bill,1706590,1706588.0
385373,207242,Mon Oct 09 12:08:47 +0000 2017,@AmazonHelp But everytime u do so &amp; just say only Sorry &amp; do nothing to improve urself. First improve urself rather than being Sorry. 😡😡😡,385375,385372.0
487725,231090,Fri Dec 01 16:15:27 +0000 2017,"@AmazonHelp No I had to check myself.  I called and spoke with Breana Smilke and was told it apparently is somewhere ""in between "" she can't locate it.  Smh",,487723.0
204917,164537,Thu Oct 05 00:04:15 +0000 2017,Never expect anything when promised when it's shipped via Amazon Logistics. @AmazonHelp If only I could choose the shipper.,204916,
35918,123814,Thu Nov 02 10:33:30 +0000 2017,"@AmazonHelp I'm hearing since 3 days.yet to receive update .. 
 How can't you track and give an ETA on your own deliverance #AmazonIndia #Amazon",35919,35917.0
2463920,195278,Wed Nov 15 13:42:26 +0000 2017,@AmazonHelp No because pre sale tickets are sold out now and it’s saying to wait for general sale. Unfair as I was so close to getting tickets!,,2463919.0
2419146,681681,Wed Nov 15 07:52:11 +0000 2017,@AmazonHelp livraison vendredi 17 c une blague,2419147,2419145.0
1768218,531645,Wed Nov 08 00:08:10 +0000 2017,"@AmazonHelp 受信したメールは此方です｡スクショが用意できず画面を撮影する形となってしまいました…｡
アドレスはDMでも宜しいでしょうか？ https://t.co/j9hqdocqde",1768220,1768217.0
631737,269710,Tue Nov 21 00:48:04 +0000 2017,@AmazonHelp 💩 👎🏼,,631736.0
2726329,426448,Mon Nov 20 12:36:50 +0000 2017,"@247940 Bonjour Louise, les enquettes sont ouverte par @AmazonHelp mais pas de nouvelle. je vais envoyer un mail mais c'est absurde ce qui s'est passe avec mon colis...chez amazon et chez mondial relay...",,1311446.0
366012,156040,Sun Oct 08 20:01:54 +0000 2017,@AmazonHelp I was told my order would be here by 9pm. It's not. Unimpressed.,366011,
5128,116914,Sun Nov 26 00:17:31 +0000 2017,"@AmazonHelp AMZL US Tracking ID TBA566517950000 it says delivered to mail room, I checked the mail and the front offce, the driver listed 1 package, in that one package was my XLR cables...I'm missing the controller.",5126,5130.0
1501828,468593,Fri Nov 03 15:41:39 +0000 2017,"@AmazonHelp If I had placed the order on a Friday maybe a month ago or so, it would have been for the Saturday, not the following Monday. Make sense?","1501831,1501832",1501827.0
2702085,758990,Sun Nov 19 21:04:25 +0000 2017,@AmazonHelp I have since been told the item is now out of stock so not sure who to believe frankly. Alas.,,2702083.0
1223652,177529,Thu Nov 16 01:31:28 +0000 2017,@AmazonHelp Where do you want me to send the info?,1223651,1223653.0
803994,311606,Fri Oct 13 03:07:14 +0000 2017,@AmazonHelp U not interested leave it,803995,803992.0
1349172,192515,Fri Oct 27 17:27:02 +0000 2017,"@AmazonHelp Hi,ich habe ein Problem mit meinen geliehenen Amazon Video Filmen. Wo kann ich mich für Hilfestellungen hinwenden?",1349171,
2679387,753912,Sun Nov 19 15:02:14 +0000 2017,@AmazonHelp Not reported since the expected delivery date as on order has not passed yet. Just wanted to bring to your notice that deliveries can be made faster if planned the correct way. Routing packages like Delhi &gt; Haryana &gt; Delhi is illogical. Everyone wants their order delivered ASAP.,2679389,2679385.0
2067260,467905,Sun Nov 26 12:53:29 +0000 2017,@AmazonHelp Have filled up your form.,2067261,2067259.0
5290,116925,Sun Nov 26 04:55:31 +0000 2017,@AmazonHelp चोट्टे,,5289.0
323777,193115,Sat Oct 07 14:46:06 +0000 2017,@AmazonHelp yo my dude I'm trying to get support with my amazon prime but it won't accept the email nor connect to chat. my internet is fine,323776,
1729636,522744,Tue Nov 07 10:17:27 +0000 2017,"@AmazonHelp Hi, is it normal my order is almost 2 days in preparing shipment?",1729634,
1259315,415052,Thu Oct 26 15:20:40 +0000 2017,"@AmazonHelp C'etait le cas, je viens de remarquer, livreurs pourris 😱 merciii je vais pvr commencer la lecture @12223","1259316,1259317,1259318",1259314.0
371423,142190,Sun Oct 08 22:54:48 +0000 2017,@AmazonHelp $15 US GiftCard... how can I use this In the UK?,371419,
243035,161025,Wed Oct 04 21:46:52 +0000 2017,"@173716 @AmazonHelp Thank you, much appreciated.",,243034.0
1533705,475639,Fri Nov 03 23:52:25 +0000 2017,@AmazonHelp Is this 2 Days? https://t.co/thxpHA7KbL,,1533704.0
785471,296909,Thu Oct 12 11:42:55 +0000 2017,@AmazonHelp Already did yesterday. No revert yet,785472,785470.0
93717,136315,Thu Nov 30 15:39:59 +0000 2017,"@AmazonHelp No you're on time, I'm just impatient😔",,93716.0
51595,127580,Thu Nov 02 04:35:22 +0000 2017,@AmazonHelp Still no book 😔 https://t.co/5MSDjN3MPa,51596,51594.0
347494,198754,Sun Oct 08 11:32:44 +0000 2017,"@AmazonHelp Oh right. Thanks. Will promote cardio, and walk up to the shop next door, to buy the same in future, thankfully without delivery charges.",347495,347493.0
782744,306846,Mon Oct 30 02:03:55 +0000 2017,@AmazonHelp It was supppsed to be groceries for dinner but now it's looking like it's going to be too late for that,,782743.0
58079,129185,Wed Nov 01 20:25:08 +0000 2017,"@AmazonHelp Hey, I am in UK and would like to know what Courier is most likely for the Scorpio Edition Xbox, its not been updated yet",58078,
675143,281024,Thu Nov 23 11:03:05 +0000 2017,"@AmazonHelp The examples I have used are all items that are shipped and sold by Amazon, not sellers.",,675141.0
1713179,518881,Tue Nov 07 02:33:42 +0000 2017,"@AmazonHelp jaja y que lo digas, mis quincenas han encontrado una razón para existir https://t.co/K6lLPzJWWo",1713181,1713178.0
2634836,743840,Fri Nov 17 20:33:59 +0000 2017,"@AmazonHelp No, I've not reached your support team. It's too lengthy process",2634837,2634835.0
2219909,273384,Fri Nov 10 12:57:43 +0000 2017,@AmazonHelp Je vous ai renvoyé la scorpio aujourd’hui pour remboursement 😩 #Disgusted 😔 #PhilSpencer #XBOXONE https://t.co/gDKl4dOU7u,2219908,
1317502,256157,Fri Oct 27 08:06:48 +0000 2017,@AmazonHelp Pre ordered and got a email saying that copy no longer available so upgraded it for no cost and got a email saying delayed till tomorrow,,1317501.0
872292,294899,Sat Oct 14 12:34:44 +0000 2017,@AmazonHelp that was what was meant to be happening.  Two calls not returned now.  Should I report this to the ASA?,872293,872291.0
1108822,381680,Sun Oct 15 10:42:09 +0000 2017,"@AmazonHelp No idea, never seen them but it’s whoever delivers in Droitwich obviously can’t find our address and just posts it where ever their contd..",1108824,1108821.0
2269299,660350,Sat Nov 11 09:35:19 +0000 2017,@AmazonHelp Various fob offs. Thursday called promised to sort it out and call me back within 24hrs. Instead got insipid email after 10pm last night with no solution.,2269298,2269300.0
1510456,470586,Fri Nov 03 16:33:32 +0000 2017,@AmazonHelp Essentially yeah. It was supposed to arrive on Tues and now it just seems to be completely lost.,1510454,1510458.0
924514,337295,Fri Oct 13 18:22:02 +0000 2017,"@AmazonHelp Y todo esto pagando el prime.X lo - podríais actualizar el estado del pedido y NO MENTIR diciendo q va a llegar,obligando a quedarse en casa",924512,924520.0
1466835,460459,Sun Nov 05 19:27:24 +0000 2017,@AmazonHelp Yes I have filled the form and You please stop asking irrelevant questions and do please check the filled form &amp; ask ur team to work on this,1466836,1466833.0
1408076,447289,Sat Oct 28 19:15:25 +0000 2017,@AmazonHelp I ordered a product from Amazon and the quality of the product was so bad that it got burnt in the first use.,1408078,1408075.0
547899,247479,Sun Dec 03 10:02:07 +0000 2017,@AmazonHelp The chat transcript didn't confirm a new date of expiry but did confirm the extension as shown https://t.co/BcWreH2PQj,547900,547898.0
275176,181741,Fri Oct 06 07:05:24 +0000 2017,@AmazonHelp Am I getting my money back anytime soon?,"275178,275179",275174.0
1539867,477273,Thu Oct 19 08:35:49 +0000 2017,@AmazonHelp Thanks a lot... solved.,1539869,1539866.0
1570255,121473,Sat Nov 04 17:18:45 +0000 2017,"@AmazonHelp Someone physically walked to my garage Friday to deliver an @115821 box, but stayed in their vehicle to put something in my mailbox. So....",,1570252.0
1033069,364423,Sat Oct 14 18:45:05 +0000 2017,"@AmazonHelp I'm using this channel, but all answer says Amazon will not solve the problem.",1033070,1033068.0
1494255,466965,Fri Nov 03 13:25:28 +0000 2017,@AmazonHelp Why did people get it yesterday and I pay prime so if dispatched today should have it .. over 6 months ago I ordered it !,,1494254.0
2426025,696646,Tue Nov 14 19:15:30 +0000 2017,"@AmazonHelp I bought a PS4 version of game and was meant to buy Xbox one, anyway to exchange?",2426024,
2526927,719498,Thu Nov 16 04:43:36 +0000 2017,@AmazonHelp This is all in reference to my first order.,2526930,2526926.0
292356,185627,Sun Oct 08 05:11:28 +0000 2017,@AmazonHelp Told all the issues to your agent and he was like sorry I can't do anything for wrongly fooling me by not crediting the promotional balance,,292355.0
749683,299199,Wed Oct 11 17:45:57 +0000 2017,@AmazonHelp Gracias! Por su atencion!,,749682.0
1672042,508918,Mon Nov 06 14:13:36 +0000 2017,"@AmazonHelp appena aggiornato lo stato, consegna slittata, tanto per cambiare, ora contatto per annullare ordine e chiudere account,altro che Prime",1672043,1672041.0
1623714,164540,Sun Oct 29 20:48:11 +0000 2017,"@AmazonHelp I talk to your CS people, I fill out complaint forms and it gets worse. I feel like every time this happens we start over with new problems.",,1623713.0
298414,187104,Fri Oct 06 20:08:18 +0000 2017,@AmazonHelp Okay,,298413.0
2447429,701570,Wed Nov 15 01:41:50 +0000 2017,I need help with my prime membership please ASAP can someone assist? @AmazonHelp @115821 @117795,2447428,
1653463,444922,Mon Nov 06 15:19:45 +0000 2017,@AmazonHelp Is there any contest to win echo dot?,1653465,1653462.0
2306305,669087,Thu Oct 19 21:21:44 +0000 2017,@AmazonHelp That’s what I done and it ended up in a cancelled order ¯\_(ツ)_/¯,,2306304.0
1015580,360291,Sat Oct 14 22:02:16 +0000 2017,@AmazonHelp Thanks but Are the seats actually in the arena,,1015579.0
434461,218235,Tue Oct 10 16:57:20 +0000 2017,"@AmazonHelp Muchas gracias, siento que @135806 no esté a la altura de vuestra calidad 😊",434462,434460.0
728128,294425,Fri Apr 21 04:29:09 +0000 2017,".@119625 @15654 Why is the 3rd Season of Bosch  not yet available in India ? 😠👿😭

@119625 @116618 @15654 @AmazonHelp",728127,728129.0
1027523,363145,Sat Oct 14 19:04:14 +0000 2017,"@AmazonHelp The vendor did apologize once I provided a picture of what I received, but the initial response still leaves a bad impression.",1027524,1027522.0
227395,170235,Thu Oct 05 11:10:03 +0000 2017,@AmazonHelp Have never asked for a return in any of my messages,,227392.0
2513930,420503,Mon Oct 30 08:17:03 +0000 2017,@AmazonHelp Please gift me free gift card,,2513929.0
1490813,466461,Fri Nov 03 09:49:45 +0000 2017,@AmazonHelp Chutiya services for Amazon,1491896,1490812.0
1693721,442894,Wed Nov 15 03:48:55 +0000 2017,@AmazonHelp First please read what your email was saying and what was the Problem raised by me...you yourself came to know that email was completely irrelevant...what I am finding is everyone is just doing formality of replying without focusing on customer issue,,1693720.0
879226,328729,Fri Oct 13 16:29:45 +0000 2017,@AmazonHelp email stated my order will be delivered today. So far no show.....any idea!!??,879225,
2617292,455416,Sun Nov 26 22:11:59 +0000 2017,@AmazonHelp Thank you. 🙂,,2617291.0
1218295,405848,Wed Oct 25 15:06:18 +0000 2017,"@AmazonHelp not at all satisfied, totally against customer satisfaction . Amazon wallet is a way to fool the customer s into your trap .",,1218294.0
987762,354046,Sun Oct 22 12:14:37 +0000 2017,"@AmazonHelp Amazon India 
Account name __email__",,987761.0
787560,307860,Thu Oct 12 11:43:26 +0000 2017,@AmazonHelp None of which apply to my current problem.,787562,787559.0
283101,159034,Fri Oct 06 14:13:25 +0000 2017,@AmazonHelp Ya I have and not only this time four time I have responded but ur fraud company  fake promises comes from ur side#need justice#fraud Amazon,283102,283099.0
334873,195804,Sat Oct 07 20:50:07 +0000 2017,"@AmazonHelp To add to it. 1) Item ordered, 2) Product information on box 3) Incorrect product label on box https://t.co/2XqBQ75Qke",,334870.0
535151,243962,Sat Dec 02 12:37:14 +0000 2017,@AmazonHelp Your invoice is showing more than mrp and I have made payment more than mrp to @24308,,535148.0
2149463,631738,Thu Nov 09 01:07:55 +0000 2017,"@AmazonHelp Check out order number 
701-4591572-1714631 
I ordered and it didn’t arrive so customer ask me to reorder and it didn’t arrive. This is 3rd.",2149465,2149462.0
2311787,670434,Sun Nov 12 22:07:03 +0000 2017,@AmazonHelp Das Feedback habe ich nach dem Chat über das Formular und per E-Mail gegeben.,2311788,2311786.0
843542,320578,Sat Nov 25 11:17:03 +0000 2017,@AmazonHelp Yeah I requested to speak to Alexis (the guy who hung up) the advisor who I was speaking too kind of shrugged it off. I’m now going to pay for the postage out of my own pocket to bring this to its conclusion due to the inept of amazon.,,843541.0
1014848,219239,Sun Oct 15 14:57:33 +0000 2017,"@115821 @115850 @AmazonHelp 
Why u guys r duping loyal customers &amp; doing fraud by selling @115858 ipad 2017 but showing images of ipad pro? https://t.co/POpH11rS8T",1014847,
80674,133896,Fri Dec 01 12:40:41 +0000 2017,"@AmazonHelp Il y a qd même un gros problème avec Chronopost de manière générale car sur les sms et mails ils donnent la possibilité de modifier le créneau (encore sur le sms ce matin, j'avais jusque 9.30!) mais impossible de le faire !",80676,80673.0
89319,135315,Fri Dec 01 00:29:33 +0000 2017,@AmazonHelp Yeap I am contacting the carrier now. Thanks for the support. I have no problem with DHL with the exact same address. Not sure what is Aramex problem,89321,89318.0
2679505,753937,Sun Nov 19 15:30:00 +0000 2017,@AmazonHelp I have they just say it's pending,,2679504.0
344354,197894,Sun Oct 08 01:46:57 +0000 2017,@178615 @197896 @AmazonHelp this was the bane of my existence,,344351.0
105082,139214,Thu Nov 30 18:19:55 +0000 2017,@AmazonHelp Leider kam es gestern nicht und heute auch nicht... im System steht seit gestern Ankunft zw gestern und morgen beim Kauf wurde mir aber der Mittwoch garantiert...,105081,105083.0
2457775,703812,Wed Nov 15 06:17:45 +0000 2017,@AmazonHelp I want you to investigate with courier people rather taking decision just by listening to seller..I don't amazon to ditch me again by looting my money,2457776,2457774.0
1434026,118089,Sat Oct 28 21:00:34 +0000 2017,"@AmazonHelp according to the orders page &amp; tracking num it's already been delivered(!), but im told it will just be delivered later. see the problem?!?",1434027,1434024.0
1126681,351941,Sun Oct 15 14:16:58 +0000 2017,My package was supposedly delivered but is nowhere to be found @AmazonHelp. What do I do? 😫,1126679,
1425366,180890,Thu Nov 02 10:58:03 +0000 2017,"@AmazonHelp That's a shame, thanks for looking though! That color combo is what I'm looking for though. Ah well ;) appreciate the attempt!",1425367,1425365.0
2279075,662625,Fri Nov 17 19:00:52 +0000 2017,@AmazonHelp Is AMZL in the business of just not delivering packages? I still have no updates.....no response from you all and no order.,2279076,2279073.0
1093325,378022,Mon Oct 23 20:48:22 +0000 2017,@AmazonHelp Thanks very much. All done. Though still enjoying Prime as a family ;-),,1093324.0
787138,307764,Thu Oct 12 10:22:48 +0000 2017,@AmazonHelp Oh and now you don't have any further stock of the product either. #cheers,,787137.0
1652488,219966,Tue Nov 07 06:43:43 +0000 2017,@AmazonHelp I must thank you'll for the mind-blowing service. You guys are the best E-Commerce site i must admit,1652489,1652487.0
1727595,186453,Tue Oct 17 19:08:57 +0000 2017,@AmazonHelp I want a new book sent to me! I can’t wait that long!! I need it ASAP!,,1727594.0
872636,326821,Fri Oct 20 20:54:14 +0000 2017,@AmazonHelp cuál sería la diferencia entre uno original y otro réplica?,872637,872635.0
643809,272840,Fri Oct 13 09:48:48 +0000 2017,@AmazonHelp message sent pls look into it.,643810,643808.0
235167,172003,Thu Oct 05 13:28:28 +0000 2017,@AmazonHelp didn't receive the product yet,235165,
108122,140002,Thu Nov 23 19:36:30 +0000 2017,"@AmazonHelp It was a prime product being filled by Amazon, When I purchased it on the 20th.",108121,108123.0
729702,294770,Wed Oct 11 09:22:22 +0000 2017,@AmazonHelp Is there a way to buy an Amazon echo device from Spain?,729700,
924504,174137,Fri Oct 13 22:38:17 +0000 2017,@AmazonHelp : pour l’instant je n’ai pas eu de réponse.,924505,924503.0
683021,283002,Thu Nov 23 11:33:47 +0000 2017,"@AmazonHelp Thank u for ur help.. 😊
I'm very happy",683020,683022.0
1338690,421583,Fri Oct 27 15:24:23 +0000 2017,"@AmazonHelp Actually, I figured out what happened thanks to the photo uploaded by delivery person. Wrong apartment. Thanks!",,1338689.0
80786,133921,Thu Nov 30 02:59:56 +0000 2017,@115850 @115821 @AmazonHelp Details added to the link,80784,80787.0
167933,155066,Fri Nov 24 21:01:07 +0000 2017,"@AmazonHelp Le colis 1 prévu ce jour mais sur le suivi de la poste pas encore pris en charge donc chez vous.
Et je viens de recevoir un mail pour me dire que le colis 2 vient de partir.
Mais je vous retournerais le smartphone que j'ai commandé chez @3628 que j'aurai demain",167931,167935.0
1417297,449417,Thu Nov 02 03:43:25 +0000 2017,@AmazonHelp ﾃﾞｽﾖﾈ-,1417299,1417296.0
1680439,399905,Wed Oct 18 21:18:32 +0000 2017,@AmazonHelp Ok. Will do tomorrow,,1680438.0
1296548,242502,Mon Oct 16 10:53:21 +0000 2017,@AmazonHelp Thanks.,,1296547.0
2384358,687257,Fri Oct 20 09:02:44 +0000 2017,@AmazonHelp I'm supposed to be getting a refund. Not more money being taken for no reason. Why has this happened?,,2384356.0
103079,138669,Mon Nov 20 11:40:04 +0000 2017,@AmazonHelp £7.99 amazon prime,,103078.0
322975,192399,Sat Oct 07 13:50:40 +0000 2017,"@115850 @115821 @AmazonHelp most worst things about you that no one can complain about your agent anywhere, no action was taken against dm",322973,
2758163,771846,Tue Nov 21 03:37:07 +0000 2017,@AmazonHelp Do you guys offer same day delivery?,2758162,2758164.0
1771743,532550,Tue Nov 21 09:09:14 +0000 2017,"@AmazonHelp Nothing is done, you are just fooling the customer.",1771744,1771742.0
1319040,146700,Fri Oct 27 14:03:51 +0000 2017,@AmazonHelp Customer care executive doesn’t know anything on every call every other person suggest new resolution.,1319041,1319039.0
1706563,517196,Wed Oct 18 08:03:30 +0000 2017,@AmazonHelp Ok. Lets assume your argument is valid. Then it shouldn't have changed back to old price after I logout. It's just that I'm disappointed 1/2,1706565,1706562.0
1189451,399597,Wed Oct 25 05:38:43 +0000 2017,"@AmazonHelp @115850 while surfing d product on @115821, delivery d8 was 24 oct, while confirming purchase.. 25th.. and now it’s 27th? 😡 https://t.co/bFEAhjmn1u",1189450,
132522,145900,Fri Nov 24 11:33:20 +0000 2017,@AmazonHelp « Le code promo que vous avez saisi n’est pas valide »,132523,132521.0
1369548,438787,Fri Oct 27 23:17:34 +0000 2017,@AmazonHelp The delivery date given at checkout was October 27th 2017,1369550,1369547.0
1724775,521666,Tue Oct 17 18:25:19 +0000 2017,@AmazonHelp I was charge $12.03 for my monthly prime membership without explanation of the added $1.04. Can't figure out how to report this.,1724773,
2283454,663621,Sat Nov 11 13:53:50 +0000 2017,Why my order is delayed @115821 @AmazonHelp,2283452,
983308,353118,Sat Oct 14 09:34:51 +0000 2017,"@AmazonHelp A little difficult, since my order isn't showing up on the list. It only shows my previous orders, which have been delivered successfully.",983307,983309.0
1148280,390234,Sun Oct 15 19:50:36 +0000 2017,@AmazonHelp I pre order fifa 18 for ps4 2 weeks ago and didn't get my dlc amazon said to contact ea help which only today heard back saying they are not,,1148278.0
1718103,520221,Tue Oct 17 18:15:21 +0000 2017,@AmazonHelp my amazon prime video has stopped letting my stream HD on my iPhone 7 and I don’t know why. Can you help,1718101,
1086022,194202,Tue Oct 24 12:24:20 +0000 2017,@AmazonHelp Das sind die einzigen Emails die man bekommt! Und dann füllt man wieder aus. Und nichts tut sich! https://t.co/VYaPiKctbT,,1086020.0
2435658,222102,Sun Oct 29 14:30:56 +0000 2017,"@AmazonHelp I’m a little frustrated. I ordered something and paid extra for Prime one-day shipping for a birthday present, and it...",2435657,
619962,267151,Wed Nov 22 17:31:56 +0000 2017,@AmazonHelp Eu vou de Senhor Stephen Hawking pq ja tem séculos que quero ler esse livro dele ahahahah https://t.co/TvzGA45z8m,619964,619961.0
1692617,509587,Mon Nov 06 17:15:20 +0000 2017,"@AmazonHelp @119356 finally got update saying product lost in transit, and you guys are not even issuing me a new product immedaitely(2/3)",1692616,
740971,297210,Sun Oct 22 10:11:19 +0000 2017,@AmazonHelp last date to return 15 oct passed. last mail confirmed action in 48hrs. nobody came to pick damaged fridge,,740970.0
827927,317229,Fri Oct 13 02:35:35 +0000 2017,@AmazonHelp Yes. I keep getting this error or on similar with a number when I try to set up my Dot. https://t.co/KLwovQIQjS,827929,827926.0
111878,140843,Thu Nov 23 20:23:43 +0000 2017,"Hi @AmazonHelp how can you get my package “back on track” when it’s already missed it’s next day target, and I’m looking at up to Tuesday? https://t.co/NYiFD4ai4h",111875,
274771,181643,Sat Nov 25 02:45:40 +0000 2017,"@AmazonHelp I respond back on your response over email, however no emails further",274769,274773.0
825092,316507,Fri Oct 13 00:17:53 +0000 2017,@AmazonHelp could you please respond to my DM? Thanks!,825091,
1331179,430552,Tue Oct 31 14:02:48 +0000 2017,"@AmazonHelp I have sent about 4 email, almost a week now and still no call from Amazon.",1331182,1331177.0
1363527,208520,Mon Oct 16 14:59:32 +0000 2017,@AmazonHelp thank you so much hope so there will be soon contest of iphone 8 and i will give all my efforts to win these.,1363528,1363526.0
1411485,448051,Sun Oct 29 12:28:33 +0000 2017,@AmazonHelp I had filled it. kindly look to it as soon as possible with expected positive response.,1411487,1411484.0
1141925,354326,Tue Oct 24 14:46:45 +0000 2017,@AmazonHelp and I have done the same now I'm waiting for the response I want this product to be replaced ASAP,1141924,1141926.0
1222590,406882,Wed Oct 25 15:52:42 +0000 2017,@AmazonHelp Este viernes.,1222588,1222593.0
1308048,425660,Fri Oct 27 03:58:29 +0000 2017,@AmazonHelp AMZL,1308050,1308047.0
1013056,60163,Sun Oct 22 17:47:36 +0000 2017,"@AmazonHelp @247022 If @247022 do not accept delivery on a Sunday, why the heck do you offer guaranteed delivery there? Sort it out, for goodness sake. /3",1013053,1013060.0
117881,142144,Wed Nov 29 19:49:48 +0000 2017,@AmazonHelp The last message was that my delivery will arrive between 5pm to 7pm today although I asked for 5:30 so I can be here. However it still hasn’t arrived,117882,117880.0
1495500,388547,Mon Oct 16 22:45:08 +0000 2017,@AmazonHelp sent,,1495499.0
1120402,384330,Sun Oct 15 15:12:41 +0000 2017,@AmazonHelp order was expected to deliver by 14 October.,,1120374.0
2567008,728174,Thu Nov 16 19:04:36 +0000 2017,Gotta hand it to @AmazonHelp You guys and gals are AWESOME! Thanks for taking care of my issue with lens being sent to wrong address. #excellentclientservices https://t.co/shhEvApmKp,2567007,
2468601,706262,Tue Nov 21 15:19:59 +0000 2017,@AmazonHelp Yes. A time sensitive item was never recieved. I was home when they claim the delivery attempt was made. No delivery slip left or redelivery the next business day. @118706 site to request redelivery is down.,,2468600.0
1110764,382155,Tue Oct 24 02:03:08 +0000 2017,@AmazonHelp USPS,1110766,1110763.0
1423535,123157,Mon Nov 06 18:52:45 +0000 2017,"@AmazonHelp Hi team , what's about the refund ? Has it been transferred to my Amazon wallet balance? Plz let me know.",1423537,1423534.0
2531431,720491,Mon Oct 30 11:01:28 +0000 2017,@AmazonHelp Kindly go through my tweets.I have already spoken to ur supervisor at customer care but he couldn't help either,,2531428.0
2466393,705754,Sun Oct 29 20:33:25 +0000 2017,@AmazonHelp The person returning the item is my Dad who is old and disabled and this is too difficult. When it's your bad product why is this our job?,,2466391.0
2265532,219977,Sat Nov 11 17:12:34 +0000 2017,@AmazonHelp I didn't get any solution till now,,2265515.0
1260787,190898,Thu Oct 26 10:19:15 +0000 2017,@AmazonHelp @115850 @115821 Of not taking return 😊. Don't want refund from u poors. Put my1100 in ur pocket.Be happy But u can simply just ask instead of making fool,"1260786,1260788",1260789.0
631617,199862,Thu Nov 23 16:04:48 +0000 2017,"@AmazonHelp go over limit. When I called, they insisted this could not be rectified immediately. So now you have wrecked our credit, caused us to need to pay fees, and there was NO apology! How do we sort your mistake out now? /2",,631615.0
179113,158234,Wed Oct 04 10:50:13 +0000 2017,@AmazonHelp Sure. Thank you so much :),179114,179112.0
126821,144468,Fri Nov 24 03:34:00 +0000 2017,"@AmazonHelp @132994 Sad state of affairs, OP. I have an OP3T. The family has 4 OP phones. And this is the price we pay for a small error. Cannot return an OP5 ordered by mistake on Amazon - even with the promise to buy the latest OP5T. @115851",,126820.0
2226725,649983,Fri Nov 10 08:45:41 +0000 2017,"@AmazonHelp ジャンルの次に来るのがプレイリストになってしまうのは、
全ての聴けるものの中から、好きなものを探したい！
という気持ちがなかなか解決せずもやっとします。

可能なら、
ジャンル→アルバム一覧（アルファベット順、発売日、人気、オススメ度）
のようなソートが出来るとうれしいです！",2226724,2226726.0
181189,131959,Sat Nov 25 01:44:11 +0000 2017,@AmazonHelp ちょっと気になったので聞きたいんですが、配送拠点は今後は増えたりしますか〜？,181188,
1395005,216201,Sat Oct 28 14:29:08 +0000 2017,@AmazonHelp Thanks! Trying to see if I can get a return label without having to pay for it! Doesn’t seem to be an option this time.,1395007,1395004.0
830785,317833,Fri Oct 13 06:02:59 +0000 2017,"@AmazonHelp Tried all that, nothing works. Amazon says it is a known problem, but seems unable to fix it.",830787,830784.0
386795,207569,Mon Oct 09 13:38:57 +0000 2017,"@AmazonHelp And iam waiting  what excuse you will give this time expecting  the standard drill ""we could not contact you on phone re - attempt""  bla bla",,386792.0
2675655,753129,Tue Oct 31 13:19:57 +0000 2017,@115830 1 email and 2 tweets to @AmazonHelp all ignored. Please can someone look into my complaint?!,2675654,
714730,290979,Tue Oct 10 23:39:22 +0000 2017,@AmazonHelp I've already called in and spoke with an agent.,,714729.0
313888,190943,Sat Oct 07 05:41:31 +0000 2017,@AmazonHelp Updated your Kindle app and now it crashes on startup.  ios 10.3 3 iphone SE,313887,
179713,158320,Thu Mar 30 07:49:44 +0000 2017,"@AmazonHelp @115850 It's day 2 ,my order not delivered yet.. What's wrong with @115821",179712,179714.0
132439,145878,Fri Nov 24 08:04:11 +0000 2017,@AmazonHelp Hi. Amazon.de order #303-8616874-5049134. I selected prime speed shipping for next day shipping; yet it shows arrival date for for wednesday 29/11. What's up with that?,132437,
2608593,737862,Mon Oct 30 22:11:43 +0000 2017,@AmazonHelp Gracias @123813 estaré al pendiente,,2608592.0
1008482,358640,Thu Oct 26 06:53:40 +0000 2017,"@AmazonHelp How long does a simple investigation will take I need an explaination n a relief within 24 hrs hereof, failing which I wl take legal actions",1008483,1008481.0
1598657,491004,Tue Oct 17 10:10:31 +0000 2017,"@AmazonHelp Got it now.., it is done by https://t.co/WknRM3w5KE and they debited for annual membership fees. Now I have to get the return. Please advise",1598659,1598656.0
2552203,724984,Thu Nov 16 14:59:28 +0000 2017,@AmazonHelp Signing out and signing in worked!! Thanks :),,2552202.0
603187,263282,Sun Dec 03 22:29:57 +0000 2017,@AmazonHelp Por cierto dos consultas vía email A1AMN0077G8Z9T y A2ZNUQ2O58HOGQ la misma respuesta,,603186.0
841752,320244,Fri Oct 13 17:23:27 +0000 2017,"@AmazonHelp u guys are bloody cheater.. wouldn't purchase anything from you..will do my best to tell everyone around, how you didn't return my money",,841748.0
215193,167126,Wed Oct 04 18:38:03 +0000 2017,@AmazonHelp write it with your logo so everyone can see it before doing shopping at amazon.in,215192,215194.0
1319867,428197,Fri Oct 27 08:45:04 +0000 2017,"@148094 I would be, if @AmazonHelp had managed to send me the promised code for beta access. 12 hours and waiting...","1319865,1319871",1319872.0
1085043,344751,Tue Oct 24 03:13:05 +0000 2017,"@AmazonHelp @115851 @127187 @AmazonHelp @115850 
I need Replacement for my Order.
I'am in no way going to suffer the loss caused by false commitments made by Amazon.
I would gladly accept the replacement in Slate Grey 128GB if Midnight Black 128GB Variant is not available.",1085044,1084990.0
1676548,201213,Tue Oct 17 14:56:15 +0000 2017,"@AmazonHelp @115850  Where is my cashback???????????of ordr no. 402-7250695-6490769 ,I am extremely disappointed with ur pathetic service.","1676547,1676549",
91336,135805,Thu Nov 30 15:22:13 +0000 2017,@AmazonHelp A través de juegaya,,91319.0
346050,198263,Sun Oct 08 03:32:30 +0000 2017,@AmazonHelp Please help me.,346049,346051.0
1721651,520995,Tue Nov 07 11:37:14 +0000 2017,@AmazonHelp No actually I wasn't. They didn't have an option to review but I did email them and they are taking care of it.,1721652,1721650.0
21931,120777,Fri Oct 27 02:31:38 +0000 2017,@AmazonHelp Have you gone deeper into the issue or it's just an automated instant reply over Twitter?? @115851,21929,21932.0
173445,156602,Fri Nov 24 22:49:34 +0000 2017,"Hola @AmazonHelp  necesito de su ayuda, ya que hoy tenían programado una entrega de un libro que compre un día para otro y a un no llegue el libro que compre espero que me pueda ayudar.",173444,
629552,269134,Thu Nov 23 08:27:18 +0000 2017,"@AmazonHelp Delivery agent phone no. Is not reachable till now since 12:01 pm 

Do u give me any other options to contact with ur delivery agent ? Or @AmazonHelp @1840 @115851 are so irresponsible and don't have knowledge how to provide good service to customer. #bigshame",629555,629549.0
430105,216871,Fri Oct 13 10:37:40 +0000 2017,"@AmazonHelp bluff whatever you want to bluff but i am going to complain at national consumer forum, if you dont either delete or unban me..",,430103.0
1117718,383727,Tue Oct 24 03:15:14 +0000 2017,@AmazonHelp WHERE’S MY PACKAGE I ORDERED LAST WEEK TO MIAMI,1117717,
1461600,206727,Thu Nov 02 18:24:38 +0000 2017,@AmazonHelp Il m'a indiqué qu'un livre identique est moins cher se trouvait actuellement en vente sur votre site-,1461601,1461598.0
1342522,160303,Tue Oct 17 02:19:07 +0000 2017,@AmazonHelp This is today's status. Is your courier boy still out for delivery since yesterday??? Please stop joking &amp; faking. https://t.co/wondt0hiJV,"1342525,1342526",1342520.0
1319890,428202,Fri Oct 27 10:30:27 +0000 2017,@AmazonHelp yes. still out for delivery since yesteryesterday --,,1319889.0
1327055,429625,Sat Nov 25 22:09:40 +0000 2017,"@AmazonHelp En el enlace solo me salen los pedidos de amazon, no del primenow. En la app de primenow me sale un error si selecciono el reembolso ☹️ mucho lío para dos limones. Como decía, mejor ir al @3931 a por frescos 😃",1327057,1327054.0
101726,138274,Thu Nov 30 17:33:23 +0000 2017,Olá! Preciso entrar em contato com algum atendente online @AmazonHelp,101725,
871191,326831,Fri Oct 20 20:10:26 +0000 2017,"@AmazonHelp Il devait être livré aujourd'hui (date originale), maintenant c'est entre 20-27/10 ... ça serait bien de prendre un chemin lus direct non ?",871190,871192.0
1364749,437751,Fri Oct 27 21:08:47 +0000 2017,"@AmazonHelp Obviously you guys left something undone, as per ur return policy u guys made fool of me by making a promise but no response otherthan twitr",1364748,1364750.0
1318246,182223,Mon Oct 16 11:05:07 +0000 2017,@AmazonHelp Amazon is fraud they looted my hard earn money.  I order from there store and don't receive my goods.,1318244,
1590009,488892,Sun Nov 05 04:36:29 +0000 2017,@AmazonHelp リプライありがとうございます。支払方法はクレジットカード（Vプリカ）です。,1590011,1590008.0
1118612,170799,Tue Oct 24 09:44:55 +0000 2017,@AmazonHelp Why not here?,"1118614,1118615",1118611.0
2122371,383093,Thu Oct 19 06:13:38 +0000 2017,@AmazonHelp @115850 to whom it got delivered? I am yet to receive d product 😏!! #NotDFirstTime though !! #RepeatingSameMistake #Amazon https://t.co/IXOZgOBumh,"2122372,2122370,2122373",
578440,150316,Sun Dec 03 10:41:01 +0000 2017,@AmazonHelp how much time should i wait?,,578439.0
481662,229483,Tue Nov 28 03:38:34 +0000 2017,@AmazonHelp Y.? In your calender is it still 14th Nov 2017. In my callender it is 28th Nov 2017. Pls update ur calender.,481661,481663.0
1276097,418715,Thu Oct 26 18:12:27 +0000 2017,"@AmazonHelp ho provato ad utilizzare il bonus cultura sul vostro sito, mi è stato accreditato 50 euro sull’app, quando non ho nemmeno -",1276096,
1145030,380006,Tue Oct 24 13:41:36 +0000 2017,@AmazonHelp She said the delivery people had try when that a lode of poo as I been in all day waiting for this stupid delivery  but no one has turn up,,1145028.0
286268,184200,Fri Oct 06 14:35:06 +0000 2017,@AmazonHelp I've had an email to say my parcel has been delivered today through my letterbox but it hasn't ?! Where is it??,286266,
2468631,706264,Sun Nov 19 07:42:59 +0000 2017,@AmazonHelp @115851 tried reaching manufacturer and they are not responding. Now your customer service is asking to reach someone else. I know you treat indians differently but I refuse to run from pillar to post to get the warranty. I bought from Amazon and you deal with ur seller.,2468630,2468632.0
1495584,121885,Fri Nov 03 11:48:55 +0000 2017,@AmazonHelp 商品を返品した場合、返金処理を完了するまでどれくらいかかりますか？,1495583,
1860093,556076,Wed Oct 18 08:41:30 +0000 2017,@AmazonHelp Granted but what are you going to offer in compensation,,1860092.0
2663045,128478,Tue Oct 31 06:58:16 +0000 2017,@AmazonHelp This is what I see. https://t.co/BU4nlZTbvK,2663047,2663044.0
421404,215405,Tue Oct 10 12:41:37 +0000 2017,@AmazonHelp I ordered thru flipkart now https://t.co/hGrHZcvOlv,,421403.0
1490320,466112,Sun Nov 26 02:10:49 +0000 2017,@AmazonHelp exactly what I wanted... thanks :),1490319,1490321.0
1565025,483181,Sat Nov 04 15:22:50 +0000 2017,@AmazonHelp More concerned than one of your driver's appears to have lied and you don't seem bothered....,,1565024.0
823556,316180,Fri Oct 13 00:24:29 +0000 2017,@AmazonHelp Eh? Okay...,823557,823555.0
565808,252621,Sun Dec 03 01:07:47 +0000 2017,@AmazonHelp Doesn’t work still.,565806,565809.0
1140945,388565,Tue Oct 24 15:49:37 +0000 2017,"@AmazonHelp Según ellos aún no tienen el paquete, no hay ninguna opción",1140946,1140944.0
490593,141265,Sat Nov 25 10:57:45 +0000 2017,@AmazonHelp No pure sarcasm along with I find you funny. My partner is not in a funny mood to say the least. No point in prime if you can deliver and we cannot get a straight answer from anyone.,490592,490594.0
1258278,414841,Sat Oct 28 17:17:14 +0000 2017,"@AmazonHelp For what purpose to connect, when I have thrown away that useless empty ink bottle. There is no use in return n refund policy.",1258281,1258277.0
429107,217041,Wed Oct 11 11:26:04 +0000 2017,@AmazonHelp I want my refund cant u understand this line . And now u have also taken that product so give me my money with penelty 500000,429108,429106.0
1073220,373244,Sun Oct 15 00:22:51 +0000 2017,"@AmazonHelp Delays like this seem to happen about once a month, Prime doesn’t seem to mean much sometimes.",,1073219.0
931568,219239,Sat Oct 28 12:39:51 +0000 2017,"@AmazonHelp Its about selling!
I have posted an advertisement to sell a book, and now i want to edit its price but its not allowing me to update!","931566,931570",931571.0
844198,320702,Fri Oct 20 13:51:56 +0000 2017,@AmazonHelp Just tried call me service - nope 👎🏻 that’s unavailable!,,844181.0
274221,181522,Fri Oct 06 04:34:29 +0000 2017,"@AmazonHelp ¡Todo! Pero principalmente el paquete del 50 Aniversario de Star Trek T.O.S.

Y a un gran precio.
¡Felicidades por su tremendo servicio!",274220,274222.0
147274,149458,Fri Nov 24 14:30:04 +0000 2017,"@AmazonHelp Can you help with an Amazon Prints order? Ordered 11/11, shipped 11/14, tracking hasn't updated since 11/15 and last located in my state just a few miles away...",147273,
101771,138292,Fri Dec 01 17:32:54 +0000 2017,"@AmazonHelp I just wanted to update you guys, it looks as though the person whoever delivered my package delivered it to the wrong house and they gave me the package this morning.",101772,101769.0
1143441,389122,Wed Oct 25 13:59:56 +0000 2017,"@AmazonHelp ??? I’m not advising anything.. I want to return my item for refund, not waste more of my time waiting on their opinion of the picture",1143442,1143440.0
2283459,663623,Sat Nov 11 14:22:44 +0000 2017,@AmazonHelp Shipped with AMZL US is that it says.,2283461,2283458.0
455531,223128,Thu Nov 30 23:03:28 +0000 2017,good thing I pay for prime just so my order can arrive late 🙄🙄 @115821 @AmazonHelp,455530,
1183983,398407,Tue Oct 24 22:51:43 +0000 2017,@AmazonHelp No,1183985,1183982.0
280207,182724,Fri Oct 06 10:06:40 +0000 2017,"@AmazonHelp You're promising fake services, no satisfaction, the statement will be sorted within 24-48 hours . Tired of this #Sasikala #ICAN #Notoamazon",,280205.0
1495253,467177,Fri Nov 03 11:50:22 +0000 2017,"@AmazonHelp Not really. Apart from waiting for an email about my order shipping out, customer service said it's bcuz the product is ""unavailable""",1495255,1495252.0
2281069,491194,Sat Nov 11 21:03:21 +0000 2017,@AmazonHelp Yeah. Tried that already.,,2281068.0
2325529,673622,Fri Oct 20 00:27:14 +0000 2017,@AmazonHelp Pre-ordered Xbox 1x. Changed to one day shipping. Delivery date went back a whole month. Needs to go back to Nov 9. Reps no help,2325531,2325528.0
1289749,421622,Thu Oct 26 19:39:04 +0000 2017,@AmazonHelp send my super mario odyssey code pls 😗,1289747,
1352211,435337,Fri Oct 27 17:58:57 +0000 2017,@AmazonHelp had a parcel due to be delivery. Courier lied no parcel delivery was attempted. Parcel redelivered today glad the order missing!,1352210,
1593386,489712,Sun Nov 05 02:18:34 +0000 2017,@AmazonHelp Not a battery operated fan but u say ppl bought those items together? #notRight #why https://t.co/XOwtUND3vT,,1593385.0
1025549,362673,Mon Oct 23 02:21:16 +0000 2017,"@AmazonHelp 分かりました！
恐らく交換と言う形になると思いますが、その際の発送料などは着払いで良いのでしょうか？
それとも出品者との間で決める形になるのでしょうか？",1025550,1025548.0
2580456,731396,Thu Nov 16 22:32:27 +0000 2017,"@AmazonHelp Bonjour,

J'ai effectué une commande mais le paiement a été refusé car ce n'est pas le bon montant",2580449,
2604171,736885,Fri Nov 17 09:29:17 +0000 2017,@AmazonHelp Is it possible to add the preference to leave my amazon package with the security guard after it has been dispatched?,2604170,
1279852,366269,Fri Oct 27 13:02:24 +0000 2017,"@AmazonHelp 40 MINUTES, NO UPDATE.",1279853,1279851.0
2205233,497102,Fri Nov 10 15:57:57 +0000 2017,@AmazonHelp iPhone SE iOS 11.1,,2205232.0
1758000,529272,Tue Nov 07 20:11:39 +0000 2017,"@AmazonHelp @115850 no, u don't understand customer concern, instead of helping customer you are just diverting","1758001,1758002",1757999.0
380228,206187,Fri Oct 13 08:50:54 +0000 2017,@AmazonHelp Can you look into this &amp; refund my account ASAP as I have had enough torment from amazon,380230,380227.0
233796,171656,Thu Oct 05 13:02:59 +0000 2017,@AmazonHelp Congrats @AmazonHelp and @116090 on worst customer service experience ever,,233790.0
500848,234636,Sat Nov 25 13:36:10 +0000 2017,@AmazonHelp Finally got the refund I have been asking after for months. Amazon customer services have been disgusting throughout and completely unhelpful. By stealing from me they have also incurred interest on my credit card which I am yet to see paid back. Your move Amazon...,500847,500849.0
1034251,364675,Mon Oct 23 06:18:00 +0000 2017,@AmazonHelp You give refunds? Yes or no.,1034249,1034256.0
445645,220530,Wed Nov 22 10:22:33 +0000 2017,"@AmazonHelp @115850 @115851 - Sir , @115850 is giving fake commitments for delivery . Delivery boy's are giving unnecessary excuses . If stock isnt ready why are they doing promotions and charging extra for time committed deliveries .",,445643.0
2281513,663179,Sun Nov 26 15:21:29 +0000 2017,@AmazonHelp not impressed to have my delivery left like this on Friday evening! Myself and my partner were out all day at work... My neighbours would have taken the delivery if the driver bothered to ask... https://t.co/AyC3QO6muh,2281512,
180136,158389,Wed Oct 04 07:56:25 +0000 2017,@AmazonHelp Done.,180135,180137.0
237240,172502,Wed Oct 04 08:54:52 +0000 2017,@AmazonHelp When can we expect the result.. Please guys upload it soon... Iam requesting because u guys have the rights but haven't uploaded it,237238,237241.0
679903,281833,Thu Nov 23 07:29:33 +0000 2017,"@115850 @AmazonHelp 

#Foolishamazonpromises https://t.co/s4faTNSWxb",679902,
799665,310570,Tue Nov 21 10:50:07 +0000 2017,@AmazonHelp I've completed the form and am waiting for a call. I also found this. Hopefully you can help prevent this turning into a similar mess                   https://t.co/wHLJLX7npe,799666,799664.0
2304230,668578,Sun Nov 12 20:12:09 +0000 2017,@AmazonHelp VI AMO TANTISSIMO SIETE LA MIA GIOIA PIÙ GRANDE LO GIURO,2304232,2304229.0
22586,120933,Wed Nov 01 10:48:32 +0000 2017,"@AmazonHelp R u getting my words I had mailed today they mailed me same thing ""we will solve ur issue soon"" this should be your tag line #Amazon","22587,22588",22585.0
1573524,473760,Sat Nov 04 19:49:22 +0000 2017,@AmazonHelp It's funny I asked for a phone call instead I received an email.  Failing on so many levels.  I have forwarded the email to __email__.,1573526,1573521.0
1820477,309437,Wed Oct 18 03:42:41 +0000 2017,"@AmazonHelp yes...
I'm supposed to get my order til 14th Oct bt still hvn't got it tho d order is arrived @ courier facility on 10th Oct","1820479,1820480",1820476.0
73452,132427,Thu Nov 30 10:44:53 +0000 2017,@AmazonHelp sí! uno de los gratuitos que están disponibles! Hay un apartado concreto para los libros gratuitos en la tienda Kindle? @117634 Gracias!,73451,73453.0
1700044,512749,Mon Nov 06 20:57:39 +0000 2017,"@AmazonHelp I called back today and wasn't given amy explaination, just ""click end chat and someone will contact you""",1700042,1700046.0
1501731,468573,Tue Oct 17 13:50:55 +0000 2017,"@AmazonHelp I tried reporting it. It's been days. It's still there, though it's clearly plagiarized.",,1501730.0
551894,248644,Sat Dec 02 21:45:15 +0000 2017,@AmazonHelp Today @ 8 pm,551895,551893.0
1129845,386292,Tue Oct 24 11:48:42 +0000 2017,@AmazonHelp C'est qd meme TRÈS compliqué pour y arriver hein.. https://t.co/jhWcUm0JXX,"1129846,1129847",1129844.0
1137348,387909,Thu Oct 26 12:42:19 +0000 2017,@AmazonHelp Already sent,1137349,1137347.0
422473,215620,Tue Oct 10 09:30:30 +0000 2017,"@AmazonHelp Ordered TCL 39"" LED TV, Installation date today at 15:00 to 16:00 HRS. No one came from TCL here still. @127748",422470,
2216584,647623,Fri Nov 10 03:46:59 +0000 2017,"@AmazonHelp sorry, this is after an order has shipped and i'm trying to provide delivery instructions. This usually works (same address) and shows things like front porch etc. Website appears broken too.",2216583,2216585.0
264465,179020,Thu Nov 09 14:51:58 +0000 2017,"@AmazonHelp I would happily leave feedback for the packaging but this order isn't eligible, probably because it wasn't placed in the last 60 days.",264466,264464.0
1625035,420314,Sun Nov 05 19:18:27 +0000 2017,@AmazonHelp Yes I've messaged them twice now and had no reply?,1625037,1625034.0
1621284,496822,Mon Nov 06 12:33:32 +0000 2017,@AmazonHelp I think I don’t need your help as I don’t know which email you want me to reply to get your help please .. thanks @115851,,1621283.0
102934,138638,Thu Nov 30 22:19:04 +0000 2017,@AmazonHelp @AmazonHelp takes idiocy to new heights. You are basically Walmart now. Six people plus to get A WISH LIST NAME,,102933.0
926365,339804,Fri Oct 13 19:08:40 +0000 2017,@AmazonHelp with Amazon prime do I still get 20% off new games,926364,
695193,285799,Thu Nov 23 15:12:08 +0000 2017,@AmazonHelp unable to reset my email password. I've forgotten the pin code I last ordered at,695192,
277188,182224,Sat Oct 14 15:31:31 +0000 2017,@AmazonHelp where is your chat function? https://t.co/KVYgr9g1Dk,277189,277187.0
648412,274087,Wed Nov 22 19:36:50 +0000 2017,@274086 @AmazonHelp I don't know I saw on a forum that they closed the account on others it happened so I'm preparing for the worst. Thank you for being helpful,648413,648411.0
133626,146125,Fri Nov 24 08:59:57 +0000 2017,@AmazonHelp Qui devait escalader le problème mais je suis sans nouvelles depuis 15 joird,,133625.0
2385415,687514,Fri Oct 20 09:39:58 +0000 2017,"@AmazonHelp .@AmazonHelp ¿Podríais de alguna manera informarme de qué se trata?
Tal vez un DM con algo de info sobre el producto…",2385413,2385417.0
857784,322922,Fri Oct 20 18:10:41 +0000 2017,@AmazonHelp THAT IM IMPORTANT,,857781.0
395199,169172,Mon May 15 18:02:35 +0000 2017,@AmazonHelp @115830 268th day requesting any kind of response,395200,395198.0
562897,251769,Sat Dec 02 23:36:46 +0000 2017,@AmazonHelp Yes - tomorrow is Sunday. I needed the mittens for church. 😬😀,562895,562898.0
2033007,446599,Sun Nov 26 10:58:27 +0000 2017,".@115850
.@AmazonHelp 
Returned a product, &amp; its received at your return fc, why are you not issuing the refund? 24 hrs already gone. See the screenshots. https://t.co/36vHe3V3MH",2033006,
2113664,623207,Wed Nov 08 16:30:21 +0000 2017,@AmazonHelp wondering why I can order fire hd8  but not the kids version to Ireland??,2113663,
2524370,718853,Thu Nov 16 02:27:27 +0000 2017,@119356 @AmazonHelp I need help about the product details which I am planning to buy. Please help me on this asap,2524369,
1744090,526003,Sat Nov 11 12:23:41 +0000 2017,"@AmazonHelp Let me know, when I refused my product on 17.10.17, on which date my product was shipped for returned to you???",1744091,1744089.0
2504954,714329,Wed Nov 15 21:27:17 +0000 2017,"@AmazonHelp Well this time it's dynamex, in the past I believe it's been Canada Post. I've never had problems with UPS in terms of speed.",2504956,2504953.0
423806,215890,Tue Oct 10 11:34:02 +0000 2017,@AmazonHelp 明日学校なので携帯に連絡いただいても出れない可能性があるんですが,423808,423805.0
2657265,749132,Sat Nov 18 22:23:28 +0000 2017,@AmazonHelp why offer expedited services if you can't honor them? https://t.co/njH2tI7tPv,2657263,
430057,216871,Wed Oct 11 01:50:39 +0000 2017,"@AmazonHelp i will never share my details with you and my bank will also never do that, you should write to our prime minister for that",430061,430054.0
762488,302184,Wed Oct 11 21:59:28 +0000 2017,@AmazonHelp But I'm talking to you now. I know what the link does i wanted to know why I've been sent it. What will it achieve?,762489,762487.0
1094265,158923,Sun Oct 15 05:41:43 +0000 2017,@AmazonHelp Where the link is ?,1094266,1094263.0
430694,217252,Tue Oct 10 14:31:52 +0000 2017,@AmazonHelp Absolutely disgusting!! Aren’t you supposed to knock at doors!? It’s not even out parcel! How will we be reimbursed for repairs?,430692,
324470,193292,Sat Oct 07 16:18:31 +0000 2017,@AmazonHelp Reviewing is no help. Order should have been delivered 5 Oct did not arrive. Order should have been delivered today has not/will not arrive,,324469.0
573998,254969,Sun Dec 03 06:42:11 +0000 2017,@AmazonHelp Then your unprofessional Kirtikumar didnt even bother to help.. your service sucks for a prime member don't know what is ur help for non prime members. #AmazonSucks,,573996.0
2485577,710004,Thu Nov 16 01:39:03 +0000 2017,"@AmazonHelp The POINT *IS* ""order in 2 hours 52 mins and have it Wednesday"" NOT Thursday. Thanks for nothing! #HateAmazon",,2485576.0
2496054,383106,Mon Oct 30 04:32:05 +0000 2017,@AmazonHelp As per asif time scale I should get advance refund by now. Process that as soon as possible,,2496049.0
287866,184607,Sat Oct 07 13:07:29 +0000 2017,"@AmazonHelp But when I play anything a box comes up saying app isnt responding and when I click back to get rid of the box, it shuts the whole app down.",287867,287865.0
2276818,653660,Sat Nov 11 17:25:11 +0000 2017,"Bonsoir @AmazonHelp, hormis une facture un document peut faire office de preuve d'achat ? Si oui lequel ?",2276817,
2584232,732310,Thu Nov 16 23:56:08 +0000 2017,@AmazonHelp Says ‘fulfilled by Amazon’,2584231,2584233.0
179062,158225,Wed Oct 04 09:02:18 +0000 2017,@AmazonHelp @116089 @149601 Guys come on... why can't we Amazon preorderers get access to the BF2 beta?! Sort it out guys!,179061,
1710161,518125,Tue Nov 07 01:20:15 +0000 2017,@AmazonHelp no options were provided...was told to wait until tomorrow. Not sure if s/he really understood the simple issue,1710164,1710160.0
1351707,435214,Fri Nov 03 12:12:06 +0000 2017,@AmazonHelp Details provided.,"1351706,1351708",1351709.0
2560257,726697,Fri Nov 17 06:35:37 +0000 2017,@AmazonHelp @124285 @100510 Doesn't seem so delivered to me.😬 https://t.co/vVmbCBCsxc,2560258,2560255.0
2521817,718249,Sun Nov 26 19:44:15 +0000 2017,"@AmazonHelp  item not delivered,customer service said to return item for a refund, ummm how? when it was never delivered???",2521815,
2115659,272838,Wed Nov 08 17:33:46 +0000 2017,@AmazonHelp Most crappiest assistance I ever got.,2115661,2115658.0
1211083,404272,Wed Oct 25 12:39:34 +0000 2017,@AmazonHelp Tomorrow is delivery day. Had it been shipped on time I'd get it a day early because I live close to Amazon.,,1211082.0
1170055,395205,Tue Oct 24 19:27:39 +0000 2017,"@AmazonHelp It was charged with the other items I got in that same order, it showed a reversal for how much it was, and then that reversal disapleared.",1170057,1170054.0
2621021,364088,Fri Nov 17 16:29:50 +0000 2017,@AmazonHelp Would it to say that I'm in Canada?,2621022,2621020.0
802281,205353,Thu Oct 12 16:24:56 +0000 2017,"@AmazonHelp I’ve reset my password, it says successful, I enter my password, and it doesn’t work. Keeps happening (2/2)",802278,
2419933,686215,Sat Nov 25 22:30:50 +0000 2017,"@AmazonHelp Thanks for the quick reply, will be in contact.",,2419932.0
2761260,772567,Tue Nov 21 06:25:23 +0000 2017,@AmazonHelp so if my free 2 day delivery takes longer than a week you'll refund my shipping? lol GG,,2761259.0
86175,134813,Thu Nov 30 14:36:52 +0000 2017,@AmazonHelp i have ordered using amazon pay balance for first time and cash back of 20%is not credidted to account since 15days,86177,86174.0
2321079,672643,Mon Nov 13 13:22:34 +0000 2017,"Ordered a Samsung Galaxy J7 Nxt but @115850 delivered a Magnet Soap for Rs 13500, feels happy by Customer care response so right now Sharing my happiness here. @115850 @AmazonHelp @118919

#Amazon #Daylight_Theft #Beware_Public https://t.co/Ww42pbIxKx",2321078,
2275850,661934,Mon Nov 13 11:06:56 +0000 2017,"@AmazonHelp laptop, it looks like its working fine now though 🙂",2275849,2275851.0
2141367,629689,Wed Nov 08 22:36:34 +0000 2017,Just got my package delivered and 1 of 20 of the same items was damaged (punctured and leaking). Seriously...  @AmazonHelp,2141366,
1152599,391225,Tue Oct 24 17:20:18 +0000 2017,@AmazonHelp I’m not sure how to determine that. Would my order number help find that out?,1152598,1152600.0
467505,226277,Wed Oct 25 09:58:21 +0000 2017,@AmazonHelp Is it a joke???  Even after 3 weeks Amazon can't repay my amount that also after so many promises by @115850 @AmazonHelp,"467503,467506",467507.0
966816,349459,Sun Oct 22 00:06:58 +0000 2017,"@AmazonHelp to try and re order I guess , after the second time I just kinda gave up lol , I don't even know if I took the time to get my money back",966818,966814.0
948444,344924,Mon Oct 30 22:30:14 +0000 2017,@116090 @AmazonHelp Then they failed repeatedly to get my postal code into a zip code slot &amp; to CLUE in that it is a Canadian cust.1st rep also disconnected me,948443,948445.0
665365,278547,Fri Dec 01 01:13:48 +0000 2017,@AmazonHelp Is there a way to track something that was purchased off my wish list?,665364,
1573568,282867,Sat Nov 04 14:20:06 +0000 2017,@AmazonHelp Wrong account. The order was shipped via US Post. They usually deliver in the afternoon. It’s only 10 am.,1573566,1573573.0
2502249,713721,Mon Oct 30 04:22:58 +0000 2017,"@AmazonHelp Chat helper was definitely not fluent in English, and I didn’t get the impression he/ she understood what I was trying to ask",,2502242.0
232172,171273,Sat Oct 07 13:00:44 +0000 2017,@171272 @AmazonHelp All are fooling people,,232170.0
836880,319189,Fri Oct 13 11:11:46 +0000 2017,@AmazonHelp sent the details across.,836881,836879.0
1739095,524873,Tue Nov 07 15:31:21 +0000 2017,@AmazonHelp getting***,1739094,1739096.0
1140858,388547,Tue Oct 24 15:36:00 +0000 2017,@AmazonHelp slightly confused why i’m seeing this today as the package was delivered yesterday? https://t.co/v4nuzDwosF,1140856,
2201956,643934,Thu Oct 19 14:12:44 +0000 2017,@AmazonHelp y eso asumiendo que llegue algún día,2201954,2201957.0
155148,151580,Fri Nov 24 17:07:04 +0000 2017,@AmazonHelp Well I definitely won't get it today because this is a commercial property and there is nobody here after 5 and nobody here over the weekend.  So my prime delivery from Wednesday will be delivered on Monday 🤔☹️,,155147.0
1279861,366269,Fri Oct 27 13:51:54 +0000 2017,@AmazonHelp testing my patience.,1279862,1279859.0
23193,121050,Wed Nov 01 11:45:05 +0000 2017,@AmazonHelp It’s a large hospital so not really.,23194,23192.0
1986982,588164,Wed Nov 08 10:58:28 +0000 2017,@AmazonHelp Still waiting for a response..... 5 months later #angry #badexperience #nocustomerservice,,1986981.0
290451,184863,Fri Oct 06 16:53:03 +0000 2017,@AmazonHelp No. The representative said they would contact the courier and escalate my order to be delivered as priority. This obviously did not work.,290452,290450.0
1737654,524531,Tue Nov 07 10:06:55 +0000 2017,@AmazonHelp Biggest let down in my preordering life all trust has gone,,1737653.0
1767496,531474,Tue Nov 07 22:55:44 +0000 2017,"@531475 @AmazonHelp Actually she's fine, I think it's just like licking the terminals of a battery ;)","1767497,1767498",1767495.0
2028476,496689,Wed Oct 18 21:36:32 +0000 2017,@AmazonHelp Your customer service says they handled it and today they combined 8 orders and made no attempt to deliver to my apartment.,2028554,2028475.0
1494804,467077,Fri Nov 03 11:41:29 +0000 2017,"@AmazonHelp ""Verschlossener Ort"" - bei einem Studenten Wohnheim mit 100+ Bewohnern,wo sogar die Haustür meist noch offen steht. 🙈",1494805,1494803.0
205756,164749,Fri Oct 13 04:48:15 +0000 2017,@AmazonHelp I have no trust in ordering through Amazon unless it's cash on delivery. I am so harassed to ensure I get my orders.,,205754.0
815568,314208,Wed Nov 08 09:35:54 +0000 2017,@AmazonHelp Muchas gracias!,815567,815569.0
1919974,137605,Thu Oct 19 11:54:18 +0000 2017,"@AmazonHelp @571586 Hola! Disculpa la demora. Por favor, indícanos tú nº de envío por DM. Gracias.",,1919969.0
1986986,117798,Wed Nov 08 07:26:06 +0000 2017,"@115821 @Amazonhelp this seller is sending out ""gifts"" &amp; attaching the tracking # to the order. I received these remote control bags (?) in the mail Saturday. I thought my order, marked Delivered, was stolen. This is so wrong. &amp; no tracking for what I purchased a month ago. https://t.co/D8tRWMzeRH",1986985,
1472724,461836,Fri Dec 01 01:04:19 +0000 2017,"@AmazonHelp I have filled out this form a dozen times. We have filed 25 case files, just to try to get the money that was owed the account by amazon when they closed it. What does a person have to do to get their money since june 15th.",,1472720.0
2562023,727103,Thu Nov 16 18:00:47 +0000 2017,@AmazonHelp I just bought a one month of psn but when I go to redeem it it says the code is invalid,2562021,
1570890,484260,Sat Nov 04 18:11:54 +0000 2017,@AmazonHelp https://t.co/NvHZcVH6Za this os my email id,1570891,1570887.0
49897,127175,Wed Nov 01 17:42:09 +0000 2017,@AmazonHelp no UPS says it's On Time b/c you shipped it VIA UPS GROUND not UPS overnight!!!,49899,49896.0
627124,268513,Fri Oct 20 05:07:02 +0000 2017,"@AmazonHelp  guys pathetic services ,  disaster service  i need this product any how today only. https://t.co/2nadG1dXyP","627123,627125",
384419,128418,Mon Oct 09 17:31:25 +0000 2017,@AmazonHelp If I give u my order code and tracking number can u tell me how long away it is?,,384416.0
2481757,709092,Mon Oct 30 00:43:25 +0000 2017,@AmazonHelp Thank you! The product wasn’t damaged :),2481759,2481756.0
1194324,400635,Sun Oct 15 23:53:09 +0000 2017,@AmazonHelp On top of that your website claiming that I requested to reschedule the delivery! Jeez! Never expressed from amazon,1194323,1194325.0
249997,175404,Fri Oct 06 02:42:33 +0000 2017,@AmazonHelp Yesterday also wrong item was sent from Amazon I have white colour shoes they have send m the blue colour,,249996.0
1718125,520225,Wed Nov 15 14:41:40 +0000 2017,"@AmazonHelp Sent a mail( Nov 15, 2017 at 8:07 PM) again to __email__ with complete details. Let's see how much follow up @AmazonHelp @115821 does now. Regards.",1718126,1718124.0
873755,249367,Tue Oct 31 20:29:19 +0000 2017,@AmazonHelp It sure would be helpful if someone could actually talk to me.  I don’t understand why you find it so difficult to accept my help.,,873752.0
1129393,383795,Thu Oct 26 05:48:47 +0000 2017,@AmazonHelp @115851 @115850 doing #DiwaliKiTayari #GreatFestivalSale  #scam #BogusProducts @8850 #AmazonCheats #NoToAmazon,,1129390.0
2369625,460274,Mon Nov 13 23:53:00 +0000 2017,"@AmazonHelp I'm sure they will be, but this is more than just the two of us. A lot of us order from you all and have packages delivered to that same address. Which is an obvious business.",2369624,2369626.0
2171341,636865,Fri Nov 17 20:52:22 +0000 2017,@AmazonHelp ?? I'm not sure what I'm supposed to do on that link,2171340,2171342.0
533233,242734,Sat Dec 02 11:37:44 +0000 2017,@AmazonHelp I would understand if nobody was at my address but myself and my parents have been in all morning and nobody heard the door at all.,"533231,533240",533241.0
2176719,242497,Thu Nov 09 13:50:30 +0000 2017,@AmazonHelp I contacted them last night about 10pm but will be calling them when they open at 4pm GMT+0,2176718,2176720.0
2133370,627708,Thu Oct 19 07:58:31 +0000 2017,"@AmazonHelp had a situation where my sister credit card was charged for my annual fee for prime, wondering if she can get her money back?",2133369,
1479710,249435,Fri Nov 03 07:16:14 +0000 2017,@AmazonHelp Friday 3rd to Monday the 6th but the order got cancelled on Monday and I just wanna check it’s okay,"1479712,1479713",1479709.0
1582546,487109,Tue Oct 17 07:48:58 +0000 2017,"@AmazonHelp When i search on the app for mobile recharge amd proceed to enter the number , this error comes when i click the place order button",1582548,1582545.0
1053497,368929,Tue Oct 24 01:44:14 +0000 2017,"@AmazonHelp No. I check spam and every folder.
I received mail from Amazon care which states reply to this mail
then i reply but gmail said Cant deliver",1053498,1053496.0
179607,158303,Thu Oct 05 15:22:49 +0000 2017,@AmazonHelp Voir en MP,179608,179606.0
2291237,665461,Sun Nov 12 11:03:11 +0000 2017,@AmazonHelp Haha.What a joke.I’ve spoken/ chatted w/ 6 diff cust svc people now.No reply fr Cust Svc last night. It’s only when I take to social media that suddenly U want to help?!  Wow Amazon. I’m now a v unhappy longtime customer. #BooAmazon,,2291236.0
446803,220846,Thu Nov 30 23:40:04 +0000 2017,"@AmazonHelp To be fair, Amazon have been great, it’s DPD who don’t seem to care and aren’t being accountable for losing my purchase. It seems that Amazon need to change their distributors as I’m not the only one who feels their service isn’t good enough.",446805,446802.0
1899097,565987,Tue Oct 31 03:34:43 +0000 2017,"@AmazonHelp ご丁寧にありがとうぎざいます。アプリの入れ直しはやってみたのですが、もう一度試してみます。
洋書のサンプルをDLしたところ、国内出版物を検索しても検出されなくなったのですが、何か設定が必要でしょうか？",1899099,1899096.0
986068,353696,Sat Oct 14 10:33:55 +0000 2017,@AmazonHelp Done! Thanks!,,986067.0
423218,215764,Tue Oct 10 10:34:17 +0000 2017,@AmazonHelp It was not a bank card but they asked me to buy 5 prepaid cards and give them the details.can send card details  @AmazonHelp @115851,423216,423220.0
1617388,495950,Wed Oct 18 09:13:01 +0000 2017,@AmazonHelp I was to get a reply within 12 hours! Diwali is tomorrow! @115850,1617389,1617387.0
243183,164599,Thu Oct 05 14:49:27 +0000 2017,"@AmazonHelp well you guys closed my last account so I made a new one and SPENT $35 on a gift card, to only find out you guys close my new account",243185,243182.0
313290,190810,Sat Oct 07 08:31:38 +0000 2017,@AmazonHelp Thanks.. i'll tweet again when issue will be resolved.,313291,313289.0
897546,333154,Sun Oct 22 07:59:45 +0000 2017,@AmazonHelp ????,897547,897545.0
2663767,750624,Tue Oct 31 08:33:00 +0000 2017,@AmazonHelp So I still get it this week,,2663766.0
2371287,668585,Tue Nov 14 00:33:41 +0000 2017,@AmazonHelp Voy al enlace entonces.,2371284,2371290.0
936094,341925,Fri Oct 13 23:14:14 +0000 2017,@AmazonHelp Still the same issue.,936096,936093.0
16122,119536,Wed Nov 01 03:16:28 +0000 2017,@AmazonHelp Bought a washing machine from Amazon and had a nightmare getting it installed. Neither you guys or the brand was helpful.,"16120,16123",16124.0
540857,245487,Sat Dec 02 16:27:17 +0000 2017,"@AmazonHelp That was what the support team said, but they ignored the fact that I specifically requested NO refund. If I had a choice, I would have held out for the item to turn up over a refund, knowing you would not refund the difference of a like for like product. I’m assuming you agree.",,540855.0
250546,175550,Sat Nov 25 03:11:07 +0000 2017,@AmazonHelp Already have. Your rep couldn't find a tracking either. No one knows what's up with this package. So what now?,250547,250545.0
847768,321489,Fri Oct 13 13:35:45 +0000 2017,"@AmazonHelp D'accord j'ai remplis le formulaire, j'espère que le problème sera régler au plus vite.",847769,847767.0
739698,296903,Wed Oct 11 12:45:11 +0000 2017,@122924 @AmazonHelp Was ist da los? #AmazonPrime https://t.co/nzWvQ7BJGb,739697,
411105,174855,Tue Oct 10 01:27:18 +0000 2017,"@AmazonHelp now im ""chatting"" with one of your reps via the chat and they can't even spell properly.",,411102.0
1706239,517120,Mon Nov 06 23:07:27 +0000 2017,@AmazonHelp Since I download and use the content w/o internet connection your content is useless if I can’t use the app on my iPad.,1706241,1706238.0
784763,158235,Thu Oct 12 08:23:29 +0000 2017,@AmazonHelp yup talking to them only,,784762.0
210428,165808,Wed Oct 04 18:20:42 +0000 2017,@AmazonHelp Which network (YouTube / Hotstar etc...) will support true Dolby Digital Sound through Amazon Fire Stick??,210427,210429.0
320053,192278,Mon Oct 09 05:40:46 +0000 2017,@AmazonHelp I have shared all related details to your representatives many times.They are just ignoring me. I just want to expedite the process plz help,320058,320051.0
2216551,647620,Sun Nov 12 07:04:57 +0000 2017,@AmazonHelp Social media team...i have already done this the same day you sent it to me..in fact i did it twice.,2216552,2216550.0
1095324,378474,Sun Oct 15 15:05:41 +0000 2017,@AmazonHelp Nope I don’t really use amazon that much,1095325,1095323.0
2284000,183935,Sat Nov 11 14:17:09 +0000 2017,@AmazonHelp received duplicate https://t.co/T28G6jbJAT,2283998,
545722,246874,Sun Dec 03 20:50:52 +0000 2017,@AmazonHelp The link opens a webpage on Amazon.fr. As I said they do not follow up issue reported to them.,,545721.0
1126672,208722,Tue Oct 17 14:12:18 +0000 2017,"@AmazonHelp @115821 @115850 @AmazonHelp @115851 #amazon #news #mouthshut #consumer ""main point, and public can see it clearly. You do this""  (2/3)",,1126670.0
960237,347851,Sat Oct 21 17:39:13 +0000 2017,@AmazonHelp AmazonビデオのNARUTOいつまで無料ですか？,960236,
565856,252632,Sun Dec 03 01:02:39 +0000 2017,@AmazonHelp Have received email telling me case is resolved as item was delivered. This is not true. Still not received Switch I’ve paid for. Happy to send photo proof. The wrong label has been put on package.  (4/4),565861,565855.0
499909,234408,Fri Dec 01 20:41:50 +0000 2017,@AmazonHelp c'est reglé !!! merci !  vous etes au top,499911,499907.0
1519071,469296,Fri Nov 03 19:53:31 +0000 2017,"@AmazonHelp ...now ""How can I avoid using Amazon?"" I cant keep tolerating this increasingly poor service and contempt.","1519072,1519073",1519069.0
2170781,486079,Thu Nov 09 12:55:06 +0000 2017,@AmazonHelp Coffee supplies bought on @115830 have broken the machine even though they are sold as compatible on @115830 . Offering to refund the coffee doesn't make the machine work again!,2170780,2170782.0
21513,120700,Fri Nov 03 06:40:47 +0000 2017,@AmazonHelp It's really very pathetic services are given by a such big e-commerce Amazon,,21511.0
784060,307130,Thu Oct 12 07:11:58 +0000 2017,"Learn to value the time and money of your customers, Amazon failed to provide proper service yet again @AmazonHelp",784058,
1507225,469807,Sun Nov 05 18:14:17 +0000 2017,"@AmazonHelp this is really discouraging, these days your https://t.co/IS4N9ksgMW 1800 3000 9009 not wrkng at all, #Amazon",1507227,1507224.0
2698874,758274,Sun Nov 19 20:25:38 +0000 2017,@AmazonHelp One email saying delivery was attempted - untrue as I've been in all day and no delivery card. The other isn't clear what's going on although one day delivery meant today it now states 20-21st estimated date!,2698876,2698873.0
183596,127178,Tue Oct 10 22:59:20 +0000 2017,"@AmazonHelp Shout out to  for having the worst customer service. It took 30 email, 10 chats, 15 phone call, and a blood sacrifice and still no soln.",183598,183593.0
470192,226944,Fri Dec 01 07:21:07 +0000 2017,"@115851 Sir your @115850 @AmazonHelp is Pathetic, they have kept two ""Customer Care Numbers"" 180030009009 and 18004197355"" but no executive take calls and after the recorded blah blah the call gets disconnected. it's tarnishing your Co's image in India","470190,470193",
1439766,454120,Sun Nov 05 08:45:51 +0000 2017,"@AmazonHelp Finally a response! But in the interest of time, I called Tech Support for a resolution. Appears like apparent glitch with Prime on Chrome.",,1439765.0
1131321,386605,Tue Oct 24 12:04:45 +0000 2017,@AmazonHelp It’s not even showing the diaper order. It’s showing the latest order here. Pls suggest accordingly,1131323,1131320.0
1279848,366269,Fri Oct 27 11:32:59 +0000 2017,"@AmazonHelp It's clearly not helping. I've not received it yet, you guys are saying the same thing since last night.",1279849,1279847.0
1733108,523483,Tue Nov 07 13:14:08 +0000 2017,"@AmazonHelp Thanks but it won't let me initiate the return as it's over4weeks, but the product is faulty.Not sure how I initiate it, as I have no option",1733110,1733107.0
549351,212570,Sat Dec 02 18:22:41 +0000 2017,@AmazonHelp can I ask a question,549350,
34492,123476,Wed Nov 01 13:50:13 +0000 2017,@AmazonHelp non. un lien svp ? (canada fr svp),34493,34491.0
386861,207578,Mon Oct 09 13:21:57 +0000 2017,"@AmazonHelp clearly has to be illegal. posting an item and  knowingly sending something different. I was essentially robbed of $12, plus everyone else",,386859.0
2544983,481554,Sun Nov 26 21:14:33 +0000 2017,@AmazonHelp I've been waiting since 3pm after getting an email saying it will be delivered today! Very disappointing,,2544982.0
500760,234618,Sat Dec 02 14:56:10 +0000 2017,"@AmazonHelp I received a very poor and formulaic response. Not impressed at all. The Prime subscription is a joke and I have not received an explanation as to how the delivery date was changed without my involvement. The text &amp; email were false, I did not request a different delivery date.",,500758.0
91244,131812,Thu Nov 30 15:02:23 +0000 2017,"Amazon Selling Fake Bose Speakers in India #Not offering Replacement #Fake Discount @AmazonHelp @ Amazon Scam in India #Poor CX #@5340 @131283 @132458 @132460 @119341 @115851 @121927 @135788 @5341 
@135789 @135788 @5342 @1755",91242,
1875512,559899,Wed Oct 18 11:04:42 +0000 2017,"@AmazonHelp @559898 Bought one plus through Amazon, will you guarantee service support. My next phone purchase will be across the counter in a showroom",1875514,1875511.0
133715,146143,Fri Nov 24 08:23:41 +0000 2017,@AmazonHelp Die Sendung wurde noch nicht Mal im Verteilzentrum bearbeitet. Aber ich warte gerne auf den Anruf von ^AS.,133713,133730.0
1488682,465789,Fri Nov 03 13:21:32 +0000 2017,@AmazonHelp I do!,1488679,1488684.0
773513,304772,Thu Oct 12 01:39:41 +0000 2017,@AmazonHelp Even if it says it was already delivered? Also frustrating that I ordered it a week ago and it was supposed to be 2 day shipping,,773512.0
2727953,764937,Mon Nov 20 15:46:25 +0000 2017,"@AmazonHelp We wish you a Merry Christmas
We wish you a Merry Christmas
We wish you a Merry Christmas
And a happy New Year

Grazie per la chiacchierata Vi auguro un buon Natale anche a voi e che tutti i vostri desideri si avverino ❤️🎅",,2727952.0
1278079,415149,Fri Oct 27 06:45:32 +0000 2017,"@AmazonHelp I paid money for your services, which has really disappointed me. I was an ardent fan of your services. Sadly, have to change my views.",,1278077.0
86099,134796,Sat Dec 02 07:47:47 +0000 2017,@AmazonHelp Yes for some but now I have missed out on some of the Black Friday deal as they can’t be replaced :(,86100,86098.0
2161941,145394,Thu Nov 16 02:22:38 +0000 2017,@AmazonHelp Upset??? feels lyk we r fooled...after following a tv series fir so many seasons..suddenly booom...its gone...no more episodes...,2161942,2161940.0
2269127,660325,Sat Nov 11 10:45:54 +0000 2017,@AmazonHelp I guess when it comes to Christmas - DO NOT TRUST the Amazon website!,,2269126.0
1507964,164811,Fri Nov 03 13:43:03 +0000 2017,"@AmazonHelp 3 weeks of waiting for a resolution to a faulty firestick, and just keep getting passed about. Disgusting service,  #poor","1507965,1507962",
463302,225125,Fri Dec 01 03:51:48 +0000 2017,@AmazonHelp UPS. Should I share the tracking number?,463304,463301.0
2139775,223266,Fri Nov 10 08:27:25 +0000 2017,@AmazonHelp Apparently your depot never got any Scorpion edition boxes? #XboxOneXProjectScorpioEdition,2139777,2139774.0
25933,121659,Wed Nov 01 11:49:20 +0000 2017,@121658 @AmazonHelp Mir das selbe bei Pokémon Silber und Gold leider vor 2 Wochen,,25930.0
2543872,723155,Thu Nov 16 13:33:24 +0000 2017,@AmazonHelp Si pero no me deja ya que fue una tarjeta de regalo,2543870,2543874.0
801670,311028,Thu Oct 12 18:11:15 +0000 2017,@AmazonHelp Saying we have not received any order from you.,801673,801667.0
1567434,399203,Sat Nov 04 16:28:03 +0000 2017,@AmazonHelp We can't watch any videos on the app. Literally all videos on the app won't load once it's opened...! Not even trailers!,1567437,1567433.0
1554420,480793,Sat Nov 04 11:55:41 +0000 2017,@AmazonHelp amazon register email id - __email__,,1554419.0
5293,116926,Sun Nov 26 00:12:58 +0000 2017,@AmazonHelp Solicitud (foto del estado de cuenta),5292,5294.0
1721673,520356,Tue Nov 07 08:09:58 +0000 2017,@AmazonHelp Not to worry. I'm used to the poor service from Amazon which is getting worse for some reason. Being a customer since 2006 and prime from,,1721672.0
2295509,508573,Sun Nov 12 02:05:46 +0000 2017,@AmazonHelp This claims I'm not eligible for a refund yet I've had zero help with getting my account back for a week now. How do I get prorated for my prime membership?,,2295508.0
2406857,692186,Tue Nov 14 15:53:21 +0000 2017,@AmazonHelp Did that! I've spoken to your support 3 times in as many hours and everyone promised delivery in 15 minutes,"2406859,2406860",2406856.0
2009980,580534,Wed Oct 18 19:33:44 +0000 2017,@AmazonHelp Sent from amazon,2009979,2009981.0
438670,219238,Wed Oct 11 07:53:05 +0000 2017,@AmazonHelp Raccomando che non inizi il solito rimbalzo. Come ho detto richiedo la rettifica non solo la cancellazione. Avete leso l'opera intellettuale,,438669.0
1689733,513009,Tue Oct 17 16:55:14 +0000 2017,@AmazonHelp Q80664096394 Amazon shipping. Has now updated to say delivery tomorrow. Really not happy. Ordered for today for a reason,1689735,1689732.0
2412632,693579,Tue Nov 14 16:23:08 +0000 2017,@AmazonHelp  Received notification that my package was delivered about a hour ago yet it is not here.....,2412629,
2208562,360869,Thu Oct 19 17:31:46 +0000 2017,"@AmazonHelp out of stock. Neither end seemed sure, so I had to cancel the order, just for you guys to tell me a refund will take 3-5 business days. I",2208563,2208561.0
2418897,694967,Tue Nov 14 18:22:43 +0000 2017,"@AmazonHelp It says, OTP has been sent, but I never received on my mobile even after 2 hrs wait. I can DM you my login-id/mobile.",2418898,2418896.0
450711,221860,Thu Nov 30 21:23:55 +0000 2017,@AmazonHelp I was alerted that my packages were delivered but they are nowhere to be found. Help!,450710,
2402295,637012,Tue Nov 14 15:31:56 +0000 2017,"@AmazonHelp oui , on ma dit un truc du genre « la commande sera livré jeudi », sauf que je devais la recevoir aujourd’hui, sinon les 3 jours early days EA servent à rien. Et bizarrement jai un collègue qui l a préco bien après moi en septembre ( avril pour moi) il le reçoit demain",2402296,2402294.0
660360,277296,Thu Nov 23 00:13:17 +0000 2017,@AmazonHelp Today at 8:00PM. Post office that my package is located at is closed however. This happens every single time I order something. I have to get in contact with either Amazon or the Carrier. Unbelievable.,660358,660361.0
2522334,698122,Thu Nov 16 18:46:55 +0000 2017,"@AmazonHelp I actually don't understand what reasoning there could be for this happening considering they were ordered at the exact same time. Is a delivery person stealing it? How does one make it to USPS and the other doesn't? Now, the tracking # is giving me no update.",,2522333.0
142908,148259,Fri Nov 24 12:27:25 +0000 2017,"Alô, @117086 @AmazonHelp eu preciso de uma ajuda. Quero comprar 100 exemplares de um livro que está em promoção para dar de presente para crianças de uma comunidade carente, mas vcs limitam a compra a apenas 4 livros. Como posso fazer?","142906,142909",
683103,130724,Thu Nov 23 11:08:49 +0000 2017,"@AmazonHelp @115850 Pickup Tracking ID: 
710405635874

There is some serious problem at logistics level or might be some fraud. Pickup was done on calling agent he says this is fraud signature 8 such cases",683101,
1125014,158021,Sat Nov 25 18:33:55 +0000 2017,"@AmazonHelp my package was delivered to the wrong place, signed for by someone I don't know, and a picture is on my account of a front porch I don't recognize. Please help!",1125012,
1337163,370351,Fri Oct 27 15:03:48 +0000 2017,@AmazonHelp Spoken to customer service and a full refund has been organised. Thanks for your help 👍,1337164,1337162.0
274715,181632,Sat Nov 25 04:26:55 +0000 2017,@AmazonHelp It’s already been a year+ wait.,,274714.0
356419,200627,Tue Oct 10 07:31:19 +0000 2017,"@AmazonHelp @200626 If you guys need feedback to know that’s excessive, I’d suggest your packing manager is stealing a living 😂😂😂",356421,356418.0
2364708,682709,Mon Nov 13 22:05:20 +0000 2017,"@AmazonHelp I just spent 30 minutes on the phone and didn't get an answer why this is not working...
Can you tell me ? https://t.co/M7fv6i5h09",2364707,
2428226,697191,Sun Nov 26 18:08:00 +0000 2017,@AmazonHelp I don’t know as not opened them I’m petrified  of mice and rats dead or alive so I have to wait TIL my son gets home to take them out 😡,,2428225.0
1364681,251417,Fri Oct 27 21:38:18 +0000 2017,@AmazonHelp What's the point in paying for Amazon Prime when packages aren't even delivered when you promise? Which is why I'm not renewing Prime too.,,1364679.0
2385457,687520,Fri Oct 20 10:46:49 +0000 2017,"@AmazonHelp On PC it says preparing for dispatch, on my phone it says not yet dispatched.",,2385456.0
592041,260111,Sun Dec 03 17:43:23 +0000 2017,@AmazonHelp I hadn’t designated a safe place but common sense would presume I didn’t want my package delivered half a mile away,592043,592040.0
2600170,736050,Fri Nov 17 07:13:51 +0000 2017,@AmazonHelp I should probably get on that lol. Will get back at you to assuage your curiosity. ^SM,,2600169.0
1594682,490017,Sat Nov 04 21:07:33 +0000 2017,@AmazonHelp Hello there. My wife has had a parcel delivered to an address that doesn't not appear to exist! Please help,1594681,
343787,197808,Tue Nov 07 15:25:42 +0000 2017,Yo @amazonhelp Done w/ U no one takes the time to listen to me &amp; same problems persists #deleteyouraccount 22 new items appeared in my cart,343786,
1096671,278558,Mon Oct 16 12:39:42 +0000 2017,@AmazonHelp What resolution u r talking about,,1096669.0
2229975,650783,Fri Nov 10 14:33:50 +0000 2017,@AmazonHelp The email confirmation form including pick up code.,2229973,2229978.0
1265113,171449,Thu Oct 26 12:17:50 +0000 2017,@AmazonHelp About 1-2 weeks ago.,1265111,1265117.0
351921,199696,Sun Oct 08 12:51:58 +0000 2017,@AmazonHelp I paid £5 extra for 1pm delivery - I had to ASK for a refund despite that date / time being missed.,,351920.0
754584,187641,Wed Oct 11 14:53:48 +0000 2017,@AmazonHelp how come Horizon Zero Dawn Complete Edition Pre-Order doesn't have 20% off for PRIME members?,754583,
2061623,609710,Sun Nov 26 11:26:29 +0000 2017,"@AmazonHelp 
Your courier guy in Gujarat (ankleshwar) .. his mobile number- (8200486277) tell me he will not send my courior to my address .. he cancel my courior without coming to my house ..",2061622,
2126754,227845,Wed Nov 08 18:08:50 +0000 2017,"@AmazonHelp @115851 In the past I have, certainly.  But it doesn't seem to matter much, as from what I experienced, it hasn't changed at all.  Best bet is to order in bulk, although sometimes it amazing what you can cram in there. Would love a response to my Free Shipping question too.",2126753,2126755.0
2317905,671982,Mon Nov 13 09:18:06 +0000 2017,@115850 @AmazonHelp Just received a product with a printed MRP of Rs.2180. I was charged Rs. 2350 instead. On calling the helpline I was told that the price difference would not be refunded. Instead I have to return the product. What kind of stupid policy is this? https://t.co/SN4brzVqbU,2317903,
749702,234153,Wed Oct 11 17:46:10 +0000 2017,@AmazonHelp And if don't have a good service in prime membership also then what's the use taking prime,,749701.0
2560373,726717,Thu Nov 16 17:08:17 +0000 2017,"Hey @AmazonHelp I want to change the shipping address in a order, how do I do that?",2560371,
283165,183448,Fri Oct 06 12:41:22 +0000 2017,@AmazonHelp Il est aussi indiqué qu'elle est sortie en septembre 2017alors qu'il est indiqué juillet 2017 pour la 3e !,283163,283177.0
172319,155882,Sat Nov 25 07:31:08 +0000 2017,@AmazonHelp Por supuesto 😊,,172318.0
859620,324101,Fri Oct 20 18:01:09 +0000 2017,"@AmazonHelp For everything , for each &amp; every city in India.😀",,859619.0
145722,149053,Fri Nov 24 15:19:26 +0000 2017,"@149054 @AmazonHelp Rapaz, eu quebrei um por erro meu mesmo",145723,145721.0
2290192,216255,Sun Nov 12 06:39:25 +0000 2017,@AmazonHelp I have an issue with a Ouvis Camera bought through Amazon. I cannot get the Order Number due to NO History showing,2290191,2290193.0
395019,169172,Sat Nov 05 18:46:07 +0000 2016,@AmazonHelp @115830 81st day requesting any kind of response,395020,395018.0
2384152,431100,Fri Oct 20 08:00:31 +0000 2017,@AmazonHelp need your support as not able to talk to u r representative... Pls support,2384150,
897127,333035,Sat Oct 21 02:26:08 +0000 2017,"@AmazonHelp the promo code ""TWITCHCON20"" isn't working on the Logitech g533 headset even though it's under the category of items on sale",897126,
1125030,385278,Sat Nov 25 12:19:47 +0000 2017,@AmazonHelp Still pay for a service level you’re not getting,,1125029.0
388518,207926,Thu Oct 26 08:28:40 +0000 2017,@AmazonHelp  https://t.co/GSGBiVbE97,"388520,388521",388517.0
2028491,599867,Thu Oct 19 06:35:58 +0000 2017,@AmazonHelp Please read whole story and provide solution @AmazonHelp @115850 https://t.co/zE0sRIlRps,"2028493,2028494",2028490.0
369196,203472,Sat Nov 25 06:33:07 +0000 2017,@AmazonHelp Why collapsing your site,369199,369195.0
1171330,395483,Sun Oct 29 11:59:53 +0000 2017,"@AmazonHelp It's two days already, no response from your end, we need to get Replacement immidiately",1171331,1171329.0
224804,169711,Wed Oct 04 19:17:33 +0000 2017,"@AmazonHelp Yeah I hope so too,I want this badly🤞.",224803,224805.0
660395,277303,Thu Nov 23 00:13:58 +0000 2017,"@AmazonHelp Okay, will do",,660394.0
75943,133001,Wed Nov 29 22:11:50 +0000 2017,"@AmazonHelp Amazon Logistics es una VERGUENZA. LLego hace un rato del hospital y SORPRESA! Mi paquete esta entregado en un buzon y en mi buzon no hay NADA. Me lo quereis entregar antes de fecha y no sois capaces de llamar ni avisar, no hay nadie y lo dejais donde sea. Ahora quien lo tiene?",75942,75944.0
2665237,750928,Tue Oct 31 09:06:52 +0000 2017,"@AmazonHelp ご丁寧にありがとうございます。
もしも本当に請求がある場合は普段使用している引き落とし方法だろうなと思いましたので、これは怪しいと調べた次第です。",2665236,2665238.0
2170742,636774,Fri Nov 17 21:50:04 +0000 2017,"@AmazonHelp Monday, November 20!!",,2170741.0
1536926,476514,Sat Nov 04 01:42:32 +0000 2017,@AmazonHelp A credit for the items in question,,1536925.0
1771873,532579,Wed Nov 08 01:21:52 +0000 2017,"@AmazonHelp Hi, I’ve tried speaking to Amazon Customer service re an email Amazon sent me. I thought it was phishing but they say its real! https://t.co/8B9fPISgFo",1771872,
2179001,638612,Thu Oct 19 12:44:45 +0000 2017,"@AmazonHelp Merci frèro, bonne journée 💜",2179003,2179000.0
300548,187655,Sat Oct 07 08:35:12 +0000 2017,"@AmazonHelp Hi again,your assistance was helpful, at the end he told me to rate the help but i couldn't find where it was.Please give Steven Saul 5/5 :)",300549,300547.0
2515839,716686,Wed Nov 15 23:57:44 +0000 2017,@AmazonHelp I’ve tried. And got NO WHERE. Absolutely no where. Twice. Via phone. And once via chat. Any other options?,2515840,2515838.0
590800,259747,Sun Dec 03 17:00:19 +0000 2017,@AmazonHelp my parcel had the packing slips for 5 other orders that aren’t mine in :/ just thought you should know.,590799,
234181,171760,Thu Oct 05 16:17:24 +0000 2017,@AmazonHelp Reply to what? I haven't received an email on the email id. What part of it don't you understand? Or just playing around to avoid resolving?,"234182,234183",234179.0
274247,181525,Fri Oct 06 05:52:52 +0000 2017,@AmazonHelp Sold by Amazon EU SarL via Royal Mail who claim it was signed for. But it wasn't delivered to address on the label &amp; I didn't sign for it.,274249,274246.0
1688628,171992,Mon Nov 06 20:14:56 +0000 2017,@AmazonHelp Hi. 2 issues. 1st - Dot says can't connect - to check power and network. Both are fine.,1688631,1688627.0
306588,189100,Fri Oct 06 23:51:33 +0000 2017,@AmazonHelp And I have three return labels for this order,306594,306586.0
1311332,426424,Sun Nov 05 12:30:34 +0000 2017,@AmazonHelp Okay!,1311330,1311333.0
363328,202081,Mon Oct 09 01:38:58 +0000 2017,"@AmazonHelp @1840 @115851 @118341 @120781 @115850 
No comments and action by MD of Amazon india",,363327.0
1862578,499719,Wed Oct 18 08:50:54 +0000 2017,@AmazonHelp J'ai pris un jour de congé et c'est pour cela que la date de livraison a été changée... je préviens 3 semaines avant et la date change ?,1862580,1862577.0
417839,214696,Tue Oct 10 09:03:48 +0000 2017,@AmazonHelp 動作は問題ないので問題ありません。キーボードは満足していますので♪,417841,417838.0
1170031,395201,Wed Oct 25 17:19:00 +0000 2017,"@AmazonHelp It doesn't let you add more than one to your cart, at least it didn't up to yesterday, so it really doesn't matter that there are 9 promos.",,1170029.0
446758,220836,Thu Nov 30 19:25:33 +0000 2017,@AmazonHelp first time ordering something on amazon and definitely the last !!! Been terrible !!!,446757,
648468,119350,Wed Nov 22 19:10:27 +0000 2017,@AmazonHelp Can you please give me. Number to call.. let me reach out to you. In a month of filling forms. It's very strange u have not got a number to respond. Kindly check ur DM and find it mister,,648462.0
215204,167129,Thu Oct 05 01:10:21 +0000 2017,@AmazonHelp And just have to wait.,,215202.0
2271568,660873,Thu Oct 19 18:20:57 +0000 2017,@115830 @AmazonHelp yeah so why do I have to pay for a return for when I cancelled my pre order that you still sent me :/,2271567,
1662609,256951,Mon Nov 06 09:33:44 +0000 2017,"@AmazonHelp Estaría muy bien, la verdad 😂",1662607,1662610.0
2406848,662545,Tue Nov 14 16:13:39 +0000 2017,@AmazonHelp That's the story take it as you want to and don't offer something you can deliver on for future customers which may not be me,,2406844.0
2119346,530483,Wed Nov 08 14:23:59 +0000 2017,@AmazonHelp I’m at a loss to track down what has happened to my Xbox 1 x. It’s down as delivered but no one has been here to deliver 😢😢😢,2119345,
1188149,399408,Sun Oct 15 21:45:53 +0000 2017,@AmazonHelp The carrier was AMZL US and the delivery date was Oct 4!,1188150,1188148.0
30520,122720,Thu Nov 02 03:17:33 +0000 2017,@AmazonHelp Your return pickup for 407-4463037-6609940 has been scheduled for 02-Nov between 1-4PM. Why am I called that it will be picked in next 1 hr?,"30523,30524",30518.0
1585020,487708,Tue Oct 17 07:53:03 +0000 2017,@AmazonHelp hola! No existe la posibilidad de denunciar objetos que están a la venta? Gracias,"1585019,1585021",
296765,186694,Fri Oct 06 18:40:29 +0000 2017,@AmazonHelp so I ordered something 2 weeks ago paid 56 bucks for prime shipping and I still haven't gotten it???? I want my money back,296763,
1421957,450492,Thu Nov 02 14:14:24 +0000 2017,@AmazonHelp Hi ok..just 15mins to go anyways,1421958,1421956.0
1730754,522975,Tue Nov 07 11:50:11 +0000 2017,@AmazonHelp But it will affect ur brand name...so u should have such a team who can check the real price of the product.,1730756,1730753.0
545715,246874,Sat Dec 02 18:18:09 +0000 2017,@AmazonHelp Someone at Amazon US should follow up the French customer service. Only way to do it. The French customer service is really bad compared to the US one.,545717,545714.0
246387,174523,Thu Oct 05 15:32:25 +0000 2017,"@AmazonHelp @130687 Ninguna. De hecho, me pregunto si sería posible que en Amazon se previzualizara la compañía de transportes.  Con SEUR sólo tengo problemas.",,246386.0
2356757,668630,Mon Nov 13 19:54:51 +0000 2017,@AmazonHelp The item mysteriously disappeared from the bag and the van driver was about to drive off until I ran out to meet him where he confirmed it was lost :(,"2356760,2356761",2356756.0
2708450,760577,Mon Nov 20 23:10:31 +0000 2017,"@AmazonHelp Still not working, any help?",2708453,2708448.0
2269224,563674,Sat Nov 11 10:22:36 +0000 2017,@AmazonHelp Have you figured out what's going on?,2269222,2269229.0
841735,320245,Fri Oct 13 13:31:11 +0000 2017,@AmazonHelp Well I’m not going to endlessly keep looking. Are you expecting there to be a change any time or not?,,841734.0
21886,120771,Wed Nov 01 08:17:27 +0000 2017,@AmazonHelp Link Not working,21887,21885.0
1318273,287450,Fri Oct 27 09:34:49 +0000 2017,@AmazonHelp Yup k,,1318272.0
1689241,512890,Wed Oct 18 09:35:56 +0000 2017,"@AmazonHelp Not confused ,products cant be sold more than MRP  so kindly address the issue and get me my refund",1689242,1689196.0
1379372,441127,Tue Oct 17 07:22:45 +0000 2017,@AmazonHelp All I can do is wait. Btw thanks for destroying yesterday's evening and my faith in your company.,1379373,1379371.0
1723812,521422,Tue Nov 07 11:27:44 +0000 2017,"@AmazonHelp I was promised an update in 2 to 3 hours and you've got 30mins of that left, where is my emails telling me what the hell is going on????",,1723810.0
34548,123486,Wed Nov 01 15:47:46 +0000 2017,@AmazonHelp Normalmente é qual livro to lendo kkk,,34547.0
1332123,430768,Mon Oct 16 14:00:11 +0000 2017,@AmazonHelp Why was I sent a order cancelled email IF I never cancelled . And it was shipped . Why is it saying shipped but cancelled ?,,1332121.0
2570912,729081,Mon Oct 30 17:19:25 +0000 2017,@AmazonHelp What is the number ? The online website form thing wasnt working,2570910,2570914.0
2294229,666200,Fri Oct 20 07:03:51 +0000 2017,@666199 @666198 @AmazonHelp Nvidia Shield TV bratee,,2294228.0
2335214,675712,Fri Oct 20 03:29:03 +0000 2017,@AmazonHelp I am currently tweeting from a caseless phone.,,2335213.0
2132842,627584,Wed Nov 08 20:14:45 +0000 2017,"@AmazonHelp Waited in all day for a guaranteed Prime Delivery that hasn't arrived, this is the 2nd time in a row this has happened, a courier problem maybe? Not good is it!","2132839,2132844",
162108,153423,Sat Nov 25 21:35:48 +0000 2017,@AmazonHelp Ich warte noch bis Montag ab. Hab noch eine Weile Zeit dafür :),162109,162107.0
2171139,636833,Fri Nov 17 21:22:44 +0000 2017,"@AmazonHelp Ya les contesté hace unas horas, pero no he recibido respuesta",2171136,2171142.0
759038,301373,Mon Oct 16 16:19:43 +0000 2017,@AmazonHelp I still have received my package,"759040,759041",759035.0
1373627,419810,Sat Oct 28 00:46:33 +0000 2017,"@AmazonHelp Oi. Com o pedido, não. Com a transportadora, sim. Tô preocupada de verdade.",1373629,1373626.0
351836,199684,Sun Oct 08 12:20:41 +0000 2017,@AmazonHelp I know that I am just worried about the packaging.it normally comes in a blue box.but as you see in the picture it is packed in a cardboard,"351838,351839",351835.0
2752093,740102,Sun Nov 26 23:49:58 +0000 2017,"@AmazonHelp why am I paying for Amazon prime next day delivery when it's taking 2, 3 sometimes 4 days to receive a delivery? All items are prime eligible and stated as one day delivery",2752092,
2301906,214639,Sun Nov 12 18:17:54 +0000 2017,@AmazonHelp Thanks .. hope they resolve it.,,2301905.0
1786191,536643,Sun Nov 26 09:53:33 +0000 2017,@AmazonHelp Thank you! Someone called and they are working on delivering my package today. Fingers crossed. Would have expected someone to call me if there was an issue with the address,1786193,1786190.0
1128066,385947,Wed Oct 25 05:13:44 +0000 2017,@AmazonHelp Can u check with my number? 9971005342,"1128067,1128068",1128065.0
701313,287419,Thu Nov 23 17:31:27 +0000 2017,"@AmazonHelp I have followed this process 10 times !!! that is the problem, it is still saying my new rest password is incorrect,",701315,701312.0
982019,352833,Sun Oct 22 14:17:30 +0000 2017,"@AmazonHelp Yes, and missing from last 4 days....",982021,982018.0
1093268,378011,Sun Oct 15 05:09:16 +0000 2017,@AmazonHelp Okayy,,1093267.0
2294274,666211,Sun Nov 12 00:34:45 +0000 2017,@AmazonHelp I switched browsers and was able to place my order. Thank you!,2294275,2294273.0
2447474,701582,Wed Nov 15 01:37:36 +0000 2017,"SOS what do you do if you ordered underwear and a dress and @115821 sent you dog treats and a blood pressure machine??? 

CC: @AmazonHelp","2447473,2447475",
1569538,484116,Sat Nov 04 17:36:35 +0000 2017,@AmazonHelp iPhone 7.,1569540,1569537.0
2652377,226772,Sun Nov 19 09:30:54 +0000 2017,@AmazonHelp Was told it's normal and they would monitor it.,2652378,2652376.0
2261704,658488,Thu Oct 19 18:03:29 +0000 2017,@AmazonHelp “”Your package will arrive at 8PM...” it’s 8 and nothing is here 😰 nor shows the track package option that it has arrived in NL😱 https://t.co/HhdZqC877T,2261703,
407890,179125,Mon Oct 09 22:21:13 +0000 2017,@AmazonHelp  u askd me 2provide anoda account apart from Nigeria so u can pay my $120. I provided a U.S account then u blocked my account.,"407886,407893,407894,407895,407896",
2220076,648465,Fri Nov 10 12:53:10 +0000 2017,@AmazonHelp i’ve done tht...bt nothing happens wht now??,2220075,2220077.0
360200,201311,Sun Oct 08 17:15:01 +0000 2017,@AmazonHelp Just wondering why there's no estimated delivery date on a preorder when we know when the release date is. 1/2,,360199.0
769579,226445,Wed Oct 11 23:13:11 +0000 2017,@AmazonHelp Perfect. Is it 24 hour chat as I am at work now and can’t focus as I would like to.,769581,769578.0
1591118,489164,Sun Nov 05 00:57:46 +0000 2017,@AmazonHelp ありがとうございます！,1591120,1591117.0
1209902,248097,Wed Oct 25 11:19:33 +0000 2017,@AmazonHelp  https://t.co/HVnIPjUfag,"1209904,1209905",1202831.0
1331146,210089,Fri Oct 27 15:44:23 +0000 2017,"@AmazonHelp already shared the details u required, for rest of things co-op with ur CS team who is in the loop alrdy.",1331147,1331145.0
2758201,771850,Tue Nov 21 03:35:24 +0000 2017,"Hey @AmazonHelp when you update the Fire OS to &gt; 5.6.0.0 can you give me a shout? Until then, you killed my tablet.","2758200,2758202",
572440,254503,Sun Dec 03 04:56:23 +0000 2017,"@AmazonHelp 
@115830 
@115821 
my order Amazon on the date of 21-11 and 12 days was not shipped? What's the delay about?",572439,
27415,122008,Wed Nov 01 10:31:56 +0000 2017,@122009 @121890 @AmazonHelp @120474 Thanks for the prompt reply. Hopefully AmazonTicketsUK can mend the process,,27414.0
138116,147113,Fri Nov 24 10:22:13 +0000 2017,"@115851 @AmazonHelp @115850 @115851 IS THERE ANY MORAL VALUE LEFT WITH YOU???
WHY THERE IS NO ACTION ON MY COMPLAINT TILL NOW EVEN AFTER SENDING MANY EMAILS TO YOU, amazon india customer support and top management.

A BIG SHAME!!!","138115,138117",138118.0
1323957,428957,Fri Oct 27 11:48:41 +0000 2017,@AmazonHelp i take it you have no answer to last question.,,1323956.0
1730,116088,Wed Nov 01 01:41:28 +0000 2017,@AmazonHelp I’ve cancelled my order and gone to Best Buy. Thank you.,,1727.0
2474805,707534,Fri Nov 10 20:12:05 +0000 2017,"@141547 @AmazonHelp @115850 @115821 Been chatting last 7/8 days, ind VS us battle on",2474804,2474806.0
1354431,435854,Fri Oct 27 18:54:45 +0000 2017,@AmazonHelp Ja 😕,1354430,1354432.0
1471744,456030,Fri Nov 03 01:02:23 +0000 2017,@AmazonHelp Why is my account got blocked say please even it's my first Amazon account and you are saying that I previously made a account 😣,,1471743.0
2455257,703339,Wed Nov 15 05:19:58 +0000 2017,@703329 @AmazonHelp आलू की फैक्ट्री की तो बनवाओ पहले 😂😂😂,2455276,2455248.0
253395,176239,Thu Oct 05 17:47:40 +0000 2017,"@AmazonHelp ""Lasership"".","253393,253396",253397.0
1132074,258142,Tue Oct 24 11:55:21 +0000 2017,"@AmazonHelp I didn't want to tag them even though I blocked them and now they blocked me, but I don't want people to fall for it and give over details",1132072,1132075.0
1727856,522507,Tue Nov 07 10:37:44 +0000 2017,@AmazonHelp I had a delivery about a week ago while I was away (shipping no. Q27006479623) &amp; I’ve returned to find just an empty envelope...,1727855,
2319729,672338,Mon Nov 13 23:43:42 +0000 2017,"@AmazonHelp Se puso Amazon en contacto, me devuelven el dinero pero me quedo sin el cd @28427  ya que no esta en stock 😢",,2319728.0
887908,330827,Fri Oct 13 17:31:57 +0000 2017,@AmazonHelp If my Prime was cancelled will my purchase history be preserved when I restart it or it it a blank slate?,887907,
334899,195811,Sat Oct 07 20:32:24 +0000 2017,"@AmazonHelp I have never changed my password, and it is saying it is wrong so i don’t know what is wrong.",334897,334901.0
888268,220539,Sat Nov 25 15:47:35 +0000 2017,"@AmazonHelp Thanks @AmazonHelp! I don't think so, the full sentence was ""I'd really like to help you with the refund, but I see that we're unable to process the refund as the denomination is too high."" 1/2",888267,888269.0
821716,191894,Thu Oct 12 23:01:51 +0000 2017,@AmazonHelp why are you deflecting responsibility? the issue = your drivers either don't bother to get out of the van or don't have/use reasoning skills,821717,821714.0
1497003,467558,Sat Oct 28 21:29:28 +0000 2017,@AmazonHelp Hello - I am trying to gift a book from the Australian store. However the 'give as gift' icon isn't appearing. Why is this?,1497002,
529136,242516,Sat Dec 02 09:13:08 +0000 2017,@AmazonHelp They’re coming today... while I’m out. 🙄 I might have to ask @227672 if she can nip over and wait in for them... #storagesam,,529135.0
986954,353882,Tue Oct 17 13:56:40 +0000 2017,@AmazonHelp Aucune information valide n'a été donnée par votre service client c'est lamentable. Je paie l'abonnement a Amazon Prime pour rien!,986968,986952.0
1422829,309803,Mon May 29 09:39:09 +0000 2017,"@AmazonHelp I am Selling a USED item. Why do I need blessing to sell USED ITEMS? Really Amazon, it's roadblock after roadblock.",1422828,1422830.0
2590348,733704,Fri Nov 17 01:25:58 +0000 2017,"@AmazonHelp It's ok I'll wait till tomorrow. I'd be more concerned about the app showing an item ""arriving"" in the past while it has not shipped yet 😂",,2590347.0
531663,243165,Sat Dec 02 10:27:00 +0000 2017,@AmazonHelp Il y en a une en cours mais j’ai fait bcp de commande ces dernier temps. Même constat ...,531661,531666.0
1101732,379962,Sun Oct 15 07:24:13 +0000 2017,@AmazonHelp Yeah can you tell my wife Karen to come home with the kids and also tell @159344 to bring back the spicy nuggets,,1101731.0
1454488,457582,Thu Nov 02 14:59:59 +0000 2017,"@AmazonHelp Is there a way to get rid of this, or at least remove certain topics from Ads. This is the last thing I need to see... https://t.co/sxtFVhFM7v",1454486,
922604,300631,Sun Oct 15 10:28:29 +0000 2017,@AmazonHelp I have used the link. It’s still not letting me put that it didn’t arrive. As I’ve said twice already,922606,922603.0
1737613,524526,Wed Nov 08 14:11:04 +0000 2017,"@AmazonHelp Komisch, dass das Paket wieder zurselben Uhrzeit (11:24) in Zustellung ist, wie gestern auch, aber immer noch nichts! 😂",,1737611.0
417779,214691,Tue Oct 10 14:26:46 +0000 2017,@AmazonHelp finally you mean to say that I have to loose aroun Rs. 4000 right? Is this justify?,,417775.0
313893,190905,Sat Oct 07 06:43:03 +0000 2017,@AmazonHelp What kind of details you want now,,313892.0
1735290,352553,Tue Nov 07 14:42:09 +0000 2017,@AmazonHelp Thanks,1735291,1735289.0
771711,304320,Thu Oct 12 00:20:27 +0000 2017,Having issues with the @116090 price drop filter.  It’s MIA.  Is it just me? @AmazonHelp #techwoes,771709,
307887,189510,Sat Oct 07 16:15:07 +0000 2017,"@AmazonHelp I need to know what is happening with this package. I have no idea when it's coming, if at all.",307888,307885.0
2672277,221329,Tue Oct 31 11:07:41 +0000 2017,"@AmazonHelp alles klar, danke und einen schönen Tag noch :-) LG Nino",2672275,2671806.0
551987,248663,Sat Dec 02 22:22:35 +0000 2017,"@AmazonHelp Same wake word. But according to that article, ESP makes it so Echo intelligently knows which device you're talking to. And that's not happening here.",,551986.0
2509203,288318,Wed Nov 15 22:13:19 +0000 2017,"@AmazonHelp I just got Prime and in Vancouver, does that mean same day deliver for everything or only select things? My order from late last night says arriving Friday.",2509201,
1260499,415316,Thu Oct 26 10:08:16 +0000 2017,"@AmazonHelp Also, thank you for the quick response! Most customer svc tweets to other retailers go into the abyss, never to be heard from again.",,1260497.0
179628,158309,Sat Oct 07 23:12:00 +0000 2017,@AmazonHelp @158308 They full of crap,,179626.0
387530,207728,Mon Oct 09 13:59:44 +0000 2017,"@AmazonHelp Hi, yeah I’ve tried but im not really sure if it’ll help. Leaving it under the doormat is my best option but don’t think I can do that 😂😩",,387528.0
1109500,267060,Tue Oct 24 02:55:44 +0000 2017,@AmazonHelp Okay now my account got locked out again. Again because of an order *I* placed. This is very frustrating.,1109501,1109498.0
2463892,705216,Wed Nov 15 09:35:45 +0000 2017,@AmazonHelp Thank you.,2463894,2463891.0
1658918,427870,Tue Oct 17 15:01:24 +0000 2017,@AmazonHelp I don't understand when it was dilvery of one day and during order it takes 4 days and even Amazon prime doesn't work....,"1658920,1658921",1658916.0
326721,193845,Sat Oct 07 16:23:02 +0000 2017,@AmazonHelp i just bought fifa 18. It keeps giving me error messages. I want a replacement please,326718,
850141,142682,Fri Oct 13 13:36:46 +0000 2017,@AmazonHelp Merci. Un sera effectué. Bon weekend ☺️,850143,850140.0
779928,306231,Thu Oct 12 05:39:32 +0000 2017,@AmazonHelp Yes..with the same delivery address and reseller..informed ur customer care..who acknowledged availability but expressed helplessness...,"779930,779931,779932,779933",779927.0
544422,190280,Sun Dec 03 01:55:59 +0000 2017,"@AmazonHelp According to UPS, the truck was not processed when it arrived in Jacksonville on the 28th. It was not processed until today. It is scheduled to arrive on Tuesday.",544424,544421.0
838256,319489,Fri Oct 13 10:26:18 +0000 2017,"@AmazonHelp hi, someone tried to login my account and manage to hack, and leave customer review by using my account.",838255,
124038,143739,Fri Nov 24 02:25:26 +0000 2017,@AmazonHelp Pero en Celulares no hay garantía de un año ?,,124037.0
1421231,450380,Mon Nov 06 16:37:09 +0000 2017,@AmazonHelp M DONE WITH UNDERSTANDING AMD PATIENCE AND TO BE HELL WITH UR SORRY.  SAVE IT FOR THE COURT,,1421229.0
409301,212594,Mon Oct 09 22:53:57 +0000 2017,@AmazonHelp Musste nicht wusste haha. Autokorrektur 🔝,,409300.0
1271632,342007,Sat Nov 25 20:35:40 +0000 2017,@AmazonHelp I damaged inside yes. https://t.co/uMVTtJpiOe,1271634,1271631.0
1544557,478415,Sat Nov 04 06:07:51 +0000 2017,@AmazonHelp The item has not been delivered to my Address and is not signed by me,,1544555.0
1911964,569542,Sat Nov 25 14:32:08 +0000 2017,@AmazonHelp Ja ist versendet worden,1911966,1911963.0
2627668,742155,Fri Nov 17 17:03:09 +0000 2017,"@AmazonHelp Chez vous ""En cours de livraison"", chez eux ""Colis refusé"". Alors que j'ai été chez moi et joignable toute la journée. Mais votre service client téléphonique m'a dit que Colis Privé avait eu un souci et ils m'offrent un mois prime de plus... Wouaw...",2627670,2627666.0
946603,344469,Sun Oct 22 08:49:10 +0000 2017,@AmazonHelp I described my issue in that link and got email to contact customer care. So why,,946602.0
1500700,468415,Fri Nov 03 15:23:58 +0000 2017,@AmazonHelp 5__credit_card__ le numéro de ma commande,"1500702,1500703",1500699.0
1558695,481730,Sat Nov 04 13:34:58 +0000 2017,@AmazonHelp Was out for delivery this morning &amp; still hasn’t arrived! It was supposed to have been here yesterday,1558697,1558694.0
2405077,691775,Tue Nov 14 14:59:03 +0000 2017,"@AmazonHelp Hey, bekomme beim start vom Amazon Prime Video Stream den Fehlercode 7031...","2405076,2405078",
969192,350057,Tue Oct 17 06:11:44 +0000 2017,@AmazonHelp なぜかスマホのAndroid版ChromeでAmazonを表示しても同じぐらい遅れます,,969188.0
2468628,706264,Sun Nov 19 08:00:33 +0000 2017,@AmazonHelp @115821 @115851  screenshot of order details is attached. https://t.co/jhesCir3YW,"2468627,2468629",2468630.0
1499774,305441,Fri Nov 03 15:33:18 +0000 2017,"@AmazonHelp Yes I contacted the support team,cancelled my order and also my prime membership!!",1499776,1499773.0
2176555,132485,Thu Nov 09 15:24:32 +0000 2017,@AmazonHelp I sent you my deals via private message,2176553,2176556.0
641865,272319,Wed Nov 22 20:35:48 +0000 2017,@AmazonHelp  https://t.co/xz85qwqDUD,641861,641867.0
1806527,542752,Tue Nov 14 23:45:33 +0000 2017,"@AmazonHelp Thanks for your quick reply! It's much appreciated, my mom told me she's just gone ahead and contacted Amazon herself. But its cool that you guys are prompt and it shows you really care about customers.",1806526,1806528.0
1445402,455408,Fri Nov 03 06:56:01 +0000 2017,"@AmazonHelp These features are already available in USA, UK and Germany. Request you guys to roll these features in India too. #alexa #firetv","1445404,1445405",1445401.0
266025,166676,Thu Oct 05 23:44:33 +0000 2017,@AmazonHelp done,266026,266024.0
1912715,235759,Wed Oct 18 14:23:23 +0000 2017,"@AmazonHelp If i was a day late for my acting work, i wouldn't last to long in my job.",,1912713.0
1432313,452589,Thu Nov 02 13:46:59 +0000 2017,"@AmazonHelp suite à votre conseil de contacter le service après-vente, ils ont essayés de régler les choses, merci!",1432314,1432312.0
426681,216476,Tue Oct 10 12:15:39 +0000 2017,@AmazonHelp Fire tv stick,426680,426682.0
564874,252337,Sun Dec 03 00:58:39 +0000 2017,@AmazonHelp ありがとうございます！！！！！観ます！！！！！,564876,564873.0
1028196,363317,Sat Oct 14 18:45:38 +0000 2017,"@AmazonHelp Okay, for that VAT, stuff, That is fine, does come to £24.10... But the fact that you advertise FREE Delivery without making that default...",,1028193.0
2724463,764170,Mon Nov 20 12:28:15 +0000 2017,@AmazonHelp When I ordered the product on Saturday with my prime account is was delivery for today which hasn't happened! They don't know when it will be and the order can't be cancelled fully so I have to wait for fulfilment to cancel it while I still have no pram until I get the money back,2724465,2724462.0
571680,254312,Sun Dec 03 04:32:55 +0000 2017,"@AmazonHelp order no 408-0734578-2121144, u people are cheating by saying door is locked without calling me it is gated community how can u say that without calling me since last 5 days pathetic u people are",571679,
388485,207926,Fri Oct 20 03:58:06 +0000 2017,@AmazonHelp Your target completed Return policy expired how much time required now closed this issue . disappointed @115851 this type of service,388486,388484.0
2345604,678261,Sun Nov 26 16:48:36 +0000 2017,"@AmazonHelp tú también, que tengas un buen día 😘",2345603,2345605.0
1302309,424346,Fri Oct 27 00:42:23 +0000 2017,"@AmazonHelp No, I did",1302311,1302308.0
799682,310571,Tue Nov 21 09:11:12 +0000 2017,@AmazonHelp What's the point? I've spoken to your CS team 4 times in last 18 hours and it's made no difference. More to the point I have had to make the same complain on virtually every delivery for the past three years &amp; you still haven't learnt from it!,799679,799685.0
2376138,685371,Tue Nov 14 02:52:26 +0000 2017,@AmazonHelp pls help me i ordered a new pingpong set and i believe i was given the wrong product.,2376137,
2558456,726314,Thu Nov 16 17:07:42 +0000 2017,"@AmazonHelp J'ai bien un outil pour signaler un problème au support mais il ne concerne que les problèmes post livraison comme par exemple objet défectueux etc, je dois appeler quoi? Qui? Quel numéro ?",2558455,2558457.0
1007561,336242,Sat Oct 14 13:42:27 +0000 2017,@AmazonHelp. Thank you for your assistance ! Item has just been delivered !,1007560,
2464821,705396,Sun Oct 29 19:59:17 +0000 2017,@AmazonHelp Im hoping the person who received our kazoo is nice and returns it,,2464819.0
1232084,234607,Mon Oct 16 01:34:21 +0000 2017,@AmazonHelp I sent an email big deal where is my stuff ? Hire better delivery people😓,,1232083.0
2438199,121292,Sun Oct 29 16:00:29 +0000 2017,Not sure what the hell I pay @AmazonHelp for. Absolutely useless.,2438197,
142094,148056,Fri Nov 24 12:35:13 +0000 2017,@AmazonHelp I have a simple question. You don't need any details from my side for that.,,142092.0
483107,147311,Fri Dec 01 15:16:49 +0000 2017,@AmazonHelp there's really 0 way to have it arrive today? Despite Prime operating until 8pm? I gave a second address that was never tried.,483108,483106.0
1664791,469296,Mon Nov 06 11:56:34 +0000 2017,"@AmazonHelp No this is not a matter of my ""frustration"". Its a matter of you giving appalling service over a period of 4 days.",1664792,1664781.0
603154,263274,Sun Dec 03 22:39:46 +0000 2017,@AmazonHelp It says y’all hate me. https://t.co/U4Z2T2dstN,,603153.0
317924,191865,Sat Oct 07 09:35:53 +0000 2017,@AmazonHelp Removal # 747191,,317918.0
2528842,177853,Thu Nov 16 06:15:28 +0000 2017,@AmazonHelp Can u please recheck as I used the EMAIL US feature u claim u have and sent a very detailed description.. today morning only... hope that feature works and is not a broken one again... and u r not from Mars,2528843,2528800.0
521731,240459,Sat Dec 02 04:06:50 +0000 2017,"@AmazonHelp Email sent.. sorry it's harsh, but this is incredibly frustrating.",521733,521730.0
59519,129576,Wed Nov 01 21:02:58 +0000 2017,@AmazonHelp are you going to keep the availability to limited pincodes like flipkart? They have the device available to buy.,59521,59518.0
64054,130704,Wed Nov 29 22:31:48 +0000 2017,"@AmazonHelp I’m already working with CS, but I’ve asked what the “guaranteed” part means and haven’t gotten an answer. It has left me with no mattress for 2 days.",64053,64055.0
2139757,426796,Thu Nov 09 07:36:16 +0000 2017,"@AmazonHelp No there wasnt, just says sorry your parcel is late",,2139756.0
2184566,325008,Thu Nov 09 17:59:29 +0000 2017,@AmazonHelp They are telling me to wait and i have waited alot please send your social media team to invetigate it,2184564,2184567.0
2279421,411181,Sat Nov 11 19:38:24 +0000 2017,@AmazonHelp I dont want to explain myself for the 100th time this week i just want the issue dealt with and compensated for the lack of knowledge from your amazon staff worldwide,2279423,2279420.0
224806,169711,Wed Oct 04 17:17:23 +0000 2017,"@AmazonHelp i sent an invitation request almost 2 hrs back,and yeah i'll be waiting for your mail.Thank u guys.😄",224805,224807.0
888292,330915,Sat Nov 25 16:11:47 +0000 2017,"@AmazonHelp C'est Colissimo, j'espère que ca n'a pas été volé.",888290,888293.0
265999,179371,Fri Oct 06 01:11:41 +0000 2017,@AmazonHelp Why would you ask @118706 t leave packages w no signature?we should have that option.,,265998.0
2291190,172091,Mon Nov 13 16:51:50 +0000 2017,@AmazonHelp Any update on the details I submitted?,2291191,2291189.0
1250158,169505,Mon Oct 16 04:18:25 +0000 2017,@AmazonHelp did i asked for refund,1250160,1250157.0
369180,203470,Wed Nov 29 16:25:21 +0000 2017,@AmazonHelp Its of no use... luks like ll hv to give up...,369181,369179.0
2432791,698189,Tue Nov 14 21:58:27 +0000 2017,@AmazonHelp But its a prime delivery not a normal one!,,2432790.0
226122,169983,Thu Oct 05 06:04:45 +0000 2017,@115821 @AmazonHelp i didnt recieve my product but i got msg what the hell is this? https://t.co/EBvGpy5jO9,226120,
294228,186084,Fri Oct 06 17:52:32 +0000 2017,@186083 @AmazonHelp Yeah it took me a while to figure this one out,,294226.0
2308924,669710,Mon Nov 13 02:45:43 +0000 2017,"@AmazonHelp Gonna have to return another thing now, 3rd thing in the last 2 months",2308922,
2309167,669759,Mon Nov 13 06:51:10 +0000 2017,@AmazonHelp Need to add this feature to the app me thinks.,2309168,2309166.0
358845,200983,Sun Oct 08 16:29:02 +0000 2017,@AmazonHelp No its already delayed by 2 days .. but still i have not received any call from ur delivery partner .. nor am i able to contact them,"358846,358847",358837.0
1261687,233139,Fri Dec 01 01:46:56 +0000 2017,@AmazonHelp I just spent 57 minutes on the phone to get a refund for a $6 DVD u guys had delivered to the house.  Thanks for wasting my night guys. Real pros you have there.,1261686,
1320553,375280,Mon Oct 16 12:39:13 +0000 2017,@AmazonHelp Leider bei allen (Prime und Geliehen),1320555,1320552.0
34488,123476,Wed Nov 01 13:37:34 +0000 2017,"@AmazonHelp oui. Sur la page en question, option contacter le vendeur (x2)",34489,34487.0
1429219,218111,Thu Nov 02 13:57:51 +0000 2017,"@AmazonHelp Yeah, it's weird. I can get it to switch to different music stations, but the second I tell it to use a rain sound ambient noise, it fails.",1429220,1429218.0
1722489,521157,Tue Nov 07 08:41:02 +0000 2017,@AmazonHelp A lot of people are cancelling and buying from Smyths toys!,,1722488.0
124032,143738,Fri Nov 24 01:47:25 +0000 2017,@AmazonHelp Pues lo intente en @7016  y no pueden leer el código,,124031.0
1106485,169702,Sun Oct 15 14:44:35 +0000 2017,@AmazonHelp Why should i contact support? Why there was no quality check before shipping? #Fraud #ecommerce #scam,"1106487,1106488",1106484.0
249143,174211,Thu Oct 05 16:49:26 +0000 2017,@AmazonHelp Est ce que c'est normal même que j'aille sonner chez des voisin pour récupérer MON colis déposé par votre livreur sans mon autorisation ?,249145,249142.0
654350,275655,Thu Nov 23 01:18:00 +0000 2017,@AmazonHelp UPS,654351,654349.0
1322945,428548,Fri Oct 27 10:05:04 +0000 2017,@AmazonHelp Last executive said .. place new order,,1322941.0
1387712,442883,Sat Oct 28 10:27:58 +0000 2017,@AmazonHelp Je vous ai envoyé un DM.,,1387709.0
657937,273032,Thu Nov 23 01:38:02 +0000 2017,@276626 @AmazonHelp 😊😊,,657936.0
1190207,399748,Sat Nov 25 20:11:55 +0000 2017,"@AmazonHelp Why don't u take initiative to report this on behalf of me, it will look better rght ? Will u return my prime membership amount ? I thnk it's of no use, before buying it shown 2-3 days, expected on 23 but after purchased shown before 25, dnt u thnk u making fool by prime tag name",1190209,1190206.0
1064835,256068,Mon Oct 23 14:19:47 +0000 2017,@AmazonHelp your services are ridiculous. My package got left at the door and stolen and it’s my fault? Are you kidding me?,1064833,
1723339,508186,Tue Nov 07 11:41:53 +0000 2017,@AmazonHelp I’m just waiting for Royal Mail to deliver it but it was dispatched last night =] Thanks!,,1723338.0
1432238,452579,Thu Nov 02 13:29:30 +0000 2017,@AmazonHelp Who will bear the loss .with previous order I got the product on Rs710 now it's available on Rs1999,1432240,1432234.0
806359,312157,Thu Oct 12 18:11:56 +0000 2017,"@AmazonHelp Pretty much every corner is either bent or creased. This was even ordered with Prime, kind of expected better for people who spend extra.",,806351.0
1591514,489253,Sun Nov 05 00:52:43 +0000 2017,"@AmazonHelp Again, I used the link and a carrier is not specified. https://t.co/6XmNZPuLc9",1591516,1591513.0
179510,158284,Wed Oct 04 06:06:00 +0000 2017,"@AmazonHelp @AmazonHelp @115850 

Don't write something that is not relevant.on the mail it's mentioned that please wait we have escalated the issue.",179508,179511.0
1373211,439606,Sat Oct 28 00:30:18 +0000 2017,@AmazonHelp Just that it's 'delayed' . Maybe until Wednesday???? #NoMario,1373213,1373210.0
89266,135303,Fri Dec 01 01:10:16 +0000 2017,"@AmazonHelp prontinho, contei :)",89267,89265.0
1043718,366798,Wed Oct 25 14:32:03 +0000 2017,"@AmazonHelp @115851 @115821 @115850 How many times you want a information from customer? Everytime your CSR changes, we have to provide info again",,1043715.0
2170986,636808,Thu Oct 19 12:54:07 +0000 2017,@AmazonHelp whn can I expect a rly on what's so gud that I should accept ur refund as goodwill refund even after undergoing this situation?,2170988,2170985.0
1661829,506829,Mon Nov 06 08:32:41 +0000 2017,@AmazonHelp I had asked for a replacement. Defective item was picked up on Oct 14. Replacement not shipped yet. No signs of refund either.,1661827,1661831.0
953560,346254,Wed Oct 11 11:35:42 +0000 2017,"@AmazonHelp リプライありがとうございます。
一週間くらい待ったのですが番号の方届かず出荷待ちの状態だったのでキャンセルしてもう一度購入の形をとりました...。
お手数お掛けしてすみません",953562,953559.0
377479,205573,Mon Oct 09 08:23:58 +0000 2017,@AmazonHelp Cancelled order 10 minutes after 8pm cut off when I saw 10th was new eta. No emails about delays. Retail=pay more to reliably have it now,,377478.0
660400,143388,Fri Nov 24 10:02:15 +0000 2017,@AmazonHelp Still no reply! 😏 #Amazon,,122759.0
438023,219061,Tue Oct 10 18:40:34 +0000 2017,"@AmazonHelp I have. Multiple times. 
I have even power cycled the entire system and wifi router.",438025,438022.0
897119,333033,Mon Oct 23 05:16:11 +0000 2017,@AmazonHelp I have replied to email.I think this is never ending https://t.co/cEVMsJIRqW write an email to me and I reply. no solution from your end (:,897120,897118.0
629599,269144,Wed Nov 22 15:32:16 +0000 2017,@AmazonHelp  https://t.co/aL4g20CsRI,629598,629600.0
710032,289778,Tue Oct 10 20:59:18 +0000 2017,"@AmazonHelp OK uhm... so I attempted to get the 7 day trial for amazon prime and it couldn't connect my Twitch to Amazon, now I got billed?","710033,710026",
745076,298114,Wed Oct 11 15:53:55 +0000 2017,@AmazonHelp What's Happening? Will This Get Delivered Tomorrow? https://t.co/0uAlmx7C2a,745075,
2379807,686229,Wed Nov 15 03:36:11 +0000 2017,@AmazonHelp I'm not sure as I already threw the shipping box away and it did not list the carrier in the shipping info I received,,2379805.0
2391278,688731,Tue Nov 14 16:42:08 +0000 2017,@AmazonHelp Which part of my remark is not clear to you?,2391279,2391277.0
1435700,453312,Thu Nov 02 13:59:46 +0000 2017,"What's wrong with u @AmazonHelp ,one side u showing order placed n other u messaged payment failed, while my amt deducted. Deplorable https://t.co/3h9EUYYiH2","1435699,1435701",
348385,198937,Sun Oct 08 08:55:30 +0000 2017,@AmazonHelp I have shared my detail... waiting for your reply.,348386,348384.0
808897,193230,Thu Oct 12 18:24:27 +0000 2017,"@AmazonHelp What resolution u've provided?

Can u let us know",808896,808898.0
2103640,185861,Wed Nov 08 12:14:13 +0000 2017,"@AmazonHelp las instrucciones no las puedo seguir, la tarjeta que me pedis no coincide con ninguna de las mias... LLevo desde ayer asi...","2103642,2103643",2103639.0
571798,254184,Sun Dec 03 13:15:24 +0000 2017,"@AmazonHelp Ok there is a problem,my WiFi is perfectly working and when I try to access Amazon from wifi it doesn't work,I get the error as shown in the screenshot.When I use my cellular date it works!!",571800,571796.0
529128,242302,Sat Dec 02 09:12:14 +0000 2017,@AmazonHelp And since AMZL is the carrier - and have been in just about all my cases of delayed delivery and lost packages - there is no one to blame but Amazon for the issue.,,529126.0
1715324,373962,Tue Nov 07 03:42:04 +0000 2017,@AmazonHelp I thought amazon always had customer first policy but ur call representative denying any help for me .,,1715322.0
2507126,714818,Sun Nov 26 19:39:48 +0000 2017,"@AmazonHelp I have contacted Amazon several times over the phone and chat, repeatedly refusing to reimburse me.",,2507125.0
986868,353862,Sun Oct 22 15:26:25 +0000 2017,@AmazonHelp I have yes. Two of your customer service advisors have also tried to do the same thing on the phone,986869,986867.0
666145,278698,Thu Nov 23 02:44:42 +0000 2017,@AmazonHelp Still there. Wife has it too,666144,666146.0
606077,264046,Wed Nov 22 11:47:46 +0000 2017,"@AmazonHelp If I order 🍕, Paid or not, they call or knock!! Did your driver  think this was a “prank”?? Kids playing on the app?? #livid",,606075.0
977791,345560,Mon Oct 23 07:31:48 +0000 2017,"@AmazonHelp when you will get update? 24  hrs passed still you didn't get update.
How much more time do you need get my issue solved.",977792,973635.0
1319843,428193,Fri Oct 27 08:42:52 +0000 2017,"@AmazonHelp
I nvr had a chat with Amazon delivery guy and yet it shows that I refused to receive my PREPAID order of OnePlus 3T, explain😤😡 https://t.co/PewznCqAnG","1319840,1319844",
83399,134323,Thu Nov 30 17:51:04 +0000 2017,@AmazonHelp Wow could you guys suck anymore you disconnected my chat window when trying to get this resolved,83400,83398.0
2355273,680446,Tue Nov 14 00:54:55 +0000 2017,@AmazonHelp Provided already plz check,2355274,2355272.0
317731,191830,Sat Oct 07 09:36:56 +0000 2017,@AmazonHelp ...lost in transit. Other people’s item left here without them not knowing where the items were. Complaints ignored. The list is long (2/2),317733,317729.0
1081775,375177,Sun Oct 15 02:48:49 +0000 2017,"@AmazonHelp No.
All they did was transfer me back to an Amazon rep, and then them to audible.
Now they're doing it on web chat.
I've been waiting 10+ mi",,1081774.0
2718013,163159,Mon Nov 20 08:01:09 +0000 2017,@AmazonHelp Osea entonces da igual de donde sea el producto por ejemplo si es japon se podra en oferta no?,2718015,2718012.0
722914,183299,Thu Oct 12 08:37:02 +0000 2017,@AmazonHelp Hope you will be able to get the job done this time after 3 cancellations from your end. :),722915,722913.0
111813,140835,Thu Nov 23 23:28:40 +0000 2017,"@AmazonHelp So if a mistake is made, it’s fair for your customers to not be able to correct it?",,111811.0
93553,136274,Thu Nov 30 16:53:12 +0000 2017,"@AmazonHelp Not anymore, I canceled the item that was going to arrive after the cutoff.",,93551.0
111802,140832,Thu Nov 23 20:38:13 +0000 2017,@AmazonHelp 24-48hrs i have been waiting a month for a working monitor im not upset just by this refund its how i have been trying to get a working monitor and the last two i got sent were defective.,111805,111801.0
2474925,707554,Fri Nov 17 07:57:51 +0000 2017,"@532548 @133260 @AmazonHelp @707551 @116928 @4496 Que @4496 ha cambiado algo es obvio. Ahora @4496 me está enviando un email con el número de envío en cada pedido nada más recoger el paquete de @116928, cuando antes raramente lo hacía.

Por cierto, tercer paquete devuelto por @4496 en una semana.",2474928,2474924.0
456520,223410,Fri Dec 01 00:24:26 +0000 2017,"@AmazonHelp Yeah, I can’t really do much about that now",,456519.0
549973,248089,Sat Dec 02 18:34:16 +0000 2017,@AmazonHelp I think it’s really unfair that I am just left with an Amazon paper weight,,549971.0
2192437,641721,Thu Nov 09 20:49:06 +0000 2017,@AmazonHelp Quand on parle du loup ! https://t.co/FKAbhhEoUU,,2192436.0
1253881,414123,Tue Oct 17 03:28:55 +0000 2017,@AmazonHelp はい！ありがとうございます🙇,1253882,1253880.0
126115,144294,Wed Nov 22 04:50:04 +0000 2017,"@AmazonHelp  Amazon whats going on! U have taken money form me but not reflecting in my pay balance, is 12 days too little to resolve the issue??",126114,
115205,141617,Thu Nov 23 21:00:27 +0000 2017,@AmazonHelp No delivery 😟 I’ve sent a direct message,,115204.0
1507950,201311,Fri Nov 03 14:02:10 +0000 2017,@AmazonHelp Yes. It passed. I returned the item for full refund. why do preorders never arrive on time with you guys? Seeing it all the time in groups.,,1507949.0
1421977,450495,Thu Nov 02 10:55:54 +0000 2017,"@450494 @AmazonHelp すご対応ですにゃー。
ツイートに反応するのかにゃ。","1421980,1421981",1421974.0
968684,349942,Sat Oct 14 07:06:51 +0000 2017,"@AmazonHelp But now That link shows my latest order, inTransit. I am reminding you of earlier order of Jio recharge,which has no path to comment on that",,968681.0
1939067,576802,Wed Oct 18 16:12:39 +0000 2017,"@AmazonHelp I have spoken with your CS team and honestly, have been less than helpful, can’t give any indication!",1939069,1939066.0
2720488,763360,Mon Nov 27 18:59:34 +0000 2017,@AmazonHelp All sorted now and refunded to my account :),2720490,2720486.0
321392,192571,Sat Oct 07 13:21:33 +0000 2017,@AmazonHelp Shipment 1 of 2 arriving Friday 10/6 shipment 2 of 2 arriving Thursday 10/5 is what the initial email stated,,321391.0
1783484,535857,Tue Oct 17 23:28:21 +0000 2017,@115850 @118702 Your cust srvc tells me that there is no cash back offer on my order. They called me a liar. Order number: 171-5714352-0245145 @AmazonHelp,"1786537,1786538,1786539",1783483.0
1476897,462913,Thu Nov 02 22:49:29 +0000 2017,@AmazonHelp Watched one of your delivery staff refuse to deliver to my building because they didn't feel like using our locker system. Help?,1476896,
314748,191153,Sat Oct 07 12:44:56 +0000 2017,"@AmazonHelp I don't have a fax! But this is not normal, i am an Amazon customer since many years! Also a prime member...",314749,314747.0
1772687,532784,Wed Nov 08 02:00:42 +0000 2017,@AmazonHelp u charged me twice for the same thing shall i sue?,1772686,
451861,222172,Thu Nov 30 22:30:16 +0000 2017,@AmazonHelp Checking every day! 😠,,451860.0
62302,130272,Sun Nov 26 01:05:40 +0000 2017,@AmazonHelp DAMN IPHONE WITH THE BROKEN I,,62301.0
2741820,768041,Mon Nov 20 18:10:07 +0000 2017,"@AmazonHelp Oui après 25 min d’attente oui, le problème c’est pas @120533 c’est tout simplement les employés qui font aucun effort",2741819,2741821.0
468869,226637,Fri Dec 01 10:58:09 +0000 2017,@AmazonHelp Please can you contact me about this? Your app now isn’t authenticating me following a password change.,468871,468867.0
205688,164738,Tue Sep 26 01:26:19 +0000 2017,@AmazonHelp There is no option in the app to create speaker groups... Help appreciated! https://t.co/W5C6oNoiC0,205690,205687.0
1582595,454720,Tue Oct 17 07:30:47 +0000 2017,Bonjour @AmazonHelp Pouvez vous me dire s'il est possible de ne plus être livré par Amazon Logistic ? Je ne suis jamais livré avec ce transp,1582590,
492155,232303,Fri Dec 01 17:06:12 +0000 2017,"@AmazonHelp La semana pasada @80 dijo en un paquete que no era vuestro por TRES dias que no estabamos, (y es una oficina SI estabamos) hoy el mensajero ha venido y no tiene los paquetes luego su sistema nos declarara ""ausentes"" pondre pantallazo https://t.co/HzfOK0zbNx",492200,492154.0
359749,201206,Sun Oct 08 18:43:29 +0000 2017,@AmazonHelp ...and then when i explained this to your customer services I got an email saying I haven’t actually been re-charged yet...,,359747.0
1221856,406706,Wed Oct 25 15:51:29 +0000 2017,@AmazonHelp A coleção do Rodrigo de Oliveira.,1221857,1221855.0
27874,122101,Thu Nov 02 05:20:52 +0000 2017,@AmazonHelp I have shared all details. Please do refund my money.,,27873.0
1349279,195049,Mon Oct 16 13:28:36 +0000 2017,"@AmazonHelp @115850 my order was supposed to get delivered today,hv bn trying to reach customer care since morning.order status is delayed",1349277,
1503878,469058,Fri Nov 03 16:06:41 +0000 2017,i &lt;3 u @115821 &amp; @AmazonHelp,1503877,
377980,205686,Thu Sep 28 12:14:34 +0000 2017,"@AmazonHelp 問い合わせしてみました！！
返事を待ちたいと思います(T_T)",377979,377981.0
1497318,467643,Fri Nov 03 14:17:32 +0000 2017,@AmazonHelp Thank you. I have contacted and I will be receiving a replacement next week as this one was all smashed.,1497320,1497317.0
764181,302629,Wed Oct 11 21:40:24 +0000 2017,@AmazonHelp It says shipped with EMS? Is that what you are looking for?,"764183,764184",764180.0
1723389,197814,Wed Nov 08 08:49:23 +0000 2017,"@AmazonHelp I ordered a NEW HP Notebook which was sold by third party seller &amp; fulfilled by Amazon.

After receiving the order, I found the product in below condition:
* Incomplete Order
* Scratches
* Out of warranty (confirmed by HP)
* Refurbished laptop (as against website ADVERTISEMENT)","1723390,1723391",1723388.0
2701990,758973,Sun Nov 19 21:31:35 +0000 2017,"@AmazonHelp I just want to know what the order requirements are for the promotional code PANTRY5. Chat had no answers and just wanted to have someone call me. No thanks, that’s why I’m ordering online, don’t want to talk to someone.",2701992,2701989.0
679048,282028,Thu Nov 23 07:33:41 +0000 2017,@AmazonHelp hola! Estará Mr. Robot en el catálogo de Prime Vídeo España? En la publicidad de Instagram aparece un trozo https://t.co/3lIJ65uzmc,679047,
1669419,508305,Mon Nov 06 13:57:29 +0000 2017,"@AmazonHelp No she can't. But there is nothing I could do. I've accessed the show through every means, the play button had simply vanished.",,1669418.0
819523,315214,Thu Oct 12 21:10:52 +0000 2017,@AmazonHelp will the special italian edition of Dua Lipa’s album be a digipack or hard case ?,819520,
279443,182606,Thu Oct 12 14:35:08 +0000 2017,@182607 @AmazonHelp @115850 Will do thanks,279444,279423.0
780589,306377,Thu Oct 12 06:03:52 +0000 2017,"@AmazonHelp Hi :D I can't log onto my account, it site gives me this message. But I didn't receive any instructions in my email. :( halp pls https://t.co/BRmg1rsP8P",780587,780597.0
2393577,689153,Tue Nov 14 11:00:56 +0000 2017,@AmazonHelp .please help.....i am unable to contact customer care as i have some problem with my address...but all contact numbers are misleading,2393576,
1125039,385281,Mon Nov 27 12:50:51 +0000 2017,"@AmazonHelp Hello again, I spoke to royal mail and they said can only deliver mail as addressed and it will be sent back to sender after 18 days if it's not successfully delivered. They advised me to contact you about it?",1125040,1125038.0
1723817,521422,Tue Nov 07 13:16:01 +0000 2017,"@AmazonHelp So you're Zero help as well then, what a joke, spent way to much of my day trying to navigate this ridiculous system!!!",,1723816.0
1451527,456836,Thu Nov 02 18:33:38 +0000 2017,@AmazonHelp Yes the shoes were wet and smelled of mold.  I have already returned it.  Just thought this level of bad needed to be pointed out.,,1451525.0
136857,146869,Fri Nov 24 10:52:26 +0000 2017,@AmazonHelp Tried on another browser and got through! Thanks for your help #happycustomers,136858,136856.0
2290529,665348,Mon Nov 13 14:20:50 +0000 2017,"@AmazonHelp yes
but no satisfactory resolution
hate your customer service",2290530,2290528.0
2378115,685838,Tue Nov 14 03:35:09 +0000 2017,@186343 @AmazonHelp Amazon did the same thing. I had to hit em up to get them to resend,,2378113.0
2170924,636801,Fri Nov 17 21:39:17 +0000 2017,@AmazonHelp También intente on otra de Banamex y sucede lo mismo,,2170922.0
1038875,365802,Sat Oct 14 19:17:56 +0000 2017,@AmazonHelp I purchased Nokia 6 on 23 September but I received damaged item hence I returned it since flash sale is going on hence no replace option,1038877,1038874.0
861210,190745,Sat Oct 21 02:02:33 +0000 2017,@AmazonHelp Allraddy send email not answer,,861208.0
176494,148235,Sat Nov 25 00:09:57 +0000 2017,@AmazonHelp  still doing nothing huh?  So Amazingly Amazonian of you guys.  USELESS,176493,
2200689,199385,Sun Nov 26 14:15:19 +0000 2017,@AmazonHelp Have no other browser at hand. You do have a bug in the JavaScript though. I'll try the app maybe.,"2200688,2200690",2200691.0
239451,172892,Sat Nov 25 02:40:41 +0000 2017,"@AmazonHelp This doesn't give access to the lightning deals, just the deals that are all day!  Please demo what you are suggesting as a solution before responding.  That still doesn't work.",239453,239450.0
1111352,382306,Tue Oct 24 04:15:27 +0000 2017,@AmazonHelp I am in night shift can  u call me after 4:pm IST I have whole call recording and I can it is still paining,1111354,1111351.0
379404,206022,Mon Oct 09 08:39:43 +0000 2017,@AmazonHelp But what abt my offer and why should i pay more for your mistake @115850,"379405,379406",379403.0
598047,153423,Sun Dec 03 20:55:56 +0000 2017,"@AmazonHelp Geschenkpapiet sind 2, 51€
Außerdem hatte ich schon vor der Einstellung als Geschenk Versandkosten https://t.co/c7zUyky6Rk",598048,598046.0
1259913,134611,Thu Oct 26 09:53:49 +0000 2017,@AmazonHelp Sent a msg 2 help pge. Bought thermistor cartridge for my 3d printer it arrived damaged were glue was dried out. Trying to get another asap,1259915,1259912.0
2355229,680438,Mon Nov 13 19:04:36 +0000 2017,@AmazonHelp hey what's up with my order? https://t.co/GtcoMhahDp,2355228,
226072,169976,Thu Oct 05 07:40:44 +0000 2017,"@AmazonHelp No, aún no, todavía sigo en proceso de despertar. Anoche me acosté tarde 😂",226073,226071.0
1029003,363471,Mon Oct 23 04:02:04 +0000 2017,@AmazonHelp I'm just getting worried since I need the stuff in there tonight. &gt;&lt;,,1029002.0
1188200,399418,Sun Oct 15 21:35:25 +0000 2017,"@AmazonHelp @232617 For future ref: rather than leaving people in the dark, an explanation to such delivery failures wld go some way towards ""customer recovery""",,1188199.0
1840781,551663,Wed Oct 18 07:04:27 +0000 2017,@AmazonHelp Thanks I’ll do this later,,1840780.0
408793,212131,Mon Oct 09 22:51:04 +0000 2017,@AmazonHelp Thank you,,408790.0
508082,236659,Fri Dec 01 22:15:53 +0000 2017,"@AmazonHelp Would have sent back but needed for tonight, for 1st December Christmas party",,508079.0
1922902,351898,Wed Oct 18 15:53:13 +0000 2017,"@AmazonHelp Just done that - FYI though, I have also sent a complaint yesterday and another today as the respondent didn’t resolve the issue 😫",,1922901.0
1265308,415769,Mon Oct 16 07:16:24 +0000 2017,@AmazonHelp Any update . Please note that I already called Amazon thrice from last several days. Nothing helped.,1265309,1262844.0
168026,155087,Fri Nov 24 20:51:38 +0000 2017,"@AmazonHelp Well I mean it said it was gonna come today and it ain’t here, now it says Monday 🤔🤔",,168025.0
1116514,383454,Tue Oct 24 04:34:50 +0000 2017,@AmazonHelp  https://t.co/8qk6fSgV8H,,1116512.0
1536928,476318,Sat Nov 04 00:52:05 +0000 2017,"@AmazonHelp まさかリプライが来るとは思わず…(  ᷇࿀ ᷆ )
これからもAmazonにお世話になります(◜௰◝)",1536927,1536929.0
1399348,445383,Sat Oct 28 16:23:25 +0000 2017,"Well, just got off the phone with @AmazonHelp because someone hacked my Amazon account and has been using my Prime.",1399347,
180686,158472,Wed Oct 04 12:08:59 +0000 2017,@AmazonHelp Yes I did .,180684,180687.0
507074,236391,Fri Dec 01 21:55:04 +0000 2017,"@AmazonHelp I think I find the place where I can migrate the account (I didn't know about this feature, since with a browser I can see my German Prime Videos catalog)",,507073.0
530792,242939,Sat Dec 02 10:08:35 +0000 2017,@AmazonHelp Finally we received delivery last night - ironically shortly after tweeting. So at least my son got a gift before going to bed on his birthday. Very disappointing experience - Amazon you made us feel you were too big to care. #toobigtocare,530791,530793.0
1526877,322315,Fri Nov 03 19:49:35 +0000 2017,@AmazonHelp how do I cancel Amazon prime??,"1526878,1526876",
2710846,761156,Mon Nov 20 02:00:33 +0000 2017,@AmazonHelp Can you please verify order #205-0338684-4594711 or cancel it? Thanks,2710844,
2508068,715033,Wed Nov 15 23:10:24 +0000 2017,"@AmazonHelp I appreciate the help, but either way it would make me wait again for I don't know how long, and now that I have the book I just want to keep it . But it's still very saddening to know how it arrived. Thank you for the help though.",2508069,2508067.0
128776,144968,Fri Nov 24 05:48:40 +0000 2017,@AmazonHelp I have already replied many times they are not giving right feedback. @115850 all ready wated my time as well as money wrost service plz return my money,128777,128775.0
991968,354975,Sun Oct 15 07:46:17 +0000 2017,@AmazonHelp When is my product going to pickup,991969,991964.0
427344,216557,Wed Oct 11 12:13:31 +0000 2017,@AmazonHelp Nothing change since  yesterday,,427343.0
321974,192711,Mon Oct 23 07:42:03 +0000 2017,@AmazonHelp Replied to that mail.,321975,321972.0
2273860,642794,Sat Nov 11 14:10:30 +0000 2017,"@AmazonHelp I still receive the message ""orde4 cancelled"".. 10 times... I call in my bank and ""is everything ok with your card. Talk to Amazon to discover what is happening"". Im going to US today and still for some days. I dont have more much time to buy!",2273862,2273859.0
1137750,387988,Tue Oct 24 16:35:13 +0000 2017,"@236292 @AmazonHelp Hi. This DVD is the English audio of the film, NOT the Norwegian version. There are no subtitles at all. The information on Amazon is wrong.",,1137749.0
404053,211638,Sun Oct 01 13:43:11 +0000 2017,@AmazonHelp how many business days before a canceled order is refunded?,404052,
1885991,562531,Wed Oct 18 11:38:05 +0000 2017,@AmazonHelp @562530 Has it been dispatched? Changes things slightly,1885992,1885990.0
917956,327457,Sat Nov 25 16:48:17 +0000 2017,"@AmazonHelp Yes, it asked me to contact them from the e-mail address I told them I couldn't access anymore.",917957,917955.0
1024214,362387,Sun Oct 15 10:09:10 +0000 2017,@AmazonHelp The customer representative assured me of replacement but they refunded the balance for the product which I bought in an offer #fake,"1024215,1024216",1024213.0
549372,247927,Sat Dec 02 20:03:53 +0000 2017,@AmazonHelp Why has my items not come the van drove a minute from my house we watched it on your map now being told to wait till between 3-7 December but on tracking says still out for delivery already missed my dialysis today waiting for this what's going on please.,,549371.0
2061683,609726,Tue Nov 28 03:10:43 +0000 2017,@AmazonHelp Do I get my one plus 5T instead of the one plus 5 sent to me ? @AmazonHelp,2061686,2061682.0
1008496,356584,Sun Oct 22 20:46:47 +0000 2017,@AmazonHelp Ya me llegó por correo el aviso del trámite de reembolso. Quedé decepcionado del servicio.,,1008495.0
1748639,527078,Tue Oct 17 20:29:54 +0000 2017,"@115821 @AmazonHelp You still keep canceling my orders, can you please help",1748638,1748640.0
2490670,711150,Wed Nov 15 17:25:31 +0000 2017,@AmazonHelp What does it cost to use Alexa?,2490671,2490669.0
377737,205635,Mon Oct 09 05:00:25 +0000 2017,"@AmazonHelp Okay, so apparently this was not the only issue with the sound bar, it has also had its optical port ripped out. I'll be returning it.",377739,377735.0
67572,131427,Wed Nov 29 20:56:40 +0000 2017,@AmazonHelp No. One of your other employees has just told me over the phone it will be tomorrow and that it was never going to be today despite another employee sending me an email earlier confirming it will be today. Clearly having a Nominated Day Delivery option is futile.,67571,67573.0
2273901,661395,Sat Nov 11 12:40:34 +0000 2017,"@AmazonHelp Yeah everything is correct on the info, just have to wait and hope they actually ring the bell tomorrow!",,2273900.0
979374,119245,Sun Oct 22 05:42:27 +0000 2017,@AmazonHelp ¡Ya quisiera yo! Las cosas que estoy comprando son para llevar a Puerto Rico post huracán María para mi madre. No hay electricidad. 😭,,979373.0
1582009,468220,Sat Nov 04 20:20:13 +0000 2017,"@AmazonHelp Perdonadme, pero ya estoy harta. 😥","1582013,1582014,1582015",1582008.0
1120383,356983,Sun Oct 15 13:13:07 +0000 2017,@AmazonHelp I was told today.  But I show nothing on tracking except for the diff order.   I have never had issues like this,1120385,1120382.0
779935,306231,Thu Oct 12 09:20:41 +0000 2017,@AmazonHelp @115821 I have shared the details in the link. Hope Amazon looks at this poor service standard,779961,779930.0
1401460,445856,Sat Nov 25 22:24:39 +0000 2017,@AmazonHelp USPS,1401462,1401459.0
942147,343345,Sun Oct 22 18:13:56 +0000 2017,@AmazonHelp Looks like it’s sold by one of your sellers,942148,942146.0
992335,190156,Sun Oct 22 15:58:49 +0000 2017,@AmazonHelp Thank you. I filled it out.,,992334.0
19427,120315,Wed Nov 01 06:46:44 +0000 2017,@AmazonHelp No use from your link or Amazon app support call or chat. Please see the order details.just telling us to wait.Not updating the status also. https://t.co/Uwp0eOu6Ia,"19429,19430,19431",19426.0
184870,159475,Wed Nov 15 05:28:11 +0000 2017,"@AmazonHelp @159474 It's the new ""have you tried turning it off and then on again"" version of computer help.",184873,184869.0
447192,138646,Thu Nov 30 18:07:42 +0000 2017,"@AmazonHelp why have most of the orders I’ve placed through prime, with prime items alaeays take more than 2 days. Prime is suppose to be 2 day shipping but most orders is 4 days. What’s the point of prime if this keeps happening?",447191,
1287021,406984,Fri Oct 27 05:30:20 +0000 2017,@AmazonHelp checked a lot of other online shopping sites n all have it for 650 rupees only @115850 is the only site that’s selling it for 2k to 5k,,1287018.0
1507935,242923,Fri Nov 03 14:01:38 +0000 2017,@AmazonHelp But on opening the same link I see that prder total is Rs. 927 only. I find a grave error. Plus the ordered goods mismatch. 2/2 Sort it pls,1507937,1507933.0
2670699,752089,Sun Nov 19 12:10:04 +0000 2017,@AmazonHelp リプありがとうございます😭プライム会員はどのようにすればなれますか？？,2670698,2670700.0
814885,314063,Thu Oct 12 20:20:27 +0000 2017,"@AmazonHelp Amazon states at checkout, delivery to post office or my local locker called 'Bob' is not possible, nothing to do with Royal Mail.",814887,814884.0
1604949,384337,Sun Nov 05 08:56:12 +0000 2017,@AmazonHelp @115850  can you arrange the delivery today? Order# 171-0925186-6037100,"1604948,1604950",
105237,139240,Thu Nov 30 18:26:05 +0000 2017,@AmazonHelp Sorted cancelled account and prime membership EVENTUALLY after 3 calls and 1hr 15mins,,105236.0
596759,261462,Sun Dec 03 20:05:52 +0000 2017,"@AmazonHelp It says it was delivered, but wasn't in my mailroom.",596760,596758.0
2468703,706274,Tue Nov 21 15:19:14 +0000 2017,"@AmazonHelp True, but not the balance and that is a problem.",,2468701.0
179190,158243,Wed Oct 04 09:04:23 +0000 2017,@158244 @123583 @AmazonHelp Sadly I’ve tried that a few times already. Checked website and through mobile app too. Thanks for the suggestion :) Much appreciated,179189,179191.0
509386,237024,Fri Dec 01 22:21:18 +0000 2017,@AmazonHelp You’re missing the point amazon. Delays are not rare. This happens EVERY time now. Prime is a waste of £. Lesson learnt #shoplocal,,509385.0
535005,243936,Sun Dec 03 06:44:09 +0000 2017,@AmazonHelp Ok...so please take your time...I give up here on any more follow up...I have been asking that whether it will delivered today ...half day is gone and I don't have even answer to my question...but I understood now..no use of any follow up...I give up,535006,535004.0
136970,146893,Fri Nov 24 10:03:49 +0000 2017,@AmazonHelp There is no point in being a prime customer if you can’t guarantee next day delivery at the weekend?!,,136969.0
854484,322937,Tue Oct 24 07:45:20 +0000 2017,@AmazonHelp Getting the same below reply every time . Have been waiting from past 3 weeks to get refund.Worst seller. Regretting to be a prime customer. https://t.co/6RwCI1dE3H,"854485,854486",854483.0
707346,289103,Tue Oct 10 19:52:39 +0000 2017,@AmazonHelp y ver que no se hicieron cargos a mi tarjeta??? saludos y quedo pendiente de ayuda (2/2),707344,707350.0
748727,298986,Wed Oct 11 17:50:38 +0000 2017,@AmazonHelp Thanks for calling to resoling @AmazonHelp,,748726.0
155142,151578,Fri Nov 24 23:12:42 +0000 2017,"@AmazonHelp The problem seems to be that Music is linked to Amazon.in account. I purchased an Echo dot a few weeks ago on the Amazon.in website for my parents but once received, it was set up using a different Amazon account (theirs).",,155140.0
1735438,524014,Tue Oct 17 19:48:36 +0000 2017,@AmazonHelp @17786 Trust this gift needs to be delivered. Assist to route to stop RTS and arrange for delivering this shipment.,"1735440,1735441",1735429.0
2528295,718362,Thu Nov 16 01:14:00 +0000 2017,"@AmazonHelp Hey, eine frage, habe etwas bestellt und in der Historie steht ""Zustellung morgen"". Aktualisiert sich das immer um 0 uhr? Oder kann es auch sein das es heute, also quasi am 16.11. schon ankommt? mfg",2528294,
1171344,235040,Wed Oct 25 02:45:09 +0000 2017,@395486 @AmazonHelp @115821 Canada Post can get it there in 2 days if Amazon actually send it,,1171341.0
2294590,666295,Sun Nov 12 00:10:50 +0000 2017,@AmazonHelp see https://t.co/hk3rnefh2Y,2294592,2294589.0
918903,338137,Sat Oct 21 10:32:15 +0000 2017,"@AmazonHelp need to complain to UK based office, and start filing for compensation: 8 months waiting for a refund on malfunctioning printer",918901,
2226794,649988,Fri Nov 17 12:17:50 +0000 2017,@AmazonHelp UK,2226795,2226793.0
1302281,424341,Fri Oct 27 00:48:53 +0000 2017,@AmazonHelp Its literally not available as an option to watch on the app. Ive added it to my watchlist and still not on the roku-amazon app,,1302279.0
752908,299949,Wed Oct 11 17:36:57 +0000 2017,"@AmazonHelp Até gostaria, mas não tenho toda essa 💵💵💵💵",,752907.0
1568114,483864,Sat Nov 04 16:40:41 +0000 2017,"@AmazonHelp I usually use Amazon for most of my Christmas shopping as it’s always been reliable, but I don’t know if I will this year.",1568121,1568113.0
588767,259146,Sun Dec 03 16:08:21 +0000 2017,"#amzl_us @115821 @AmazonHelp Delivery said ""Left in a secure location"" however at 10:45 at night there is no ""secure location"" and we have looked everywhere and check with neighbors for the package. Most likely it was left on the road like last time and someone helped themselves. https://t.co/19JA5fWXB7",588766,
1665983,507564,Tue Oct 17 15:30:39 +0000 2017,"@AmazonHelp Good to know. Having to call support and routed to logistics every 2 weeks. Get more from Logistics than UPS now, but too many problems.",1665985,1665982.0
379459,183541,Mon Oct 09 07:43:06 +0000 2017,@AmazonHelp  https://t.co/amaPVSfL3Y,"379461,379462",379458.0
607313,264326,Wed Nov 22 11:35:21 +0000 2017,@AmazonHelp I want to lodge a formal complaint about this man IMEDIATELY. Very rude and aggressive. Answered door via my ring doorbell. Demanded I come and get parcel. Refused to leave in shed. Then stormed off when I asked name. I have full video. https://t.co/7gOsfg1UAP,"607312,607314",
570798,254045,Sun Dec 03 06:03:34 +0000 2017,@AmazonHelp Yeah. I have sent. Please check,570800,570797.0
1581382,486823,Sat Nov 04 20:06:32 +0000 2017,@AmazonHelp Thanks. Trying that right now,1581383,1581380.0
1591038,489141,Sat Sep 02 15:49:01 +0000 2017,@AmazonHelp It says arriving today but been told it's not coming today. Royal Mail but they have no record of the parcel.I want it cancelled immediately,1591040,1591037.0
224229,169577,Thu Oct 05 05:53:47 +0000 2017,"@AmazonHelp Just call me on 9166967022..
else I have to inform other authority regarding this !",224230,224227.0
1637231,500582,Sun Nov 05 21:51:19 +0000 2017,"@AmazonHelp Why is it that for the last two months, every order has had an issue. Failed promises is the norm with Amazon prime. Quick to apologies but never really dealing with the issue at hand.",,1637230.0
863828,325142,Fri Oct 20 17:40:59 +0000 2017,"@AmazonHelp Die Sendung, die übrigens für heute garantiert war, steht aber leider nicht in Zustellung",863830,863827.0
1438607,453866,Thu Nov 02 10:59:06 +0000 2017,"@AmazonHelp your call center is always busy,  so plz change/return my product asap...",1438609,1438606.0
1435751,452862,Thu Nov 02 13:46:33 +0000 2017,"@AmazonHelp Which was missing 3 items. Called cs and was told that the driver with the other items would come back with them. 1.5h later, I called, and","1435750,1435752",1433599.0
2337983,676385,Fri Oct 20 05:52:58 +0000 2017,@AmazonHelp Voici le numéro de suivi : 5__credit_card__,,2337981.0
397402,210098,Tue Nov 28 14:26:21 +0000 2017,@AmazonHelp @115851 #Day57 #COMPLAINT Unresolved #Amazon #fraud by delivery man #ecommerce #badservice by @115821,397403,397401.0
1567470,483723,Sat Nov 04 17:01:31 +0000 2017,"@AmazonHelp Ok, I've figured out part of it. Now she has something ordered twice from last month and it says ""closed due to lack of payment"" what shall",,1567468.0
2043380,604264,Thu Oct 19 00:00:13 +0000 2017,"@AmazonHelp No you didn’t, you told me there was nothing you could do without an ID with current address or my old phone #.",,2043379.0
367414,203037,Mon Oct 09 11:03:53 +0000 2017,@AmazonHelp No that's the problem. Surely you have this information? Why are you asking me questions about why Amazon has failed? You have my order no.,367420,367411.0
2278519,403125,Fri Oct 20 03:45:39 +0000 2017,"@AmazonHelp You should make policies to help customer, not to haraas them.. @115850 @115821","2278520,2278521",2278517.0
2667973,751541,Sun Nov 19 10:53:48 +0000 2017,@AmazonHelp https://t.co/vJlqjUYbUa,2667974,2667972.0
656072,276075,Wed Nov 22 22:41:37 +0000 2017,"@AmazonHelp ordered some instax film, which leaked.  Was at a wedding on a job, so had to throw it away.  Would still like a replacement or a refund please.  Please advise.  Photos attached for you. https://t.co/8O7qjfgSaY",656071,
1222998,406982,Mon Nov 06 06:01:23 +0000 2017,@AmazonHelp Update please,1222999,1222997.0
400291,195144,Thu Oct 12 15:55:03 +0000 2017,@AmazonHelp What email none of them called... I dnt know why u guys do claim of good service,400292,400290.0
384754,183446,Mon Oct 09 12:12:01 +0000 2017,"@AmazonHelp At first they said a replacement package had been handed over to Yodel,now it's being processed and waiting for the return package.",384755,384753.0
1956015,576781,Wed Oct 18 15:10:45 +0000 2017,@AmazonHelp @115850 why everytime you guys give fake updates. your gandhinagar team sucks. fake guys liars and false commitments https://t.co/McRTdFMAgD,1956011,
2469408,706421,Wed Nov 15 10:33:54 +0000 2017,"@AmazonHelp All reported, waiting on refund but just want goods which I’ll have to get elsewhere. Always issues with man &amp; van deliveries, different drivers every time, don’t know the area, sometimes deliver to random address or mark as ‘handed to resident’ and the parcel never turns up.",2469406,2469418.0
1489774,284228,Fri Nov 03 11:46:34 +0000 2017,@AmazonHelp This morning U ad my item for dispatch. Now u not got it n gotta w8. This is not prime service!,1489775,1489773.0
970633,350314,Sun Oct 22 07:40:13 +0000 2017,@AmazonHelp No problem. Do you think this Is something that is likely to happen moving forward? Thanks,970635,970632.0
1014748,360103,Tue Oct 24 16:12:03 +0000 2017,@AmazonHelp Hopeless,,1014746.0
2515917,716705,Wed Nov 15 23:14:40 +0000 2017,"@AmazonHelp My last 3 Prime orders have all had problems, including being lost, unexpectedly cancelled &amp; just not being delivered due to stock changes which were never communicated. Tried support chat. Changed person 3 times mid-chat. Might not renew Prime next time.",2515916,
1124995,385271,Sat Nov 25 18:41:13 +0000 2017,"@AmazonHelp Bonsoir, oui effectivement, une commande de 4 articles, dont 2 livrés par Colis Privé. Seuls ces deux colis ne sont pas arrivés, et ont été renvoyés à l’expéditeur... Commande n° 171-9675591-6903551",1124997,1124994.0
823576,259388,Thu Oct 12 23:37:47 +0000 2017,"@AmazonHelp It’s in transit, says it’s coming Monday. I was only told my payment didnt go through on the sunday before the book was to come out though?",823574,823579.0
395469,209605,Mon Oct 09 19:19:25 +0000 2017,@AmazonHelp Ive been offered a refund but I don’t want a refund. i want the product I paid for replaced at the PRICE I paid for.,395471,395468.0
1553235,480562,Sat Nov 04 11:18:30 +0000 2017,"@AmazonHelp para este pedido ya no puedo hacer nada, pero ya he guardado la dirección en mis direcciones para la próxima.",1553237,1553234.0
780628,305813,Thu Oct 12 05:58:09 +0000 2017,"@AmazonHelp das ist eigentlich der 3l Preis, in der Beschreibung steht auch 3l nur oben 0,7l. https://t.co/Cfbvy6FrZ2",780626,
838585,307715,Fri Oct 13 11:23:21 +0000 2017,@AmazonHelp None just that it would be despatched ‘soon’,838586,838584.0
2704138,143578,Tue Nov 21 16:30:31 +0000 2017,"@754800 @AmazonHelp Justo así paso, me dijeron ayer de nuevo que fue culpa del repartidor por q no esta marcando y q es un problema con el en especifico",,2704136.0
1443291,176386,Thu Nov 02 12:51:46 +0000 2017,Can you help me over this @AmazonHelp . Hyped up for my @121284's Echo. https://t.co/61h5jGhBCX,1443290,
929613,190141,Fri Oct 13 21:44:42 +0000 2017,"@AmazonHelp I need assistance in tracking down and order that says delivered, but I never received.",929612,
1493690,248216,Fri Nov 03 10:52:02 +0000 2017,Friday! good news: people I know landing new roles! Making the @AmazonHelp lady laugh when she reads back “my remote hates me” email query 😉,1493688,
2558506,726322,Thu Nov 16 18:04:37 +0000 2017,@AmazonHelp Shared with you on link and shall I tag my friends. They all have experienced online shopping?,2558507,2558505.0
594507,260845,Sun Dec 03 18:17:12 +0000 2017,Hey @115821 @AmazonHelp   Competely ridiculous delivery from your shipping company at 8:45 pm. Package left in my front yard. Found this morning. I have a lit porch and sidewalk. Stop using AMZL US for my orders.  They are incompetent. https://t.co/gVvKhDMat4,594506,
2588266,733285,Mon Oct 30 19:23:13 +0000 2017,@AmazonHelp Okay,,2588263.0
793887,309023,Fri Oct 13 19:08:31 +0000 2017,@AmazonHelp All the customer care executive force to cancel the order and in the same i have to bear almost 3000Rs loss... amazon is the waste of time,793888,793884.0
167921,155062,Sat Nov 25 00:18:17 +0000 2017,@AmazonHelp Mil gracias,,167920.0
1406091,373357,Mon Nov 13 06:19:57 +0000 2017,@AmazonHelp can you please add pincode - 421003 for Amazon pantry delivery....there is some problem in Ulhasnagar for pin code 421003...can you please check,1406090,
2488978,710775,Sun Nov 26 22:33:04 +0000 2017,@AmazonHelp I have figured out that I need a Fire TV adapter which I have ordered.,,2488976.0
2104915,136727,Wed Nov 08 17:01:07 +0000 2017,@AmazonHelp Ok merci.,"2104916,2104917",2104914.0
531618,208727,Sat Dec 02 16:47:12 +0000 2017,@AmazonHelp @243150 Grammar police 🚨 here. Think you'll find you are doing the delivering or is the Brexit version of parcel delivering?,,531617.0
2424657,696281,Tue Nov 14 18:40:11 +0000 2017,"@AmazonHelp for 2 days in a row you have tried to deliver my package to my business address in the evening and report you where unable to deliver!! Do you not plan for things going to business addresses on the delivery route, will it get delivered in office hours tomorrow?",2424656,
375845,205134,Mon Oct 09 03:00:07 +0000 2017,"@AmazonHelp O livro é perfeito, muito bacana também para quem gosta ou tem curiosidade pela cultura japonesa. O filme não foi uma adaptação boa.",,375844.0
1694406,303759,Tue Oct 17 17:29:50 +0000 2017,@342056 @AmazonHelp @494422 Don’t preorder anything from them. They don’t care if they can fulfill. Another snesclassic delay today. It’s been a month since release!,,1694404.0
577101,255824,Sun Dec 03 09:26:25 +0000 2017,@AmazonHelp 😂😂😂 thanks,577103,577100.0
248132,174951,Thu Oct 05 19:21:45 +0000 2017,"@AmazonHelp Hola, 2º envío con @116928 PRIME, que GARANTIZA entrega en el día, y 2º retraso de @135806 Es inadmisible. 100% de retrasos. 1/2",248133,248131.0
1632468,324180,Mon Nov 06 16:57:28 +0000 2017,"@AmazonHelp Yes none of my neighbors have it, ive been waiting for 2 days so much for having prime😞!!!!",1632469,1632467.0
280620,182854,Fri Oct 06 11:38:52 +0000 2017,@AmazonHelp ¿Cómo hago ese contacto para atención diferenciada?,,280616.0
1950235,579270,Wed Oct 18 21:40:49 +0000 2017,@AmazonHelp todo correcto,1950237,1950234.0
627843,268695,Mon Nov 20 04:58:32 +0000 2017,"@AmazonHelp If I buy the Echo in India and then get transferred overseas, can I take it with me?",627842,627844.0
779582,306174,Thu Oct 12 17:30:13 +0000 2017,@AmazonHelp It's been 12 hours. No pickup. No call back. Maybe Amazon doesn't wanna give me a refund. #amazondupe Amazon customer service sucks!,779583,779581.0
1477398,463034,Mon Oct 16 21:10:43 +0000 2017,"@AmazonHelp Yes, shipped on the 3rd of September..",1477400,1477397.0
966510,349378,Sat Oct 14 05:00:39 +0000 2017,"@AmazonHelp ...school bookstore to get it in and they still don’t have it, which is why I finally ordered it from amazon. I had thought there’d be...",,966508.0
1226568,140855,Wed Oct 25 19:28:53 +0000 2017,"@AmazonHelp dos em promoções, então tenho algumas perguntas. Posso ter atendimento com vocês por DM? Vou mandar as mensagens.",1226566,1226569.0
1809939,524005,Wed Oct 18 01:50:54 +0000 2017,@115850 @115821 @AmazonHelp why this happens when u already out for delivery? Then u r misleading?? https://t.co/Jf4JuhEXCa,"1809938,1809940",
139077,147340,Fri Nov 24 11:54:01 +0000 2017,@AmazonHelp yes yday and tday alsi status is same...,139079,139076.0
1440607,454305,Thu Nov 02 12:17:18 +0000 2017,"@AmazonHelp Hi there thanks for getting back to me, was meant to come today but won't be delivered until the 7th-10th of November it's saying",1440609,1440606.0
2640898,745279,Fri Nov 17 22:19:43 +0000 2017,"@AmazonHelp Como o endereço é de onde trabalho, só vou conseguir confirmar o recebimento ou não segunda-feira. Obrigado.",2640899,2640897.0
508151,176335,Sat Dec 02 11:22:24 +0000 2017,@AmazonHelp They arrived a day later but two of the three books are damaged. They're gifts too :( https://t.co/yeZImzxJ0j,508152,508150.0
849798,321923,Fri Oct 20 14:36:10 +0000 2017,"@AmazonHelp hey, I have paid through cash on delivery and want to return a product. Can I get the refund into my amazon pay balance?",849797,
969200,340467,Sun Oct 22 06:47:33 +0000 2017,@AmazonHelp Je devais absolument la recevoir hier et maintenant je ne sais pas quoi faire pour débloquer le compte,969198,969206.0
1939122,576818,Thu Oct 19 11:20:33 +0000 2017,"@AmazonHelp Je me répète mais on parle d'une commande à presque 900€,un minimum de suivi s'impose.",1939123,1939121.0
590815,259751,Sun Dec 03 17:48:07 +0000 2017,"@AmazonHelp The product wasn't damaged but that's not the point. Your #carriers are more worried about making money than maintaining package integrity. This is the ""update"" on our printer. https://t.co/ZBNlcHGrgZ",590816,590814.0
831780,318094,Sun Oct 15 10:55:53 +0000 2017,@AmazonHelp Then what should I do with that email correspondence. I need that to gift someone but the date has gone and even I don't got the product. These types of activities from your side are just troubling your own customers. I have no words to say after this act. Never recommend Amazon.,831781,831778.0
2291292,665448,Sun Nov 12 10:19:47 +0000 2017,@AmazonHelp I have raised this concern 2 months back by calling your customer care .Not a single kannada video is added. What should I and  other kannada speaking people do with 999 rs prime membership.,2291291,2291293.0
2135674,148218,Wed Nov 15 22:01:18 +0000 2017,@AmazonHelp Your service is getting to be a joke now. I've another package delayed. I didn't kick up a fuss last time but I can't believe twice in a row.,2135675,2135673.0
1725361,495754,Tue Nov 07 04:57:05 +0000 2017,@AmazonHelp That’s great 👍🏽 thanks again!!,1725363,1725360.0
1733102,523482,Tue Nov 07 13:18:38 +0000 2017,@AmazonHelp I complained 5 times and for the same number of times my complain has been escalated to the concerned department.,1733103,1733101.0
1156674,392094,Tue Oct 24 16:15:44 +0000 2017,"@AmazonHelp Es wäre halt schön wenn man das nicht bei jeder 2.-3. Sendung tun müsste, die trotz Prime-Mitgliedschaft unpünktlich ankommt :(",,1156673.0
1266317,416511,Tue Oct 17 06:17:29 +0000 2017,"@AmazonHelp @116439 Hi guys, is there any possibility for the @126235 @143798 #ThursdayNightFootball highlights to be longer than 3m 27s &amp; not end so abruptly?","1266318,1266319",1266316.0
2632975,743432,Fri Nov 17 21:56:31 +0000 2017,@AmazonHelp Atleast I can relay on @Tesco https://t.co/poJoa3gzoo,,2632972.0
1330219,270757,Sat Nov 11 15:15:11 +0000 2017,@AmazonHelp I know twitter is social media platform and so fraud companies come here for advertising and run away when caught. I have given you all my details required &amp; I know why you are trying to take me offline. It is your policy to deal with every customer separately and isolate him.,1330220,1330218.0
280128,182765,Fri Oct 06 10:23:36 +0000 2017,@AmazonHelp Es war eine ganz normale Bestellung mit Prime-Testmitgliedschaft,280129,280127.0
69756,131801,Thu Nov 30 10:03:20 +0000 2017,@AmazonHelp  https://t.co/ayGD2MEsYw,69757,69755.0
856953,323495,Fri Oct 13 13:45:43 +0000 2017,Anyone else getting random $127 charges from @AmazonHelp ?? Come on amazon.  This is unauthorized and im not happy.,856952,
1499860,139580,Fri Nov 03 14:49:38 +0000 2017,@AmazonHelp So it can't be lost or delivered to a neighbour,1499859,1499861.0
1693642,178320,Mon Nov 06 19:04:12 +0000 2017,"@AmazonHelp Si cobráis por mensajeros queremos mensajeros, no papelitos y viajes a la oficina postal (estamos en el siglo XIX?). Creo q es comprensible.",1693641,1693643.0
708548,210676,Wed Oct 11 12:21:12 +0000 2017,@AmazonHelp No. And that’s the annoying thing. Just promises of “it’ll definitely arrive by 9pm” and it doesn’t.,,708547.0
304389,188695,Fri Oct 06 22:55:57 +0000 2017,"@AmazonHelp ALSO what does ""GG"" mean?! Thinkin we playin @125965 out here I'll 1v1 you 👺",,304388.0
812114,313517,Fri Oct 13 12:31:03 +0000 2017,@AmazonHelp Well won't order from your Amazon anymore. Time to go to consumer forum,,812111.0
1668321,508078,Wed Nov 08 21:20:17 +0000 2017,@AmazonHelp Why haven't I gotten my refund for these items? https://t.co/ZwKnOajq3R,1668322,1668312.0
432335,217823,Tue Oct 17 16:01:41 +0000 2017,"@AmazonHelp I’ve filled this and called so many times. How many more times? Had problems with delivery’s for years. No matter what info I provide, same.",,432333.0
1080692,340248,Sun Oct 15 02:05:40 +0000 2017,@AmazonHelp Oh &amp; they said I could keep the items once recieved free of $ which is dumb bc i have no need for them bc I have to buy them @ the store tom,,1080689.0
1083859,375669,Mon Oct 23 17:55:31 +0000 2017,"@AmazonHelp Já fiz esse processo e não obtive sucesso. Não aparece a opção de editar nem alterar. A compra ainda está ""preparando para a remessa""",,1083857.0
182624,158944,Wed Oct 04 17:15:55 +0000 2017,@AmazonHelp hi can you help with firesticks?,182622,
888241,330904,Sat Nov 25 16:12:42 +0000 2017,@AmazonHelp I bought my nephews a toy box and there was no lid I am now returning/replacing. My email says the package will be collected the next working day? Am I expected to wait in all day or will there be further info 😭 https://t.co/uESO7GP510,888239,
1441437,406983,Fri Nov 03 07:46:52 +0000 2017,@AmazonHelp I received refund. Thanks,1441438,1441436.0
1953370,579937,Thu Nov 16 12:27:24 +0000 2017,"@AmazonHelp This is there reply, they arent frozen funds https://t.co/qdVGjHxf5n",,1953369.0
585835,258307,Sun Dec 03 15:17:18 +0000 2017,@AmazonHelp Genau 😉,,585834.0
428276,216864,Tue Oct 10 13:57:31 +0000 2017,"@AmazonHelp No, hace tiempo compre a bellamy de the1pp mismo y son los únicos que tengo de momento hasta que pueda comprar el resto de the100❤😍",428278,428275.0
77460,133254,Thu Nov 30 12:26:15 +0000 2017,@AmazonHelp I go away tomorrow. There was a reason i chose fastsr delivery. Ive had other orders that I made the day after already arrive. And as far as I can discern from the tracking it's just sat in a warehouse or has been in a van for 2 days. For real?,77462,77459.0
2562096,727114,Thu Nov 16 17:28:11 +0000 2017,I made a purchase last week in @115821 of 8 products and only 4 arrived in the box... The tape they used to seal the box is different and does not have logos. @AmazonHelp what I can do? ORDER # 111-1124511-7913803,"2562094,2562098",
1223090,406992,Thu Nov 02 11:37:17 +0000 2017,@AmazonHelp It’s all sorted now - thanks!! I think my internet connection was wonky. Turned iPad to 4G and it downloaded immediately 😊,1223089,1223091.0
1034692,355287,Mon Oct 23 06:35:50 +0000 2017,@AmazonHelp Yes it was of course. Last call yesterday afternoon. Same result: not cancelled not shipped! Is it possible? And the reason?,1034689,1034696.0
2597110,735324,Fri Nov 17 05:50:56 +0000 2017,@AmazonHelp @AmazonHelp it was last sunday 12.11.17,2597111,2597109.0
2316989,671780,Mon Nov 13 07:14:50 +0000 2017,@AmazonHelp Your product delivery date 10 Nov but still not delivered,2316988,2316990.0
356674,200693,Tue Oct 10 09:43:18 +0000 2017,@AmazonHelp @115821 @115851 whrn do u plan to return the stolen money,,356673.0
1406805,446987,Wed Nov 01 22:09:00 +0000 2017,@AmazonHelp The directions on that page don’t make any sense. There is no “File\View Claim” option on any order on the order page.,1406804,1406806.0
1042261,297523,Mon Oct 23 09:51:59 +0000 2017,@AmazonHelp Should I return the item as the MRP is 2000-2500 but you charged appx 4000,1042262,1042260.0
557059,145286,Sat Dec 02 21:10:28 +0000 2017,@AmazonHelp That's correct - am sending email atm. But it's not the first time it's happened.,557058,557060.0
298978,187261,Fri Oct 06 20:19:38 +0000 2017,"@AmazonHelp The email from Amazon tonight says our parcel was signed for by the resident and left in the porch, well that's contradicting itself for a",,298972.0
2329644,622225,Fri Oct 20 00:49:15 +0000 2017,"@AmazonHelp Yes called support, item is out of stock They will offer store credit only. I want to keep the collectors edition. So this left me no option",,2329641.0
2159212,634233,Thu Nov 09 07:23:02 +0000 2017,@AmazonHelp @634232 kindly help me too,,2159211.0
1729689,522758,Tue Nov 07 10:52:54 +0000 2017,"@AmazonHelp Il ne l'est pas. J'ai dû attendre &gt;30 jrs pr faire un voyage, tester en situ le 2 Nov. Délai retour 25/10. A qui demander une exception?",1729688,1729690.0
416987,214484,Tue Oct 10 03:44:14 +0000 2017,@AmazonHelp My order id is : 405-1741943-7937124.. go and check my interaction with customer care,,416986.0
395160,169172,Wed Apr 05 18:03:13 +0000 2017,@AmazonHelp @115830 229th day requesting any kind of response,395161,395159.0
1693710,442894,Wed Nov 08 04:40:35 +0000 2017,@AmazonHelp You sent multiple correspondence and i replied as well but do you know if problem with my Account resolved...i received last call on 6th Nov and executive told me to get back in sometime but no update after that,1693712,1693708.0
341452,197575,Sat Oct 28 07:28:44 +0000 2017,"@AmazonHelp an das Team gegeben werden, die hinter der E-Mail-Adresse erreichbar sein sollten. 😉
Und wenn die Kontaktformularnachricht in Indien ..",1382391,341451.0
434532,218243,Tue Oct 10 16:21:58 +0000 2017,@AmazonHelp I have been calling #AmazonIndia  customer care frm.last three days .same fake assurance given everytime . Worst service ever experienced,"434534,434535",434530.0
569228,253576,Sun Dec 03 02:41:42 +0000 2017,"Paying for amazon prime because I trust to get packages in 2 days, but it’s 9:40 PM, my package is “out for delivery” @118706 @115821 @AmazonHelp @123967  WTH?",569227,
395098,169172,Sat Jan 28 18:37:02 +0000 2017,@169172 @AmazonHelp @115830 162nd day requesting any kind of response,395099,395097.0
2621055,740592,Fri Nov 17 16:06:43 +0000 2017,@AmazonHelp Aparece este error. Gracias por su atención. https://t.co/wgNWt1cWCe,2621057,2621054.0
1019611,314336,Sat Oct 14 15:54:25 +0000 2017,"Hi @AmazonHelp , I made an order with Prime on Oct 9 and I still haven't received it. It was supposed to be delivered on Oct 12 but it hasnt",1019609,
962229,348329,Mon Oct 23 15:17:33 +0000 2017,@AmazonHelp the packages were left in the grass next to the mailbox on the public street rather than inside the mailbox or on my deck or front porch,962231,962228.0
275863,181902,Fri Oct 06 07:18:17 +0000 2017,@AmazonHelp That page says item is not eligible for return! @115850 @115850 https://t.co/xw5jw6duTi,275865,275862.0
1494263,466966,Fri Nov 03 11:23:09 +0000 2017,@AmazonHelp We will see then,,1494261.0
91333,135809,Thu Nov 30 16:55:29 +0000 2017,"@AmazonHelp 2/2 i ordered again it too was 'preparing for shipment' for a week. I called and the rep said that 1 item was holding up the shipment and could they send without it, I said yes. I was emailed to say that actually the 1 item was good to go but the rest was cancelled again.",,91332.0
42475,125385,Wed Nov 01 19:35:31 +0000 2017,@AmazonHelp I talked to some “Pramod” that told me I’d have my money back in a hour and I never got it,42476,42474.0
1240707,411009,Tue Oct 17 01:19:45 +0000 2017,@AmazonHelp It's after 8 so it's definitely not being delivered today,1240708,1240704.0
297390,140519,Fri Oct 06 18:53:10 +0000 2017,If u decide to cancel ur @115821 order 90 sec. after making it they still decide to ship it. So which of my bills will be late?@AmazonHelp,297388,
1748651,527079,Wed Oct 18 03:53:08 +0000 2017,@AmazonHelp If this doesn't show up on the 7th it's the last time. I could have preordered it elsewhere and got it on the 7th.,,1748650.0
284393,183737,Fri Oct 06 15:36:26 +0000 2017,@AmazonHelp Thanks for the gift but I would like to know the sender details. How do I get it? I have received 3 such parcels as gifts.,284394,284392.0
1723445,521348,Tue Nov 07 08:59:54 +0000 2017,@AmazonHelp ご丁寧にありがとうございます。初めてこんなケースに出会ったので不安で混乱しましたが、助かりました。,1723444,1723446.0
1315505,427325,Fri Oct 27 07:45:58 +0000 2017,@AmazonHelp Yes you have missed the date.,1315507,1315504.0
490467,231837,Wed Nov 29 19:36:45 +0000 2017,@AmazonHelp C'est prévu.  J'attends la réponse de @113441 sur le modèle et je vous contacte si besoin,490466,490468.0
1395614,444537,Tue Oct 31 03:06:30 +0000 2017,@AmazonHelp I have not received any response on this. Are you legally allowed to sell at more than printed MRP. Check with your concerned team and reply,"1395615,1395616,1395617",1395613.0
232327,158359,Thu Oct 05 11:54:39 +0000 2017,@AmazonHelp E llamado antes pero dicen que las oficines AHREN a las 15,232328,232326.0
2532519,720722,Mon Oct 30 11:59:20 +0000 2017,@AmazonHelp j'ai commandé plusieurs choses et dans l'onglet mes commandes cela me dit que elle doit arriver aujourd'hui (30/10/2017),"2532516,2532521",
562972,251783,Sat Dec 02 23:28:58 +0000 2017,@AmazonHelp I just called you guys and the guy who helped me was so helpful. I wish I remembered his name!,562971,562973.0
2612300,738614,Fri Nov 17 12:41:35 +0000 2017,@AmazonHelp Et si ils nous disent pas la vérité? Que dois-je faire comme procédure pour recevoir l'article que j'ai commandé?,2612302,2612299.0
503418,235306,Fri Dec 01 20:32:38 +0000 2017,@AmazonHelp tracking my parcel says it was handed to resident. This is a lie. I have been in all evening and nothing has been delivered. Please can you send item again at no cost to myself.,503416,
58744,129371,Wed Nov 01 20:45:31 +0000 2017,@AmazonHelp If I rang you at the moment I would end up losing my temper listening to your generic responses. I’m beyond them now. Management can call me,,58743.0
2609245,738001,Fri Nov 17 10:31:10 +0000 2017,"@AmazonHelp @738002 いや、びっくりした！はじめまして！アマゾンさまにはいつもお世話になっております！
まじ美味いですよね。うんうん😆",2609244,2609246.0
307905,189513,Sat Oct 07 00:36:21 +0000 2017,@AmazonHelp Thanks for the rapid response. Will click your link now.,307907,307904.0
728804,294576,Wed Oct 11 08:35:59 +0000 2017,@AmazonHelp Zwei Kinder drei Alexa aber ich kann nur ein Musikdienst hinterlegen für multiroom. Aber ich möchte unterschiedlich. Oder geht das.,"728805,728806",728803.0
1541895,188736,Sat Nov 04 02:39:31 +0000 2017,@AmazonHelp Yes..the 40+ items i've ordered totalling several thousand dollars have all been thru Amazon directly.,1541896,1541894.0
1473257,461978,Fri Nov 03 02:36:41 +0000 2017,@AmazonHelp I started on the chat and had to call by the time I got off work. I just had them cancel the prime and leave my account as it was.,,1473256.0
2460698,704591,Wed Nov 15 16:22:16 +0000 2017,@AmazonHelp On the way...,2460699,2460697.0
2562142,727122,Thu Nov 16 17:37:50 +0000 2017,"@AmazonHelp Bonsoir, pas de nouvelle de 2 colis, N° DE COMMANDE
404-3408870-1315507 // N° DE COMMANDE
404-0234117-9246710, mrci de m'aider au + vite",2562140,
2331942,415266,Fri Oct 20 01:00:46 +0000 2017,@AmazonHelp @115833 is anyone else having trouble with Alexa not finding playlists? Try it:  ask her to play smooth jazz after work.,2331940,
1585292,255988,Sat Nov 04 21:27:09 +0000 2017,@AmazonHelp Done that. Same repetitive garbage.,,1585291.0
722909,183299,Wed Oct 11 03:48:03 +0000 2017,@AmazonHelp Standard generated replies fail to https://t.co/td2w18ieXR have my nos. Dare to call.,722910,722908.0
2023082,367525,Wed Oct 18 21:45:27 +0000 2017,"@AmazonHelp Once You Receive..? I did't Send by Postal Mail. Its a Digital Form...Hope You could Get it Instantly!By the Way What is ^SQ, ^NR and ^SV ?","2023083,2023084",2023081.0
1604529,492257,Sun Nov 05 08:26:57 +0000 2017,@AmazonHelp still not resolved... Help! https://t.co/11mzOjG75p,1604527,
1427104,451504,Thu Nov 02 07:29:36 +0000 2017,@AmazonHelp Can you share the email/contact details? I'd like to make a formal complaint,1427106,1427103.0
644750,273030,Thu Nov 16 21:16:30 +0000 2017,"@AmazonHelp No me contestaron los mails y en el chat dijeron que me iban a contactar y no lo han hecho, mira el status https://t.co/JRjxXQvGRp",644749,644751.0
1258157,414816,Mon Oct 16 06:35:12 +0000 2017,@AmazonHelp Ok,1258159,1258156.0
511717,237642,Fri Dec 01 22:50:08 +0000 2017,"@AmazonHelp @118706 Due to operating conditions, your package may be delayed. / Delivery will be rescheduled.

What are the operating conditions?!",511715,
1011670,359370,Sat Oct 14 14:33:02 +0000 2017,@AmazonHelp I get this message every time I re-log in to cancel amazon prime. I need to cancel by today https://t.co/bkdD1HUdIw,1011668,
1137735,322303,Tue Oct 24 15:49:24 +0000 2017,@AmazonHelp Have done that 100 times. I don't have standard copy paste messages like u to reply every time u wake up. @118702 @206651  r better,,1131319.0
1219132,293451,Thu Oct 26 06:42:50 +0000 2017,@AmazonHelp only Lengthy your all service rating below lowest standards and you still claim Lengthy... same on you amazon @123288,"1219133,1219134",1219131.0
1204481,343350,Fri Oct 27 09:54:57 +0000 2017,"@AmazonHelp I’ve already filled in details, sent emails and spoken on the chat.been waiting for a “reach out” for a week!",1204482,1204480.0
1480543,463794,Mon Oct 16 22:15:03 +0000 2017,@AmazonHelp That’s as useless as what’s on your website!,1480545,1480542.0
317278,191717,Sat Oct 07 08:50:51 +0000 2017,@AmazonHelp It was Marketplace seller,317280,317277.0
932674,341234,Mon Oct 23 10:23:02 +0000 2017,"@AmazonHelp Hi, there is no reply for my issue, how long will it take?",932676,932673.0
1968400,583224,Wed Nov 08 07:15:00 +0000 2017,"@AmazonHelp Not impressed with Prime in Germany. 2 orders made on the 6th; one scheduled to arrive today, the other hasn't even been sent yet!",1968399,
1260216,415262,Tue Nov 07 11:07:32 +0000 2017,"@AmazonHelp Dismayed that you’ve now decided the best thing is to ignore me. Overnight, for no good reason, you disabled our account for a 6th time.  We’ve reset it now, but need to resolve this once &amp; for all without you demanding £88 from someone who has already had £88 stolen via Amazon",1260218,1260213.0
1423512,450792,Thu Nov 02 15:19:51 +0000 2017,"@AmazonHelp Not looking good. 3 hours to go. I fail to see how a courier cannot make it to a business address on Oxford Street, London 3 days running.",1423513,1423510.0
354673,200299,Tue Oct 31 01:19:14 +0000 2017,Wtf @AmazonHelp i literally saw the truck infront of my apartment and was waiting for the guy to deliver my stuff but he just left wtf,"354672,354674",
1522594,473137,Fri Nov 03 21:00:30 +0000 2017,@AmazonHelp Yes 11/7,1522592,1522595.0
1567497,483727,Sat Nov 04 16:34:24 +0000 2017,"@AmazonHelp Well unless someone wants to correct this, I'm done with Amazon. I will shop at @Walmart I have no doubt they would help me.",,1567496.0
230103,170827,Thu Oct 05 10:16:04 +0000 2017,"@AmazonHelp Then the support email where I asked about it, and was told there are many reasons that parcels get returned - not what I'm talking about",,230101.0
1211109,404277,Wed Oct 25 12:06:58 +0000 2017,"@AmazonHelp Apologies; Missed an email notifying you were unable to fulfill the Order completely. Thanks for getting back so quickly though, impressive!",1211107,1211110.0
1223621,283673,Thu Nov 16 16:00:18 +0000 2017,@AmazonHelp Already shared yesterday. Wow this is ur customer care service.,1223622,1223618.0
898363,333331,Sat Oct 21 12:22:30 +0000 2017,"@AmazonHelp I would have arrangements. Now you have let me and my mom down. Thank you for the great service to a prepaid, prime delivery @115851","898362,898364",898365.0
277571,182306,Fri Oct 06 07:35:17 +0000 2017,@AmazonHelp Can you tell me right now where is my package I will go there and pick my self i dont believe any more on amazon.,"277569,277573",
2277890,662388,Sat Nov 11 18:40:05 +0000 2017,@AmazonHelp Zählt eine folie um eine box auch al versiegelung?,2277892,2277889.0
2457762,703954,Wed Nov 15 05:41:39 +0000 2017,"@AmazonHelp Other suggestions - breaking bad, friends, flash &amp; sherlock.",2457764,2457761.0
862519,324804,Fri Oct 13 14:59:27 +0000 2017,"@AmazonHelp Same thing. Says call is connected, but isn't. https://t.co/mPijy5OQeN",862521,862518.0
1129288,386189,Tue Oct 24 11:25:31 +0000 2017,@AmazonHelp @AmazonHelp I submitted for refund on the wrong account and bought it with the right one. Can you confirm this is ok? Thanks and apologies!,1129286,1129290.0
2291812,665597,Sun Nov 12 12:48:29 +0000 2017,"@AmazonHelp I bought remdi 4, but the phone is locked i am not able to use. I have requested for return. But the logistic team is not able to help.",2291814,2291811.0
1016401,360481,Sun Oct 22 19:00:50 +0000 2017,"@116324 I am absolutely fuming. My @115830 (Cc: @AmazonHelp) Prime items / parcels were not delivered. Status - ""Arriving today by 8PM"".",1016399,
2469442,706426,Wed Nov 15 11:11:29 +0000 2017,@AmazonHelp Cheers. I know it's unlikely but I'd like to get this resolved asap. Have emailed.,2469443,2469441.0
2142899,630046,Wed Nov 08 23:30:38 +0000 2017,@AmazonHelp Today but something else that was arriving today already got delivered.,2142901,2142898.0
586817,258576,Sun Dec 03 15:36:47 +0000 2017,@AmazonHelp: Really think you need to start your own shipping service. I’ve got packages from both USPS and UPS that were shipped #Prime and neither have showed up yet. Going to definitely be beyond two days,586814,
177375,157762,Sat Nov 25 01:19:14 +0000 2017,@amazonhelp https://t.co/qV7bNTitXL,177376,177373.0
99866,137868,Sun Dec 03 11:30:03 +0000 2017,@AmazonHelp No. i am unable to report this. i was just waitiing of respose in this matter .please follow my matter and solve as earlier as possible,99868,99865.0
1717962,242943,Tue Oct 17 18:32:29 +0000 2017,@AmazonHelp el trasportista es @4496 express me enviaron un SMS para recibir ayer  el pedido en la mañaána pero hasta la fecha no ha llegado nada 😞,1717964,1717961.0
374157,204704,Mon Oct 09 01:25:36 +0000 2017,@AmazonHelp May try the voice training,374160,374156.0
1626095,497947,Tue Oct 17 12:14:20 +0000 2017,@AmazonHelp il n'existe plus le service client par Chat ? J'ai beau chercher partout je ne le trouve plus T^T,1626094,
2457824,703962,Wed Nov 15 08:43:37 +0000 2017,@AmazonHelp こちらこそ、多様なサービスを提供していただき楽しい生活を送らせていただいております。ありがとうございます、これからもよろしくお願いいたします。,2457826,2457823.0
320361,192335,Sat Oct 07 11:58:49 +0000 2017,"@AmazonHelp hi, I’ve had an email and I believe somebody has hacked into my account. They’ve changed my email and password&amp; I can’t access",320359,
179538,158289,Wed Oct 04 09:53:16 +0000 2017,"@AmazonHelp Well everyone has the same issue so sort it out 🤷🏼‍♀️ it’s not my job to send you emails. 
You have seen the tweets, what you doing about it",179540,179537.0
1423777,450846,Thu Nov 02 10:14:00 +0000 2017,@AmazonHelp It says that I was charged $65.28 USD by https://t.co/etr0USS6O4 https://t.co/dFulhkZf3o,1423779,1423776.0
1045561,367182,Mon Oct 23 10:26:53 +0000 2017,"@AmazonHelp Please read it first if you have left with a little of shame, do not reply on your own this time.",1045563,1045560.0
197882,162531,Wed Oct 04 13:09:19 +0000 2017,@AmazonHelp Ya han pasado 48 hs desde que envié la consulta y aún no tengo respuestas!,197881,197883.0
737154,296316,Wed Oct 11 13:08:54 +0000 2017,@AmazonHelp Thank you for your reply and the information.,737156,737153.0
69951,131826,Thu Nov 30 17:25:58 +0000 2017,"@AmazonHelp Yes previously - went through the motions suggested, told to wait for 'the dept that deals', got nowhere except same template response. So simple for @115821 to resolve but won't, &amp; so damn frustrating for us at this critical selling period #poorservice",69953,69950.0
1532109,475241,Fri Nov 03 20:36:12 +0000 2017,"@AmazonHelp Irgendwas stimmt da nicht. Könnt ihr das richtige Bild einsetzen? (Amazon.de, co.uk, ...)",1532108,
1358080,436628,Fri Oct 27 19:34:15 +0000 2017,"@AmazonHelp Hey, I need to understand why the tracking shows 2 products at once although they are from different sellers?","1358079,1358081",
56896,128888,Wed Nov 01 22:36:43 +0000 2017,@AmazonHelp 4 calls (+call back) &amp; finally you booked @122232. V-poor service. That should have been 1st response. Will email Fionnuala Welsh tomorrow.,,56895.0
438844,183363,Wed Oct 18 12:56:07 +0000 2017,"@AmazonHelp Why all Amazon Sirs/Madams are silent, or are you innovating further tactics to torture and harass the client. Do Amazon run an academy where Client Harassment is taught. Do you @115821  @115850 @4030  @118702  @4167 @4110 @4168 also have similar academy.",,438841.0
905921,181438,Sat Oct 21 00:56:12 +0000 2017,Uhhhh @AmazonHelp refunded the amount for my fire stick when they shouldn’t have. It was replaced. Lol.,905920,
141056,147816,Fri Nov 24 13:03:39 +0000 2017,@AmazonHelp Não está compensando não.,,141055.0
489479,231577,Fri Dec 01 16:07:46 +0000 2017,@AmazonHelp i alredy update my payment and the problem still ! please help https://t.co/PONuC3cTDi,489478,
2714655,364260,Mon Nov 20 04:59:30 +0000 2017,"@AmazonHelp hola, la entrega no está programada para mañana pero conociendo los tiempos de la paquetería podría asegurar que la entrega se haría mañana a menos de que no haya labores y me preocupa porque no estaré para recibirlo",2714657,2714654.0
545809,246893,Sat Dec 02 17:24:40 +0000 2017,"@AmazonHelp I am disputing the charges and will have them reversed.  When @115817 has a massive delivery failure, Amazon needs to stop spouting useless policies and start responding to customers.",,545807.0
682957,282993,Thu Nov 23 12:23:58 +0000 2017,@AmazonHelp Non j'ai commandé hier en choisissant livraison express 24h donc j'aurais dû avoir le produit demain mais dans le premier email il était indiqué le 25 novembre. Le produit a était expédié aujourd'hui et le mail indique le 28 novembre sans plus de précisions.,682958,682955.0
2289159,665042,Sun Nov 12 07:16:17 +0000 2017,"@AmazonHelp Yes, 11/12.",2289160,2289158.0
236223,172254,Thu Oct 05 16:24:18 +0000 2017,@AmazonHelp I think you're misunderstanding. IN YOUR SYSTEM IT IS LOST. IT SAYS LOST AND CONTACT YOU. I did. You supposedly resent it. IT never showed,236226,236221.0
2176652,521583,Thu Nov 09 15:49:41 +0000 2017,@AmazonHelp i️ did a few days ago saying it would be here by the 8th.,,2176651.0
323791,190856,Sat Oct 07 14:50:55 +0000 2017,"@AmazonHelp Use microscope. I dont work for you to fill forms. .@115851 I pay , waste my day on u, and thendo these jobs for u, get a life leech. 😡😡😡",,323789.0
2704148,704668,Sun Nov 19 22:22:26 +0000 2017,@AmazonHelp hi I wanted to return an item via an Amazon locker but I wanted to do it on Tuesday yet my code is only valid until midnight tomorrow....can I reschedule it?,2704146,
1652494,122921,Tue Nov 07 19:34:03 +0000 2017,@115850 @AmazonHelp @AmazonHelp @115850 #SuperValueDayQuiz  Results still awaited... Y so much delay... Deadline passed long ago,1758024,1652493.0
1184670,398590,Tue Nov 07 07:49:00 +0000 2017,@AmazonHelp いつもお世話になってますww,1184672,1184669.0
947319,344655,Mon Nov 27 15:46:36 +0000 2017,@AmazonHelp Yes &amp; Amazon drivers are great &amp; always leave parcels in my safe place. But you sent this one by Royal Mail (why! Why!) so not only was it delayed by 6 days they didn’t use my safe place. now I won’t get it for another 2 days &amp; have to pay to collect it so I don’t miss it again.,,947318.0
1125294,385327,Tue Oct 24 13:33:01 +0000 2017,@AmazonHelp nly harassing the cstmer since mrning nw wen I ask questions regarding my order your customer care executive replies in an arrogant manner,1125295,1125290.0
1959513,581266,Sun Nov 26 09:39:19 +0000 2017,"@AmazonHelp hello, I recently purchased 2x digital £20 vouchers for Xbox live. On the page where you print them off, they are both there, but both links send me the same 25 digit code. Please assist?",1959511,
2408721,692616,Tue Nov 14 16:48:22 +0000 2017,@AmazonHelp Stop assuring. 7 agents did that today!,2408722,2408720.0
16808,119701,Fri Nov 03 03:25:28 +0000 2017,@AmazonHelp Do u hav brain the product is taking more then a week to reach me and i am #primememeber and can u read i need a #refund now i dnt #trust,"16809,16810,16811",16805.0
1521151,472827,Fri Nov 03 17:21:40 +0000 2017,First order got lost and no luck with express delivery when reordered... 🙄 I wonder if I'll ever get my step?! @115830 @AmazonHelp,1521150,
320030,192278,Sun Oct 08 10:51:02 +0000 2017,@AmazonHelp Getting the same response frm last 3 days. Completely helpless. Now I m stressed 😩 and frustrated don’t want to continue any relationship 😏,320031,320028.0
1100448,132139,Sat Nov 25 18:20:51 +0000 2017,@AmazonHelp Ich glaube bei ca 12 Sendungen bislang ist das schon nicht wenig. ;-),,1100447.0
1035550,364944,Mon Oct 23 02:13:48 +0000 2017,@AmazonHelp We placed the order Thursday assuming 2 day delivery would mean Saturday but email did say Sunday. Many worse issues recently-prime is scam.,1035552,1035547.0
569152,253561,Sun Dec 03 03:41:15 +0000 2017,@AmazonHelp I didn't get a response back yet,569154,569151.0
240565,173140,Sun Oct 15 16:06:23 +0000 2017,@AmazonHelp Never knew @AmazonHelp @115850 treats their PRIME customer this way #amazonsucks,,240564.0
956304,329322,Mon Oct 23 22:26:35 +0000 2017,"@AmazonHelp The version is available via Menu &gt; About. I'm not deleting and reinstalling. If you like, I'll delete now and reinstall January 1, 2018",,956303.0
345686,193843,Sun Oct 08 02:01:16 +0000 2017,"@AmazonHelp Woo, very soon.but yesterday no body call. even ur delivery boy.called by me to delivery boy &amp; he denied how you treat CM. its 2 time .","345685,345687",345688.0
2460691,704590,Wed Nov 15 08:55:18 +0000 2017,@704589 @AmazonHelp I’m still waiting for my tickets for Newcastle . Ring them &amp; complain . I had to for Wolverhampton .,"2460692,2460693",2460683.0
843665,320599,Sat Nov 25 10:05:21 +0000 2017,"@AmazonHelp Please understand the issue and do proper checking before replying. 

Product is available in Amazon. Its just the price is higher in Amazon than actual MI's official amount.",843667,843664.0
313671,190899,Sat Oct 07 05:46:06 +0000 2017,@AmazonHelp AMZL US 8:37pm MST,313672,313670.0
809397,180440,Thu Oct 12 18:37:36 +0000 2017,"@AmazonHelp Please help me. I'm trying to place an order but can't get through
https://t.co/gmQZT6mD6V https://t.co/lOLuMrLEYg",809395,
1558051,481570,Sat Nov 04 12:46:09 +0000 2017,"I had parcels left in the foyer signed off as 'left with receptionist', when we don't have one'! They've since been stolen! @AmazonHelp",1558049,
798778,310416,Thu Oct 12 16:57:30 +0000 2017,@AmazonHelp Ils ont pris en charge mon colis pas la livraison demain je vais aller le chercher,798779,798777.0
1600135,307194,Sun Nov 05 04:27:20 +0000 2017,@AmazonHelp Y #Seller Wil report . R u thinking seller has only this much work to do .. #HearUsAmazon .. ur #ATS has issues Nd #Seller bears the cost ..,,1600134.0
989900,122715,Wed Nov 22 03:46:39 +0000 2017,@AmazonHelp Shared dtls inDM - Amazon rply is wait 4 24/48 Hrs team is working bt weeks hv gone by (nw month) Amazon A/c is linked to email id. Ckd all places. NO NEW UPDATED EMAIL. Earlier sent link just to fill up details again &amp; again. Open case can be closed at the earliest.,989899,989901.0
78875,133588,Fri Dec 01 13:20:35 +0000 2017,@AmazonHelp AMZL US. Not a lot of faith in that now,78876,78874.0
1041850,366387,Tue Nov 21 00:25:09 +0000 2017,@AmazonHelp To watch on the Prime app?,1041849,1041851.0
449952,221645,Thu Nov 30 21:27:47 +0000 2017,"@AmazonHelp Doutor Sono e It foram uns dos mais assustadores pra mim, por isso, os meus favoritos tbm! Hahaha",449954,449951.0
2200777,292381,Sun Nov 26 14:04:57 +0000 2017,@AmazonHelp Thanks!,2200776,2200778.0
445582,220515,Wed Nov 22 10:09:17 +0000 2017,@AmazonHelp Yes and give a vague answer.,445580,445584.0
444316,220254,Wed Nov 22 09:58:16 +0000 2017,@AmazonHelp Haha I hope so! ✌️ Any cool tricks that I should know about?,444318,444315.0
575315,231112,Sun Dec 03 09:27:58 +0000 2017,@AmazonHelp I not received any call till now,575316,575314.0
295364,186346,Fri Oct 06 18:17:41 +0000 2017,@AmazonHelp My order didn’t ship until TWO DAYS after I ordered! #fail,295366,295363.0
279380,182606,Mon Oct 09 23:32:38 +0000 2017,@AmazonHelp You people are not replying to the actual thing ... I recieved a call .... from the number I mentioned in my previous tweet...wht abt tht???,279381,279379.0
1450826,456668,Thu Nov 02 17:52:40 +0000 2017,@AmazonHelp Je ne l'ai pas encore eu non plus. Juste le mail qui signale la non distribution mais qui ne precise précise pas le transporteur.,1450827,1450825.0
2141383,629693,Wed Nov 08 22:21:38 +0000 2017,"@AmazonHelp Bonsoir, tentative de livraison effectuée alors que j'étais sur place et impossible de renouveler une demande de livraison même en connaissant le transport (amazon logistics) comment faire ?",2141382,
1124084,385065,Tue Oct 24 07:55:25 +0000 2017,@AmazonHelp Verkauf und Versand durch Amazon. Drittverkäufer habe ich längst aufgegeben.,1124082,1124090.0
883026,329685,Fri Oct 13 18:04:15 +0000 2017,@AmazonHelp Currently https://t.co/pQ0LrOd1yN,883027,883025.0
1887540,562953,Wed Oct 18 11:46:58 +0000 2017,@AmazonHelp I've already done that and updated them. However I'll never shop again. It wasnt good experience.,1887542,1887539.0
1370159,438933,Fri Oct 27 23:47:38 +0000 2017,@AmazonHelp The first date I was given for delivery was 11/1 and it still hasn't even shipped. Ord#  702-9608434-8999408,1370161,1370158.0
1211076,404270,Wed Oct 25 12:26:35 +0000 2017,@AmazonHelp my favorite service is chat..,,1211075.0
1204918,403019,Wed Oct 25 09:02:56 +0000 2017,@AmazonHelp  https://t.co/8j2HIphkpf,"1204919,1204920",1204917.0
1543621,472649,Sat Nov 04 04:35:29 +0000 2017,"@AmazonHelp 
Deliver the product as soon as possible as its Medical related product
Amazon such slow in Delivering product was not Xpected 😡 https://t.co/XBZo8pXbt7","1543620,1543622,1543623",
2474817,707535,Wed Nov 15 13:41:04 +0000 2017,"@AmazonHelp 1/2 Nothing's been resolved. I bought a two part item (notebook cover + refills). Notebook seems to be lost in the mail. Called yesterday and supposedly got a refund but instead, there's a return fee. Plus refills are useless without notebook.",,2474815.0
857829,323710,Sat Oct 21 00:02:15 +0000 2017,@AmazonHelp I am sure you are it's been 5 days now please refund my money .,857830,857827.0
222708,169201,Mon Oct 02 04:54:51 +0000 2017,"@AmazonHelp This link is not opening either, page can't be loaded error is getting displayed",222707,222709.0
1565019,483179,Tue Oct 17 15:12:10 +0000 2017,"@AmazonHelp Tout à l'air bien ce matin... mais pendant 2 jours le site était vraiment 
étrange... Merci d'avoir répondu!",1565021,1565018.0
1323925,116747,Fri Oct 27 10:47:00 +0000 2017,"@AmazonHelp Just spoken to them &amp; all they seemed to want to do is refund me. I've cancelled prime subscription. Won't be using Amazon anymore, sorry. 😕",,1323924.0
1953414,262728,Thu Nov 16 11:58:05 +0000 2017,@AmazonHelp I’ve been trying for TWO WEEKS to get this scumbag to engage with me &amp; sort out a prepaid returns label! They’ll only offer £2.50 to return item UNTRACKED 2 the Netherlands not doing it! Tracked is min £6.52! Items are faulty! Arrived broken!,2541055,1953410.0
31328,120032,Wed Nov 01 13:47:42 +0000 2017,@AmazonHelp Will wait till tomorrow noon or else will post it on FB with larger subribers,31329,31326.0
2568066,720879,Mon Oct 30 15:52:08 +0000 2017,@AmazonHelp I dont want apologies i need compensation for this...,2568068,2568065.0
1120395,384331,Sun Oct 15 13:13:52 +0000 2017,@AmazonHelp Expected delivery date during order was 18th Oct and Now changed to 20th Oct. I have flight on 20th Oct morning so request your support.,1120397,1120394.0
1127243,182735,Tue Oct 24 13:55:33 +0000 2017,@AmazonHelp @385776 Musst du anrufen .. der Amazon Support via Telefon und auch der Kontakt auf Twitter ist super... der E-Mail support fürchterlich!,1127245,1127242.0
611108,265298,Wed Nov 22 16:38:32 +0000 2017,@AmazonHelp When ya.. even last time it didn't come,611110,611107.0
1953630,485649,Fri Nov 17 07:44:59 +0000 2017,@AmazonHelp I have already respond to that mail,1953631,1953629.0
675220,281035,Thu Nov 23 12:51:30 +0000 2017,"@AmazonHelp Je viens de voir le colis, les cartons vous connaissez, car mettre une étiquette sur l'emballage c'est limite, ce que j'achète ne regarde pas les autres",675222,675219.0
1346638,391986,Mon Oct 30 08:00:02 +0000 2017,"@AmazonHelp Merci, le colis est arrivé ric rac, mais je l'ai eu !",1346639,1346636.0
380158,206175,Mon Oct 09 07:40:55 +0000 2017,"@AmazonHelp hey where is my prepaid packet??  No one to help in customer care.?  Its showing delivered but havnt recd.😠😠
__email__","380157,380159,380160,380161",
900366,182223,Sat Oct 21 04:08:07 +0000 2017,@AmazonHelp i don't receive my order https://t.co/Rds0sPdvYB,"900364,900368,900369",
1537526,476651,Sun Nov 05 21:02:27 +0000 2017,@AmazonHelp I’m just now finding out that I’m not going to be receiving my item at all. And they the refund will take over a week to get back to me 1/2,,1537523.0
686657,283953,Thu Nov 23 13:46:26 +0000 2017,Awful @AmazonHelp right now. Item delivered that’s faulty. Try to return and label won’t cover cost of the package. Then in chat with customer service and they disconnect 😡 #HelpPlease,686655,
944905,118701,Sun Oct 22 03:48:45 +0000 2017,@AmazonHelp And the phone number of agent given in the sms is switched off. In case you were wondering.,"944906,944907",944903.0
430693,217252,Tue Oct 10 15:07:03 +0000 2017,"@AmazonHelp That’s done thanks. The gate isn’t the end of the world, but it’s damaged all of next doors brickwork!",430695,430692.0
1022893,231135,Sat Oct 14 16:37:55 +0000 2017,@AmazonHelp Where do I look to see if it’s posted or pending,,1022891.0
667695,279152,Thu Nov 23 04:00:23 +0000 2017,@AmazonHelp If I don’t recieve before 12pm today I won’t be able to collect it. And why do you guys guarantee one day delivery when you can’t do it on time! I am purchasing since last 2 years with the amazon membership.,,667694.0
62396,130292,Sun Nov 26 01:36:40 +0000 2017,"@AmazonHelp Por ahora no conozco a muchos, ya que solo llevo tres capítulos, pero Shadow me encanta porque tiene una dualidad entre no entiendo nada y ""bueno voy a hacer lo que me dicen TOTAL no tengo vida"" xDD",62397,62395.0
1661849,506833,Mon Nov 06 13:46:58 +0000 2017,@AmazonHelp Did u check?,1661851,1661848.0
2754669,186165,Mon Nov 20 20:31:53 +0000 2017,@AmazonHelp The email ad that Amazon Prime just sent was very confusing,2754667,
661441,277601,Thu Nov 23 01:13:46 +0000 2017,@AmazonHelp This is not helpful. Your site says it was handed to a person. I only know one person in my building and he doesn't have it. Why would you hand a package to a random person?,661440,661442.0
810251,281028,Thu Oct 12 18:59:58 +0000 2017,@AmazonHelp SOS PLEASE SEND HELP https://t.co/50NHwJchM7,810249,
641729,140399,Wed Nov 22 20:46:46 +0000 2017,"@115830 @AmazonHelp see tweet above. Return me my money, deliver my goods I ordered and also return me the delivery fee your customer support thought they could sneak it to 'help' me!!! 😡",641728,641730.0
2733918,706113,Mon Nov 20 16:48:15 +0000 2017,@AmazonHelp your support is appalling! Every email I reply back to its the same template.... If you want this issue resolved I suggest you actually get me through to someone who doesn't like pasting templates!,2733916,
1519088,469296,Sat Nov 04 09:31:51 +0000 2017,@AmazonHelp On my 'orders' there's a big notice saying you DON'T KNOW WHEN it will be delivered and to wait a few days to see if it comes! Additionally;,1519089,1519083.0
2435671,295979,Sun Oct 29 14:36:07 +0000 2017,@AmazonHelp You are not responding to my emails in proper way so have to write it here.,2435673,2435670.0
2315676,671442,Thu Oct 19 22:48:34 +0000 2017,@115851 What's wrong with this picture?@115821 @AmazonHelp Unreal!!!! https://t.co/7VoXVntzkv,2315674,
351809,199676,Sun Oct 08 12:46:34 +0000 2017,@AmazonHelp It says Amazon Shipping in the order,351810,351808.0
206697,164955,Wed Oct 04 22:15:42 +0000 2017,@AmazonHelp On social media. Does that make sense?,206698,206696.0
1568714,483984,Sat Nov 04 16:48:37 +0000 2017,@AmazonHelp Ho fatto così ma comodamente seduto sul divano..,1568716,1568713.0
395303,169172,Wed Sep 06 18:12:24 +0000 2017,@AmazonHelp @115830 @115851 381st day requesting any kind of respons,395304,395302.0
394512,209468,Mon Oct 09 18:06:37 +0000 2017,"@AmazonHelp i haven’t yet, i’m waiting till the end of the day to see if it’ll show up.",394513,394511.0
668472,166918,Thu Nov 23 03:47:08 +0000 2017,"@AmazonHelp guys it is so sad that still the return pickup is not done for more than 20 days since scheduled?? isn't there anyone at @115850 who listens please please @115851 , contacted numberous times to customer support email and over chat : (  Please @115821",668471,668473.0
445427,209609,Wed Nov 22 10:00:47 +0000 2017,cc @AmazonHelp,445426,445428.0
558416,250463,Sat Dec 02 21:46:18 +0000 2017,"@AmazonHelp How many devices can I use it on? And if I don't upgrade, what do I get for what I'm already paying? Thanks",558415,558417.0
2347719,678727,Mon Nov 13 20:23:08 +0000 2017,@AmazonHelp I just chatted with Mahek and he helped me out! Much appreciated great Amazon customer service again. Thanks!! @115821,2347720,2347718.0
480356,229163,Fri Dec 01 14:23:01 +0000 2017,@AmazonHelp I''m on the phone and now the tv is out of stock with your company and I'm being offered a refund not a replacement and lesser appeasement gift card from lastnight. I'm livid!!!,,480355.0
911527,336496,Sat Oct 21 11:19:34 +0000 2017,"@AmazonHelp I replied on the same, I don't need your 100 rs gift card,
I need Redmi 4a in my cart.",911529,911526.0
1429418,452003,Thu Nov 02 07:17:31 +0000 2017,@AmazonHelp おー、返信ありがとうございます！参考にします！,1429420,1429417.0
884876,329902,Sat Oct 21 03:03:00 +0000 2017,@AmazonHelp It’s delayed,884878,884875.0
1648074,361247,Tue Oct 17 15:12:55 +0000 2017,"@AmazonHelp Nein. Laut @116316 angeblich nicht möglich. Genauso wenig wie zu wissen, warum Paket zurück ging. Man wird als Primekunde nur verarscht!",1648075,1648073.0
232830,171423,Thu Oct 05 11:22:11 +0000 2017,"@115830 @AmazonHelp not sure if you'd help me. Website does not give me a button to say ""you lost my parcel and you claim you delivered it""",232828,232832.0
2536412,632338,Thu Nov 16 10:29:01 +0000 2017,"@AmazonHelp No, just says ‘arriving today’ original estimate Wednesday 15th November",2536414,2536411.0
665414,278554,Fri Nov 03 07:34:37 +0000 2017,@AmazonHelp I sure did,665413,665415.0
930138,340678,Mon Nov 20 20:51:12 +0000 2017,@AmazonHelp On the Alexa App - for PC (Internet Explorer) - is there any way you can get free music from places like Youtube to play on your Echo?,930136,
2428230,697192,Sun Nov 26 18:00:49 +0000 2017,@AmazonHelp Hey guys could you help me with a shipping problem?,2428228,
1165326,219488,Sun Oct 15 19:44:45 +0000 2017,@AmazonHelp That is correct yes. Says it was handed to resident at 21:28 yesterday and I was home at this point nobody knocked or delivered anything,1165328,1165325.0
881041,329201,Sat Oct 14 05:16:50 +0000 2017,@AmazonHelp If your so much responsible than you will deliverd my product on estimated day such a worst website for online shopping  is Amazon,881043,881040.0
1479729,352397,Fri Nov 03 06:58:09 +0000 2017,"@AmazonHelp @115850 @115851 You helped me enough.. Thanks for fooling me ...

Would request you to lemme know how can I return my phone now..",1479728,1479730.0
1547562,479140,Sat Nov 04 08:12:33 +0000 2017,@AmazonHelp No options for duplicate invoice https://t.co/KLl6qpJWjd,"1547563,1547564",1547560.0
790576,308526,Thu Oct 12 12:43:40 +0000 2017,@AmazonHelp a full refund. Amazon took the hair length down that I purchased &amp; they said they need it up to refund my money,790584,790574.0
1716715,519855,Sat Oct 28 23:35:30 +0000 2017,@AmazonHelp Two items are supposed to be delivered tomorrow but only one is on its way. Why hasn't the other one shipped?,1716717,1716714.0
456576,223423,Fri Dec 01 00:03:10 +0000 2017,Ordered something of Amazon with Prime and 5 days later still nothing. What kind of crap is that. @AmazonHelp,456574,
1761030,529971,Tue Oct 17 21:45:17 +0000 2017,"@AmazonHelp 2/2  A une époque #prime (ou #premium) signifiait sous 24H si la commande était passée dans les bons délais. Aujourd'hui, c'est la roulette!",,1761029.0
527729,242158,Sun Dec 03 13:43:50 +0000 2017,@AmazonHelp Et ne mettez pas un champ Téléphone dans votre formulaire qui est obligatoire quand personne de chez vous nous rappelle.,,527727.0
2690663,756419,Sun Nov 19 16:00:40 +0000 2017,@115821 I love it when I my package is in my area then the driver parks outside my house sorts threw packages then drives off and customer service is useless @AmazonHelp,"2690664,2690662",
936078,341920,Fri Oct 13 23:35:55 +0000 2017,@AmazonHelp They already gave me a refund but customer service said they couldn’t report the issue to the warehouse.,,936077.0
230019,170808,Thu Oct 05 09:07:05 +0000 2017,@AmazonHelp I gave up with the US (offshore) team as they were about to cancel my actual Prime account!,,230018.0
1277055,418898,Thu Oct 26 16:41:35 +0000 2017,@AmazonHelp A las 6 de la mañana de hoy,1277056,1277054.0
739742,296910,Wed Oct 11 14:05:56 +0000 2017,@AmazonHelp Why you are not delivering product by looking ordered item? Just whatever you are getting and delivering it to the customer.,,739740.0
1565864,483372,Sat Nov 04 15:33:36 +0000 2017,@AmazonHelp what’s the point of pre-ordering a game if you don’t get it on release date? I still haven’t got my COD!,1565863,
2078418,614714,Thu Oct 19 04:39:32 +0000 2017,@AmazonHelp These aren't the droids you're looking for. It's @614713 that you should be responding to.,2078419,2078417.0
91410,135814,Thu Nov 30 14:58:01 +0000 2017,"Shocked and appalled at my @115830 delivery driver opening my front door, letting himself into my home and placing packages within my hallway! A total invasion of privacy and also illegal! Wife and 3 year old son left very shaken @AmazonHelp","91409,91411",
486738,227782,Fri Dec 01 15:36:00 +0000 2017,I remember when Amazon Prime used to mean next day delivery @AmazonHelp https://t.co/k26e1dzBkd,486737,
2432732,698180,Tue Nov 14 21:36:32 +0000 2017,"@AmazonHelp I have gotten it sorted already, it should be here maybe tomorrow or Thursday.","2432731,2432733",2432734.0
1534940,475990,Fri Nov 03 23:59:14 +0000 2017,No back porch no pkg in sight. Clearly need this ‘cuz my teens are mad shook getting honked at #amzl @115821 @AmazonHelp #wheresmydamnpkg https://t.co/zPpie7Xjbw,1534938,
2301345,254619,Sun Nov 12 17:41:25 +0000 2017,Hey @115850 @AmazonHelp when will this scenario change? Why do you change the delivery date after ordering the goods? #honeytrap https://t.co/8NYZL3BstP,2301343,
1226537,402861,Wed Oct 25 19:39:26 +0000 2017,"@AmazonHelp To clarify: You need to be connected at the time of the order? Ordering, then getting the Kindle online, leaves the order in the cloud?",1226539,1226536.0
2757391,771679,Tue Nov 21 03:13:47 +0000 2017,@AmazonHelp 確認させていただきます、ありがとうございます,2757390,2757392.0
747716,298743,Wed Oct 11 17:30:18 +0000 2017,@AmazonHelp I mean whose loss is this.?? His job is just sent back product  where it came from..do you see thair loss...,,747710.0
2492224,711503,Wed Nov 15 18:43:05 +0000 2017,@AmazonHelp Thank you,,2492223.0
865788,325602,Sat Nov 18 15:55:41 +0000 2017,"@AmazonHelp Je préfère twitter, les réactions sont souvent différentes en public",865787,865789.0
245858,174400,Thu Oct 05 15:25:26 +0000 2017,@AmazonHelp Pues probablemente #Spotlight porque aún no la he visto y tengo muchas ganas :),245860,245857.0
1734570,523804,Tue Nov 07 16:28:06 +0000 2017,"@AmazonHelp Oui, je suis à la maison et @132988 m'informe de que le colis n'a pas pu être livre et je dois aller le chercher très loin de chez moi.",1734572,1734569.0
1652449,504530,Mon Nov 06 07:29:15 +0000 2017,@AmazonHelp I called your customer service thrice and also contacted the seller. You people are the worst,1652448,
2238174,652649,Fri Nov 10 16:26:52 +0000 2017,"@AmazonHelp @120533  Je n'arrive pas à payer avec mon code de réduction de 100%, possibilité de m'aider svp ? https://t.co/xDOU6KbXE3",2238173,
2472428,504352,Wed Nov 15 12:08:21 +0000 2017,@AmazonHelp @115850 Please update me the status of my undelivered product.,2472427,2472429.0
133719,146143,Fri Nov 24 17:01:50 +0000 2017,@AmazonHelp Ab 18:30 Uhr bitte 😃,133720,133718.0
1089831,377116,Mon Oct 23 19:11:00 +0000 2017,"@AmazonHelp Bonjour, A mon grand malheur RelaisColis, 6 ont depuis étaient livraient (2j de retards) et l'un toujours pas reçus ...",1089830,1089832.0
704320,288305,Sat Nov 25 16:26:43 +0000 2017,"@AmazonHelp fake promsie..
tell me now.
whats the update..
i want it...",704322,704319.0
315251,187925,Sat Oct 07 16:30:29 +0000 2017,@AmazonHelp Och nö. Und jetzt geht die Anmeldung wieder los. Nee echt. Kann ich abo und buch stornieren?????? 🙄😤😐,,315249.0
345890,198313,Sun Oct 08 03:22:00 +0000 2017,@AmazonHelp I am looking for the following game: https://t.co/PcxEP67pEf,345892,345889.0
839400,319707,Fri Oct 13 12:11:12 +0000 2017,@AmazonHelp New problem! Can’t access in 🇬🇧 UK?? https://t.co/Gsgqeu41fd,"839401,839402",839399.0
2556,116317,Tue Oct 31 22:51:14 +0000 2017,"@AmazonHelp I made a same day ship mid Monday and it said it would deliver that day. It didn’t. Today it still says out for delivery, still no show.",2554,2558.0
2380844,686472,Tue Nov 14 06:15:12 +0000 2017,@AmazonHelp nella mail che mi invita a inviare il fax non specifica quale delle 2 carte,2380847,2380843.0
970281,350255,Sun Oct 22 07:48:43 +0000 2017,@AmazonHelp #Amazon_Prime is a scam.,,970279.0
2767496,773888,Tue Nov 21 11:24:39 +0000 2017,@AmazonHelp D'accord je vais aller voir avec eux. Merci dans tout les cas et bonne journée à vous,2767495,2767497.0
313861,190940,Sat Oct 07 05:59:02 +0000 2017,@AmazonHelp I can’t return it because the item wasn’t delivered like it said it was...,313863,313860.0
2364711,417887,Mon Nov 13 21:57:54 +0000 2017,"so, turns out @AmazonHelp won’t even offer you a coupon if your prime shipment is late by a couple days.",2364709,
2595844,735011,Fri Nov 17 11:13:17 +0000 2017,@AmazonHelp ... Really? https://t.co/exVmLvX9Xi This is where we started an hour ago. If you view this conversation chain my issue has been stated. I followed the last link I was provided to send my contact information over social media.,2595845,2595842.0
986239,353735,Sat Oct 14 10:23:22 +0000 2017,@AmazonHelp L'avete scelto voi di diventare Babbo Natale 365 giorni all'anno https://t.co/aywxTQsvej,986241,986238.0
435725,218501,Thu Oct 12 14:24:06 +0000 2017,"@AmazonHelp So on solution of my problem, yr silence indicates volume. Now as per advice by experts,  I have 2use option of police complaint of forgery",435726,435722.0
1798424,540366,Wed Oct 18 01:07:35 +0000 2017,"@AmazonHelp I want my refund, your company has disresspected making me wait on a 1 day shipping order more than 4 days. you guys have no professionality",,1798374.0
986212,307419,Sat Oct 14 07:06:39 +0000 2017,@AmazonHelp I have provided the. See if you can deliver my phone. Having such bad experience with Amazon for the first time.,986209,
447263,220945,Thu Nov 30 19:56:10 +0000 2017,@AmazonHelp Ich probier's mal. (:,447261,447265.0
1708596,517749,Tue Nov 07 00:57:25 +0000 2017,@AmazonHelp Your own drivers!,"1708598,1708599",1708595.0
1779344,534614,Mon Oct 23 13:33:14 +0000 2017,Very disappointed with @115821 today. Marked item as failed to deliver but no delivery was even attempted. Now delayed even with @AmazonHelp,1779342,
1491461,466377,Fri Nov 03 09:44:40 +0000 2017,@AmazonHelp Thanks all sorted now can shop again !!,1491460,1491462.0
1193433,400433,Wed Oct 25 10:27:00 +0000 2017,@AmazonHelp Please help,1193434,1193432.0
1425672,451210,Thu Nov 02 06:00:53 +0000 2017,"@AmazonHelp had already provided all the details to your customer executive, still no updates. https://t.co/Ttg6t4gfpv",,1425671.0
1545213,478580,Sat Nov 04 06:57:14 +0000 2017,@AmazonHelp わざわざリプライ頂き、ありがとうございます。既にサポートセンターに連絡済みで、ご対応頂いております。,1545215,1545212.0
419449,215027,Tue Oct 10 05:57:50 +0000 2017,@AmazonHelp They are also not able to solve the issue...,"419451,419452",419448.0
1699062,515279,Sun Oct 29 05:53:36 +0000 2017,"@AmazonHelp Promised call back till 9:30 am from Customer Support team, No call back so far!!! Will you please get this checked immediately and refund?",1699061,1699063.0
1366283,120687,Fri Oct 27 21:58:47 +0000 2017,@AmazonHelp Hi ! The emails states that complaint has been forwarded to concerned team. I havent received any email related to any details asked.,1366288,1366281.0
96771,137122,Thu Nov 30 16:05:37 +0000 2017,@AmazonHelp Reply @AmazonHelp,96769,96774.0
1387364,217405,Mon Oct 16 15:52:55 +0000 2017,@AmazonHelp “Amazon released a new update to Echo devices that allows users to drop in on one another or use the speakers as a household intercom “,,1387363.0
122002,143189,Fri Nov 24 08:40:53 +0000 2017,@AmazonHelp Don’t think your customer service is capable to be honest.,122003,122001.0
1580408,486605,Sat Nov 04 17:52:20 +0000 2017,@AmazonHelp Can do nothing because there is not an amazon account with my email address. That's because it's been changed. I sent the email to prove it,1580407,1580409.0
2614130,738998,Fri Nov 17 13:19:05 +0000 2017,"@AmazonHelp I ordered another item this same day, same order. The same carrier delivered on 11/10. I do not see either replacement orders in my recent orders. Nor do i have an email confirmation in my inbox. https://t.co/Ofw8HYaASh","2614129,2614131",2614132.0
913371,336913,Sat Oct 21 07:57:37 +0000 2017,"@AmazonHelp You keep failing to refund or refund full amount.
Crooks stealing customers money. How much do you make from keeping peoples £££",913370,
931605,118505,Sat Oct 28 11:57:56 +0000 2017,@AmazonHelp Your customer cade stats we would not be able to assist any further so do we need to file a case against this fraud company?,"931606,931604",931607.0
1894062,564623,Sun Nov 26 09:29:56 +0000 2017,@AmazonHelp I tried calling today. The call gets disconnected everytime saying no order details found. Have dropped an email though. I am such a big fan of @115850 but this is such a let down 😔😔,"1894064,1894065",1894061.0
1689740,513010,Tue Oct 17 18:18:10 +0000 2017,@AmazonHelp Associate told me that the item wasn't @ a distribution center near me &amp; that I should know that Prime applies to date item is shipped.,1689741,1689739.0
665654,278569,Fri Nov 03 09:56:23 +0000 2017,@AmazonHelp @115851 @118342 @173705 look at dis shameless company. Dey keep on sending same reply rather dan resolving d issue,,665651.0
1342610,177606,Fri Oct 27 19:33:07 +0000 2017,"@AmazonHelp thx. I'm presuming as well my daughter won't have that wig for the weekend festivities, right? Seems to have disappeared....",,1342609.0
1767485,146345,Tue Nov 07 22:37:54 +0000 2017,@AmazonHelp Sick of lying customer service agents,,1767480.0
218970,168212,Thu Oct 05 19:09:25 +0000 2017,@AmazonHelp Why do you have items listed for presell if you don't actually carry them? I would have ordered from Amazon US if I knew it wouldn't come in,218971,218968.0
121057,142943,Thu Nov 23 17:16:37 +0000 2017,@AmazonHelp Arriving 25 Nov - 30 Nov,121054,121058.0
1668322,508078,Wed Nov 08 21:21:35 +0000 2017,@AmazonHelp  https://t.co/D761E7rNii,1668323,1668321.0
343832,197813,Wed Nov 08 14:06:47 +0000 2017,"@AmazonHelp Please guys, you guys are postponing the delivery date and asking customer to wait, why Change the delivery daye on the first place","343838,343839",343829.0
1777966,534206,Tue Nov 07 23:01:29 +0000 2017,"@AmazonHelp hi is there a reason the site doesn't show images (only CCS style) in my Safari, Chrome and Firefox?",1777965,
1316545,427533,Fri Oct 27 13:40:11 +0000 2017,"@AmazonHelp @191679 m pongo en contacto por chat y m dicen que han tenido un problema con la distribucion. 2 meses que lo reserve, ahora cuanto hay que esperar?",1316546,1316544.0
1167732,394659,Tue Oct 24 18:39:37 +0000 2017,@AmazonHelp trying to place an order with amazon app. Not working. When I click “Buy Now” it flicks back to “Order Summary”. Any ideas?,1167731,
454635,222892,Thu Nov 30 23:15:55 +0000 2017,@AmazonHelp That’s why I tweeted at them and not Amazon.,,454634.0
2309164,669759,Mon Nov 13 06:02:38 +0000 2017,@AmazonHelp Main menu https://t.co/HT3uozyw7I,2309166,2309140.0
726584,294044,Thu Oct 12 13:00:53 +0000 2017,"@AmazonHelp @115851 if you guys can’t help, humbly say - you cant help directly period. #falseassurance #AmazonIndia #amazonprime #amazon",,726579.0
2770727,772883,Tue Nov 21 13:17:56 +0000 2017,@AmazonHelp kindly reopen my account,,2770726.0
1255409,414363,Tue Nov 21 16:53:26 +0000 2017,@AmazonHelp Ainda não mas mal posso esperar! Parabéns pelo serviço show ♥️,1255408,1255410.0
332770,195249,Sat Oct 07 19:34:07 +0000 2017,@AmazonHelp It's AMZL US for both orders. They took a photo and they left my packages at a house that isn't mine. What the heck 😑,332772,332768.0
1073732,371737,Tue Oct 24 16:37:28 +0000 2017,@AmazonHelp Today a representative came to pick up consignment and ran away without taking it back. Its disgusting ... it looks we are cheated ...,1073733,1073729.0
1673670,509283,Mon Nov 06 17:15:00 +0000 2017,"@AmazonHelp I have emailed you about and called you, zero resolution, jut cluelessness ""but it was supposed to be delivered""",,1673667.0
2725043,386939,Mon Nov 20 12:35:54 +0000 2017,"@AmazonHelp I was hoping for a simple yes or no, those pages are interminable!",,2725041.0
965041,326613,Sun Oct 15 12:12:49 +0000 2017,@AmazonHelp U r refusing to escalate it,965049,965040.0
111894,140848,Thu Nov 23 20:36:51 +0000 2017,@AmazonHelp You can see more about one-day delivery as offered when paying for Prime here: https://t.co/pkx98KPj9w,,111893.0
434430,218229,Tue Oct 10 16:08:16 +0000 2017,@AmazonHelp top tip - I don't think it is and I want my stuff as well as a refund on my prime membership,434429,
444264,220246,Sat Nov 18 04:52:55 +0000 2017,"@AmazonHelp @AmazonHelp bloody hell , got no response u know what just give me my refund that's it , want nothing else give the refund , blocked my money u cheaters, forget replacement just give refund",444263,444265.0
1669810,508379,Tue Oct 17 15:57:43 +0000 2017,@AmazonHelp @132988 Nous devions aller le chercher dans leur entrepôt à 12km. Votre service client a géré le problème en effectuant un nouvel envoi via @115817 2/2,1669811,1669808.0
2663574,750594,Tue Oct 31 07:14:01 +0000 2017,@AmazonHelp Ok noted,2663572,2663578.0
1261831,415585,Thu Oct 26 10:34:41 +0000 2017,@AmazonHelp Domani...,,1261830.0
235776,172156,Thu Oct 05 13:17:49 +0000 2017,@AmazonHelp wow thanks👍 https://t.co/hmaOkYO1s8,235774,
2485629,226779,Wed Nov 15 17:43:50 +0000 2017,@AmazonHelp Sir please let me know how to register my complain when account is without email Id..,2485630,2485628.0
1531233,475039,Fri Nov 03 20:59:37 +0000 2017,@AmazonHelp Two orders in one week,,1531232.0
1032747,364360,Mon Oct 23 05:31:32 +0000 2017,"@AmazonHelp It's okay I got it now, Just annoying how it keeps asking to verify that it's me",,1032746.0
1453788,457380,Thu Nov 02 15:09:53 +0000 2017,@AmazonHelp 2/2 Delivery for next day was late I’d endeavour to have it dropped first call. Not almost at the end of the next working day.,,1453787.0
423748,215881,Tue Oct 10 10:48:21 +0000 2017,@AmazonHelp Order has been cancelled automatically and executive giving different answers of queries asked,423746,423750.0
445502,220505,Wed Nov 22 10:36:59 +0000 2017,@AmazonHelp I called ur customer care . They suggested I drop a mail to __email__ which I have done. Process my replacement request asap,"445504,445505",445501.0
234159,171759,Thu Oct 05 13:10:17 +0000 2017,"@AmazonHelp Can you please tell me which one of the following is best option for vendors from Nepal ?
.com or .in",,234158.0
2438203,699168,Sun Oct 29 17:42:18 +0000 2017,@AmazonHelp Neither is appropriate for my #SecurityIssue. I believe you've sent a code to the wrong person. Where do I send my detailed query? @115830,,2438202.0
787919,307934,Thu Oct 12 10:27:39 +0000 2017,"@AmazonHelp (Amazon.de) Mein Paket steckt - statt ""Evening Express"" - seit fünf (!) Tagen im Lager von ""DHL Kurier"" fest. Was tun?","787918,787920",
229060,170630,Thu Oct 05 10:02:16 +0000 2017,@AmazonHelp Already filled,229061,229059.0
390033,208332,Mon Oct 09 15:50:47 +0000 2017,@AmazonHelp Called and talked to customer care he is saying to send the pics. But there is no option to attach a pic. Pls provide the required email id,"390034,390035",390032.0
173449,156603,Fri Nov 24 23:03:52 +0000 2017,@AmazonHelp hey. Can you help me please? I got a new Amazon Fire 7 today and need some help :),173446,
1263389,415886,Thu Oct 26 11:47:52 +0000 2017,@AmazonHelp My account got all wiped out 2 weeks ago. I lost everything on it,1263392,1263388.0
341433,197574,Tue Oct 24 07:33:39 +0000 2017,"@AmazonHelp Order- 408-0220088-5589958

Faulty unit shipped earlier and then post posting replacement request,pick up not happening since a week.","341431,341434,341435",341436.0
1734562,523802,Tue Nov 07 13:46:21 +0000 2017,@AmazonHelp What if it's Amazon logistics? I am hoping to have a weather protected spot that is not in the standard list,1734564,1734561.0
607252,264312,Wed Nov 22 15:33:25 +0000 2017,@AmazonHelp Du coup j'ai rien pu faire ! Sauf que c'est pour un anniversaire ! Ça serait cool de moi lit commander  (ou d'intégrer) l'article ! Merci,607254,607250.0
2453602,458016,Sun Oct 29 18:48:59 +0000 2017,"@AmazonHelp  order 114-1236224-5262618
Please re-deliver the 1st item as it missed the delivery.",2453601,
1248269,412871,Tue Oct 31 18:17:59 +0000 2017,@AmazonHelp UPS. It said it would get here between the 25th and 30th and now it says 30th - Nov 3,1248270,1248268.0
231936,171222,Tue Oct 03 07:31:25 +0000 2017,@AmazonHelp @171223 j'ai demandé un transfert de propriété de compte il y a 5 mois ! On me redemande pour la 5ème fois les mêmes infos pour ouvrir le dossier,231935,231937.0
445450,220495,Wed Nov 22 11:06:05 +0000 2017,@AmazonHelp That and this is what your support staff has said,445451,445449.0
539784,245188,Sat Dec 02 14:55:27 +0000 2017,Hey @AmazonHelp where the heck is my Beyoncé LP that I preordered back in June?,539782,
2154122,297513,Mon Nov 20 15:40:19 +0000 2017,@AmazonHelp Funktioniert auch die Aufladung über Bankkonto?,2154121,2154123.0
205966,164788,Mon Nov 06 12:14:02 +0000 2017,"@AmazonHelp .. to apply my gift card balance to the order, which I did as it seemed sensible, and without any warning the delivery date changed.",,205963.0
2570149,728917,Mon Oct 30 17:38:00 +0000 2017,@AmazonHelp Hum... en fait contrairement à votre suivi qui indique saint Ouen (loin de chez moi) le suivi UPS indique bien un relais dans la ville...,,2570148.0
1626638,498077,Sun Nov 05 18:57:18 +0000 2017,"@AmazonHelp Yes, it just happened from an order I received last week - I put in a notice via the website about ten minutes ago.",,1626637.0
546357,247046,Sat Dec 02 17:36:17 +0000 2017,"@AmazonHelp It was, but it was not 'handed' to me as stated. Just left at my door while I was out. Anyone could have had it.",546356,546358.0
2624493,707594,Mon Oct 30 21:03:56 +0000 2017,Gee @115821 @AmazonHelp thanks for the ant egg infested shipment. You gonna call pest control for me? @100778 https://t.co/Ci6tnU3kdr,"2624494,2624492",
1438214,118090,Thu Nov 02 10:51:18 +0000 2017,"@AmazonHelp 4 discussion w/ @115821 resulting in 2 odd emails, 1 (amzn logistics) all vague &amp; garbled &amp; 1 (amzn) saying it would be delivered on 11/1",,1438211.0
52195,127737,Thu Nov 02 13:42:59 +0000 2017,"@AmazonHelp Ok thanks, but people have already got it while it seems i wont get it",,52194.0
341586,119904,Sat Oct 28 05:49:23 +0000 2017,@AmazonHelp It's last time I request you about the product that I received was without complete contents in it. Will return the product if not helped,341585,341587.0
1268335,416968,Fri Oct 27 14:51:14 +0000 2017,"@AmazonHelp Não adianta mais, recebi os 2 pedidos, estou muito decepcionada. Agora tenho que ter o trabalho de ir até os correios devolver. Lamentável.",,1268333.0
1119116,119350,Tue Oct 24 17:28:09 +0000 2017,@384052 @AmazonHelp Be hosiyaari DM ke liye follow karana padta hai pehle,1119117,1119115.0
1661960,506852,Thu Oct 19 04:56:22 +0000 2017,"@AmazonHelp This particular issue now resolved, will advise later if it happens again today (different order)",,1661959.0
526139,241737,Sat Dec 02 06:45:51 +0000 2017,@AmazonHelp 返信ありがとうございます。はい、いまジャズが流れています。,526138,526140.0
746747,298511,Thu Oct 12 14:33:40 +0000 2017,@AmazonHelp received this https://t.co/TukD8XvbDP,,746744.0
581212,256946,Sun Dec 03 16:53:22 +0000 2017,@AmazonHelp Problème réglé par téléphone. Merci. En espérant que cela ne se reproduise pas. D'après le technicien que j'ai eu ce sont les comptes chez Free qui sont touchés. Vigilance. J'informe @27534 @27535,,581211.0
2620997,301054,Fri Nov 17 17:58:23 +0000 2017,@AmazonHelp The last 2 people are Indian and cannot understand my issue,,2620996.0
2290351,665316,Sun Nov 12 06:59:00 +0000 2017,@AmazonHelp Jo kasmein hamne prime member bante samay aur order book karte samay khaayin thin wo bhool gaye?,"2290352,2290350",2290353.0
35912,123814,Thu Nov 02 07:08:42 +0000 2017,"@AmazonHelp #AmazonIndia few more lies from #aramex . Incorrect address, time restricted, office,.. 

Is home not an office address. Stop lying https://t.co/dHO3eweRco",35913,35911.0
1423016,444217,Thu Nov 02 09:25:00 +0000 2017,"@115850 @AmazonHelp - Courier
Amazon Transportation Services

Tracking #
209119553074 https://t.co/BfXf1IxNZA","1423015,1423017",
280192,182778,Fri Oct 06 09:32:09 +0000 2017,@182777 @115850 @AmazonHelp @117176 What happened?,280191,280193.0
2136193,628417,Wed Nov 08 20:55:43 +0000 2017,Not happytoady stayed athome at day for the package from amazon to be told the tried to deliver poor customer service @115830 @AmazonHelp,2136192,
802373,311197,Thu Oct 12 21:16:10 +0000 2017,"@AmazonHelp All done, many times! Think we'll give up now!!",,802372.0
2171349,636866,Fri Nov 17 21:16:56 +0000 2017,@AmazonHelp Todo está correcto. https://t.co/BuAk1NKgX2,2171348,2171350.0
478488,131812,Fri Dec 01 12:57:42 +0000 2017,"@AmazonHelp I require a replacement, I am not looking for refund",478490,478487.0
1214466,203021,Thu Oct 26 15:21:22 +0000 2017,@AmazonHelp Yes. One of your chat people suggested so but your lack of answers are infuriating. The site only states a £4.75 refund.,1214467,1214465.0
2728925,765132,Mon Nov 20 14:42:43 +0000 2017,hey @AmazonHelp somehow I don't think my package will be arriving today as expected seeing as you haven't even shipped it yet. Its been a month now.,2728923,
361337,201568,Sun Oct 08 18:48:24 +0000 2017,@AmazonHelp Yes,361338,361336.0
381403,206450,Fri Oct 13 07:10:34 +0000 2017,@AmazonHelp Guys it's been 3 days and I've still not heard back from you guys I'm really glad you take customer care so seriously @115851,381405,381402.0
2387920,688076,Tue Nov 14 08:05:18 +0000 2017,@AmazonHelp Vendedor externo 🤦🏻,2387918,2387923.0
1652919,504622,Mon Nov 06 07:57:56 +0000 2017,@AmazonHelp i want delivery today as you gave me the date,,1652918.0
44521,125591,Wed Nov 01 16:30:06 +0000 2017,@AmazonHelp Whether Delivery Agent or someone else,,44520.0
287336,177530,Sun Oct 15 13:53:17 +0000 2017,"@AmazonHelp @4030 @118702 @115937 @4110 @4168 @119356 @115821 @131283 @144775 @2517 @115830 @115850 Dear Amazon,
Why are you scared of my review? :O
Stop this scam of selling faulty e-products.
#ScamAtAmazon
#Day57",287337,287335.0
2371337,684234,Tue Nov 14 01:12:55 +0000 2017,@AmazonHelp Ok I’ll call CS,2371338,2371336.0
2317393,317837,Mon Nov 13 07:57:53 +0000 2017,@115850 @AmazonHelp AWB237287734643 ordered an electric  kettle but has stopped working early. The return policy isn't responding. Customer service isnt solving the issue. Pls respond at the earliest.,2317391,
2013735,120916,Mon Oct 30 20:20:16 +0000 2017,"@AmazonHelp Die Sendungsverfolgung sagt immer noch, dass es heute zugestellt wird...",2013737,2013734.0
1104415,375992,Sun Oct 15 07:58:46 +0000 2017,@AmazonHelp your sms system has gone insane today? https://t.co/roTVV9cpba,1104413,
469456,226786,Fri Dec 01 08:04:16 +0000 2017,@AmazonHelp It's a debit card... There's no billing statement. https://t.co/nF5IWFqgYh,469458,469455.0
1267604,126446,Thu Oct 26 13:50:09 +0000 2017,@AmazonHelp I did. &amp; she wasn't bad it just felt like she was following a script.,,1267603.0
2622544,740916,Fri Nov 17 16:54:34 +0000 2017,@AmazonHelp Thanks for response. Sorted now. Appreciate the check up. Nice work,,2622543.0
965098,326613,Wed Oct 18 14:44:49 +0000 2017,@AmazonHelp I have given u my details thrice and u have received them too. YOU HAVE PROMISED ME YOU HAVE TO CALL.,,965096.0
2177990,638366,Thu Nov 09 14:35:25 +0000 2017,"@AmazonHelp Hi! My Echo Dot 2nd generation crashes all the time, mostly when changing the volume. Is there a way to fix this? Thanks!",2177987,
529042,242502,Sat Dec 02 09:00:28 +0000 2017,"@AmazonHelp I am trying to answer one feedback on book, but while posting the same I am getting error ""You must be in good standing in the Amazon community to post."" Does this mean I don't stand in good community standing? :)",529040,
2149531,631758,Thu Nov 09 00:32:20 +0000 2017,@AmazonHelp Sure do. As others have been.,2149530,2149532.0
2758987,772027,Tue Nov 21 04:12:43 +0000 2017,@AmazonHelp I was viewing and purchasing 1 episode at a time so I won't have any unwatched episodes in my library cause I haven't bought them yet. Correct? None of Season 6 is showing as available to view on Amazon. Only seasons 1-5. Last night season 6 was listed,2758989,2758985.0
2602312,736496,Fri Nov 17 08:14:45 +0000 2017,@AmazonHelp Not frustrated at all 😂 i looked up the return policy. Thank you.,2602311,2602313.0
1953419,579940,Thu Nov 16 15:45:58 +0000 2017,@AmazonHelp Thanks but I've now been waiting the best part off 2 days for an acceptable reply I've tried emailing live chat and now twitter and no one seems to be assisting me,1953421,1953418.0
1380475,356940,Sat Oct 28 16:33:57 +0000 2017,@AmazonHelp I am going to send you a DM. I need to send you two pictures and I can’t do that here.,,1380473.0
417804,214691,Sun Oct 29 04:43:32 +0000 2017,@115821 @119356 @AmazonHelp you are keep on asking me to check for replies but there is no reply since last 1 month https://t.co/1qANYZLuM0,,417803.0
333601,195477,Sun Oct 08 23:03:53 +0000 2017,@195476 @AmazonHelp U r right rathan this fake delivery commitments,,333597.0
553318,249040,Sat Dec 02 19:57:29 +0000 2017,@AmazonHelp how does an American send an Amazon gift card to a Canadian?,553317,
1196333,401091,Wed Oct 25 02:37:15 +0000 2017,@AmazonHelp it wont connect. I tried new batteries. Resetting the firestick nothing worked.,1196335,1196332.0
1048144,367727,Mon Oct 23 07:22:28 +0000 2017,@AmazonHelp Yes,1048145,1048143.0
1397887,445086,Sun Oct 29 19:51:44 +0000 2017,@AmazonHelp Thank You.,1397888,1397886.0
227042,158923,Thu Oct 05 07:18:45 +0000 2017,@AmazonHelp @115850 @120781 Please ensure when your pickup carrier coming today @115850 @115821,227040,227057.0
2670772,622945,Sun Nov 19 11:36:29 +0000 2017,"@115850 @AmazonHelp 
This is 4th tym I am getting different Quantity of product as per booking order and as per product delivered in last 2months.
Email Id: __email__ https://t.co/FVKbUqddaD","2670771,2670773",
283557,183548,Fri Oct 06 13:04:37 +0000 2017,@AmazonHelp It just says Amazon Shipping? It says that it’s out for delivery and had an email saying I will receive it today. Can I DM you the order #,283559,283556.0
821161,315596,Thu Oct 12 22:45:23 +0000 2017,"@AmazonHelp Order id #406-8702452-6908353, refund was issued on 4th oct. Cus reps giving me runarounds that i'll get today, tommorow.","821163,821164,821165",821159.0
2154185,632917,Mon Nov 20 15:15:41 +0000 2017,@AmazonHelp The courier guy was out for delivery yesterday has not reached my home yet.he must be roaming around world,,2154184.0
2291713,665573,Mon Nov 13 17:23:36 +0000 2017,"@AmazonHelp I have had over 25 exchanges with seller ""support"". Painful and slow! Told no for personal help and no to escalating. Can you help?",2291715,2291711.0
2634091,743698,Sun Nov 26 22:17:37 +0000 2017,@AmazonHelp Every order I’ve placed recently has had this issue whereas all orders in the past arrived next day.,,2634090.0
1320446,428316,Fri Oct 27 09:00:01 +0000 2017,@AmazonHelp why is the Kindle Oasis no longer available to Portugal addresses?,1320444,1320448.0
374167,204706,Mon Oct 09 03:09:00 +0000 2017,@AmazonHelp Anyways in future honestly I won't buy anything from @116090 nd will write a blog as well.,,374166.0
1379473,441143,Tue Oct 17 07:22:18 +0000 2017,@AmazonHelp Well that's been more than 12h now... https://t.co/FhEA3E6fZM,1379476,1379471.0
1239357,410704,Mon Nov 13 08:50:15 +0000 2017,@AmazonHelp damn it! Annoyed just trying to buy a DVD and it set up PRIME I don’t want this... cannot cancel it or even remove my bloody credit card details... please contact me to sort this out!,1239356,
1004535,357767,Sat Nov 25 17:23:46 +0000 2017,@AmazonHelp Non sur ordi il me demande le code en plus et je suis co. Mais la a chaque fois faut que je trouve un ordi :(,1004537,1004534.0
505043,235782,Fri Dec 01 22:07:08 +0000 2017,"@AmazonHelp obrigadaa, vcs sao demaiss!! abraço ❤❤",505044,505042.0
288205,184657,Wed Oct 11 09:53:40 +0000 2017,@AmazonHelp Remboursement»,,288204.0
2276128,662018,Sat Nov 11 17:10:42 +0000 2017,@AmazonHelp Keep getting a weird error message when I go to check out. Any idea how soon this will be resolved??,2276127,
1714305,479219,Tue Nov 07 02:52:52 +0000 2017,Thank you Ram ji (costumer care of Amazon) for helping me @115821 @AmazonHelp,1714304,
1488818,465802,Fri Nov 03 13:12:39 +0000 2017,"@AmazonHelp 
Yes , I received it from couple of days , but still new and wrapped too ✨",1488816,1488824.0
554655,249448,Sat Dec 02 20:08:43 +0000 2017,"@AmazonHelp email reply from Amazon says I get a refund, I go on the chat to get the refund and get denied. Great service Amazon!",554654,
2734292,766358,Mon Nov 20 19:27:10 +0000 2017,"@AmazonHelp i cancelled a order on the 6th of nov, the money had already been taken out but i cancelled the order before it was dispatched. the money still has not been refunded!!! what the hell its over 2 weeks now",2734290,
1014828,360110,Sun Oct 22 19:17:32 +0000 2017,@AmazonHelp Done from my end,1014829,1014827.0
927879,340152,Sat Oct 14 11:12:24 +0000 2017,@340151 @AmazonHelp twit,,927877.0
1014773,360103,Wed Oct 25 14:26:04 +0000 2017,@AmazonHelp Now u are stop doing anything as u don't reply,1014777,1014768.0
505841,236031,Sat Dec 02 03:24:14 +0000 2017,"@AmazonHelp tirei essa screenshot nesse minuto, e já estamos no dia 2, acho que nem a previsão de entrega da pra levar mais a sério, né. fora a ""primeira tentativa"" de entrega https://t.co/kzCTRLNlZq",505842,505840.0
2117734,444533,Wed Nov 08 14:56:35 +0000 2017,@AmazonHelp No. It says between now and tomorrow. Period. That’s not tracking.,2117735,2117733.0
765809,137605,Mon Nov 27 09:15:04 +0000 2017,"@150776 @AmazonHelp Hola! Danos el nº de envío y datos por DM, y te ayudamos. Gracias",,765808.0
1522577,473135,Sat Nov 04 16:23:32 +0000 2017,@AmazonHelp I had a reply and it was really reassuring and helpful. But i had another saying that theyve spoken to the carriers and it was delivered..,1522578,1522576.0
1673642,509279,Mon Nov 06 20:10:16 +0000 2017,"@AmazonHelp Mon colis as bien ete expédié, merci :)",1673644,1673641.0
350103,199292,Sun Oct 08 09:58:37 +0000 2017,@AmazonHelp Ur customer care representative promised me for paying back my Amazon pay balance into my account after the refund into Amazon wallet,,350099.0
1943835,282574,Wed Oct 18 15:28:14 +0000 2017,"@115850 @AmazonHelp @115851 @115850 @AmazonHelp #amazonprime 
And another email received as please REVISE PAYMENT - PAYMENT FAILED. https://t.co/uA71HOmSW4","1950104,1950105,1950106,1950107,1950108",1943833.0
934319,147125,Sat Oct 21 17:56:32 +0000 2017,@AmazonHelp Prime Video nur Selten,934320,934318.0
1443068,125703,Sun Nov 26 02:19:24 +0000 2017,"@AmazonHelp Downtown urban neighborhood, mixed housing types, obvious businesses vs residences, but yr drivers can't tell the diff. Homeless, tourists, residents mix on the streets, so not a place to leave things in the open. Drivers careless with pkgs, toss them from their vehicles.",1443071,1443066.0
226336,170030,Thu Oct 05 06:39:49 +0000 2017,@AmazonHelp Worst and pathetic service at all,,226335.0
808142,312564,Thu Oct 12 18:26:25 +0000 2017,@AmazonHelp I've ordered the same item in black twice and keep receiving the wrong color.,"808144,808145",808141.0
2371354,308059,Tue Nov 14 00:46:51 +0000 2017,@AmazonHelp I should not start a call joyous and it result with anger. NOT OK.,,2371352.0
2113674,623211,Wed Nov 08 16:53:14 +0000 2017,"@AmazonHelp please dont be sorry, its my fault! but thank you!!",,2113673.0
1503875,469057,Fri Nov 03 15:48:51 +0000 2017,@AmazonHelp @115821 @AmazonHelp this happened 3 times please look this otherwise it’s useless to become prime members,"1505447,1505448",1503874.0
246454,174534,Sat Oct 07 18:32:55 +0000 2017,"@AmazonHelp No update from your team, worst service",246455,246453.0
219014,168218,Thu Oct 05 19:36:03 +0000 2017,"@AmazonHelp I've tried both Chrome and Firefox, ensured I had no extensions running, and also tried Chrome Incognito mode. No avail.",219016,219013.0
248695,175067,Thu Oct 05 17:13:59 +0000 2017,@AmazonHelp Im updated all detils,248697,248694.0
35196,123665,Sat Nov 04 12:17:55 +0000 2017,"@AmazonHelp Bonjour, il faudrait aussi mettre le livre en ""Football"" plutôt que ""Hockey"". La première requête a été exhaussée mais pas celle-ci. Merci.",35198,35195.0
35902,123814,Wed Nov 01 14:00:43 +0000 2017,@AmazonHelp Replied... With details.. Lets see if you can help from birthday party being ruined,35904,35901.0
2767508,507269,Tue Nov 21 11:26:18 +0000 2017,@AmazonHelp Marketplace 4 items,2767510,2767507.0
2704971,272306,Sun Nov 19 23:09:01 +0000 2017,@AmazonHelp :'(,,2704970.0
423491,215815,Tue Oct 10 11:24:58 +0000 2017,"@AmazonHelp It has been resolved by Amazon Support team , thanks",423492,423489.0
697932,286512,Tue Oct 10 19:20:49 +0000 2017,@AmazonHelp It was meant to arrive on Saturday the 7th... which was when I needed the item... used prime aswell! Disappointing it's still not here,697934,697931.0
1603715,116095,Tue Oct 17 17:14:03 +0000 2017,@AmazonHelp It says there is but you also don’t have inventory. I also do not trust this item will be shipped properly.,,1603714.0
578447,150316,Sun Dec 03 12:08:38 +0000 2017,@AmazonHelp How soon?,578448,578446.0
1279830,366269,Thu Oct 26 18:40:03 +0000 2017,"@AmazonHelp If that was the case, I would've received my order.",1279831,1279829.0
2305305,644784,Sun Nov 12 21:06:37 +0000 2017,@AmazonHelp It was delivered to the wrong location for the second time. I had spoken with Customer Service so hopefully it’ll all work out this time.,2305304,2305306.0
442989,219990,Wed Nov 22 10:47:41 +0000 2017,@AmazonHelp 9929029996,"442990,442991",442988.0
1445467,455419,Thu Nov 02 16:00:29 +0000 2017,"@AmazonHelp They are not on the slide bar at the bottom of the app, but are on the list when you go into it.",1445470,1445466.0
2533215,720881,Mon Oct 30 12:39:09 +0000 2017,@AmazonHelp Obrigado.,,2533214.0
2610620,595795,Fri Nov 17 11:28:01 +0000 2017,@115830 Got in touch with customer services - they're refunding the difference! Thanks @115830 @AmazonHelp,2610619,2610621.0
407906,212238,Mon Oct 09 22:05:43 +0000 2017,@AmazonHelp tried to highlight issues with being told the wrong thing 3 times by 3 different cs representatives and got yet another 1/2,407905,
238145,172659,Thu Sep 14 16:29:52 +0000 2017,@AmazonHelp They are not showing up even though after activating the subtitle pop up option.,238144,238146.0
380762,206313,Mon Oct 09 11:07:59 +0000 2017,@AmazonHelp And I’ve contacted you twice.,,380761.0
343681,136727,Tue Nov 07 16:15:32 +0000 2017,@AmazonHelp Hors quand je l'ai expliqué au SAV on m'a dit qu'ils ne pouvaient rien y faire et on m'a souhaité 1 bonne journée.,,343678.0
1188590,399503,Wed Oct 25 06:07:11 +0000 2017,@115850 @AmazonHelp It’s working now. Thank you.,1188589,1188591.0
235125,171996,Thu Oct 05 14:19:21 +0000 2017,"@AmazonHelp Yeah, just checked by pretending to reorder, &amp; the date is there. My error!",,235124.0
282441,183288,Fri Oct 06 12:32:36 +0000 2017,@AmazonHelp Ok done.,,282440.0
2245424,654436,Sat Nov 25 14:54:36 +0000 2017,"@AmazonHelp möchte, dass ich meinen Artikel zurückschicke und neu bestelle anstatt mir die Differenz zwischen heutigem Preis und Preis vor drei Tage gutzuschreiben. Umwelt sagt Danke. 🙄",2245422,
761197,301876,Wed Oct 11 21:53:22 +0000 2017,@AmazonHelp A member of your chat team asked me to order a new book with express delivery and said I would be refunded but chat crashed before I (1),,761195.0
2418999,694991,Tue Nov 14 18:24:30 +0000 2017,"@AmazonHelp Next working day, but Amazon Prime says next day delivery. Wouldn't mind, but it SAID they had tried, and they HADN'T. I dislike lies.",2419001,2418998.0
2139348,629144,Thu Oct 19 13:01:08 +0000 2017,@AmazonHelp What a joke spoke to Rohini. Cut me off. No call back. How they call themselves managers of customer service. 😡😡😡😡,"2139349,2139350",2139346.0
1141909,388792,Tue Oct 24 16:07:21 +0000 2017,@AmazonHelp Probé todas las maneras encontré pero no me ayuda ni me sirve. Compré un altavoz en Amazon. Quería tener la info correcta para la reparación,1141911,1141908.0
22532,120920,Wed Nov 01 16:33:16 +0000 2017,@120919 @AmazonHelp Now be thankful you don't have an ISP like @116136 cause this is the same shit they pull.,"22533,22534",22530.0
1200803,402146,Mon Oct 16 04:52:30 +0000 2017,"@AmazonHelp やはり難しいようです。丁寧に回答していただき有難うございました…
大人しくカスタマーサービスからの回答待たせてもらいます。 https://t.co/oVNhQ7r1fb",1200804,1200802.0
639599,271712,Wed Nov 22 20:43:37 +0000 2017,"@AmazonHelp Thanks. Only the delivery part. I've been receiving text updates saying that it has been delivered or on it's way for 2 days now &amp; still waiting. Spoken to an Amazon rep. that has checked, made a note &amp; advised to call back if it has not been delivered for refund or replacement.",639601,639598.0
2301605,667966,Sun Nov 12 18:23:04 +0000 2017,@AmazonHelp o pedido foi realizado dia 17/08 (# 701-7736224-4553813),2301607,2301604.0
205759,164749,Fri Oct 13 04:43:31 +0000 2017,"@AmazonHelp The delivery guy calls me &amp; says he has one package. As soon as I talk to him, another guy calls n says the other package was delivered 1/3","205760,205761",205754.0
971041,294193,Thu Oct 26 10:32:19 +0000 2017,@AmazonHelp @115851 @115821 team been more than 3 days no update no conclusion in short no action from Amazon &amp; this is adding to the frustration,971042,971039.0
1414485,448413,Thu Nov 02 03:39:57 +0000 2017,@AmazonHelp What's the status of my order. I haven't recieved any updates on this.,1414486,1414484.0
2757403,771682,Tue Nov 21 03:03:55 +0000 2017,"@AmazonHelp They say that payment hasn't reflected yet, and there is no such transaction.",2757402,2757404.0
1954755,580243,Sun Oct 29 19:22:31 +0000 2017,@AmazonHelp can a CSR DM me please. I have a question. Thank you.,1954753,
1749497,527298,Tue Nov 07 17:32:39 +0000 2017,@AmazonHelp I have requested a return however when do I know when they are coming to collect it?,1749495,
476162,228185,Fri Dec 01 10:44:44 +0000 2017,@AmazonHelp is next day delivery at the weekend no longer a thing for prime? Very confused as to why all the prime items say they'll be delivered by Monday😪,476161,
384162,185376,Mon Oct 09 13:24:59 +0000 2017,@AmazonHelp ???,,384161.0
927864,340148,Sat Oct 14 00:10:32 +0000 2017,"@AmazonHelp It's sequels, it's part 3 and 4, part 1 came out in 1988","927866,927867",927863.0
2356735,680826,Mon Nov 13 19:57:32 +0000 2017,@AmazonHelp Awwwwwh fooey https://t.co/YHpSj4V00j,,2356734.0
1663538,507069,Mon Nov 06 10:58:23 +0000 2017,@AmazonHelp Are the gift cards redeemable against Prime? Thanks for your help @AmazonHelp,1663540,1663537.0
752941,299955,Wed Oct 11 14:30:33 +0000 2017,@AmazonHelp Hola! Era vendido y enviado por ustedes. Al parecer asaltaron el transporte de DHL,752940,752942.0
2626996,742001,Sat Nov 04 01:05:37 +0000 2017,"@AmazonHelp Thanks Amazon.@AmazonHelp , three delays in a row. My package gots delayed again😑",,2626995.0
147218,149445,Fri Nov 24 14:32:13 +0000 2017,"@AmazonHelp Veni, nos casemos. 😘",147217,147219.0
448222,221186,Fri Dec 01 05:00:03 +0000 2017,@AmazonHelp Leider noch keine Rückmeldung,448223,448221.0
2434962,171648,Sun Nov 19 20:02:36 +0000 2017,@AmazonHelp They reply me they can't open my account. How bitch they are.,2434964,2434961.0
322920,192922,Thu Oct 12 10:44:58 +0000 2017,"@AmazonHelp I need the link, where without creating an account I can post my complaints.","322921,322922",322919.0
2330927,158479,Fri Oct 20 11:01:40 +0000 2017,@AmazonHelp I did. And your support is telling me in order to get Twitch Prime I have to subscribe to Amazon Prime. Which is the opposite of what I want,"2330928,2330929",2330926.0
2317077,671804,Thu Oct 19 23:07:06 +0000 2017,@AmazonHelp I was given the 20th of October in my confirmation but I’ve not received anything,,2317076.0
77410,133250,Thu Nov 30 16:43:28 +0000 2017,"@AmazonHelp Now i realllised amazon is only want there profit,
They dont compensat to customer,
They shout on tv , apni dukan bhaiya apni dukan,
But if a problem happen in there end they don't give proper solution , now i know this after 2 days of calling and chatting with customer support",77412,77407.0
848122,127582,Fri Oct 20 14:54:19 +0000 2017,Just had a rather bad phone call with @115821 @AmazonHelp apparently my account has been hacked and I have to wait 24 hours until I get an email. 1/2,"848120,848125",
71895,130666,Thu Nov 30 16:43:00 +0000 2017,"@AmazonHelp Dear team amazon, i am not getting any response by ur customer support about reconcern of my issue #emptybox #refund. Please reply revert a proper solution and take action against your seller &amp; delivery team as box was empty as i opened the amazon mi seal. https://t.co/lOXQyJbNJe",71896,71893.0
1339576,432458,Fri Oct 27 15:22:19 +0000 2017,@AmazonHelp Ordered item at the start of Sept.Told I would get it mid Oct.Still not arrived. Contacted seller 4 times. No joy in the one reply.,1339574,1339581.0
67571,131427,Wed Nov 29 20:58:45 +0000 2017,@AmazonHelp This is what I was told at 1pm today: https://t.co/gj8pn89KA1,67570,67572.0
1544074,478303,Tue Oct 17 13:47:23 +0000 2017,@AmazonHelp Would like to but I need to fill out some orders for my store. I doubt the response will be different. If you want to call me I will listen.,,1544072.0
1304656,424870,Fri Oct 27 01:50:24 +0000 2017,@AmazonHelp Really not happy that my brand new Blu-Ray arrived with a cracked and broken keep case. https://t.co/Vf54NB4fT8,1304654,
173489,156616,Fri Nov 24 23:11:12 +0000 2017,@AmazonHelp Amazon Logistics,173491,173488.0
280639,182856,Fri Oct 06 11:37:21 +0000 2017,@AmazonHelp Sure. just connect with your team. Tq,280640,280637.0
1267676,416508,Mon Oct 16 06:26:51 +0000 2017,@AmazonHelp I dont need to contact anyone now. I wanted this today and day is gone. You guys are unprofessional @115850,1267677,1266293.0
313847,190939,Sat Oct 07 06:11:04 +0000 2017,@AmazonHelp Lies lies lies - why lie to people? Do you think we are stupid?,313850,313846.0
184878,159474,Wed Nov 15 05:44:05 +0000 2017,"@159475 @AmazonHelp Nope. And then because my computer is a slow-ass piece of junk, it took FIFTEEN FULL MINUTES to restart. *sigh* That's 15 minutes of me cussing it out and getting crankier because phone is plugged in on my nightstand and tablet doesn't hold a charge for more than about 3 days.",,184877.0
